Id,Text,Length,IsActive,CanBeTarget,CreatedAt,Frequency,FrequencyRank,Source
85849629-1939-5f7f-80b8-43b907c339ab,ABAŞO,5,true,false,2026-08-02T00:00:00Z,,,Zemberek master-dictionary + FrequencyWords tr_50k
374a11cb-613c-56a9-a071-42e5cb59704b,ABDAL,5,true,false,2026-08-02T00:00:00Z,,,Zemberek master-dictionary + FrequencyWords tr_50k
f6fed52e-7570-5c83-aa47-00492bce8608,ABECE,5,true,false,2026-08-02T00:00:00Z,,,Zemberek master-dictionary + FrequencyWords tr_50k
39e35227-d7be-52cd-b764-954c454ec243,ABLAK,5,true,false,2026-08-02T00:00:00Z,,,Zemberek master-dictionary + FrequencyWords tr_50k
3e4434c5-a674-54ef-bdfc-e78f96a9071f,ABONE,5,true,false,2026-08-02T00:00:00Z,213,49607,Zemberek master-dictionary + FrequencyWords tr_50k
962310c6-28b7-55e7-8686-50154d90183c,ABOSA,5,true,false,2026-08-02T00:00:00Z,,,Zemberek master-dictionary + FrequencyWords tr_50k
e4602497-fdea-5859-8e29-256524be8715,ABRAŞ,5,true,false,2026-08-02T00:00:00Z,,,Zemberek master-dictionary + FrequencyWords tr_50k
41c333a4-a15e-51c3-9fb7-3f2d843022be,ABULİ,5,true,false,2026-08-02T00:00:00Z,,,Zemberek master-dictionary + FrequencyWords tr_50k
86493f01-aed3-5ef5-bddb-e4b745bf229b,ABİDE,5,true,false,2026-08-02T00:00:00Z,,,Zemberek master-dictionary + FrequencyWords tr_50k
538cf4cf-00dd-539c-8131-3b5dd50ae62f,ABİYE,5,true,false,2026-08-02T00:00:00Z,,,Zemberek master-dictionary + FrequencyWords tr_50k
12a8853b-e87a-538c-a40f-64a6c68ca8c7,ACABA,5,true,true,2026-08-02T00:00:00Z,38352,547,Zemberek master-dictionary + FrequencyWords tr_50k
37b5c34c-561b-582d-814a-c4e6f556a7cc,ACELE,5,true,true,2026-08-02T00:00:00Z,37501,569,Zemberek master-dictionary + FrequencyWords tr_50k
ec2fa5e2-d17a-5e37-aa2c-8118e69d7178,ACEMİ,5,true,true,2026-08-02T00:00:00Z,1935,8873,Zemberek master-dictionary + FrequencyWords tr_50k
1db4e60e-526a-51e6-9757-157f6b8de025,ACEZE,5,true,false,2026-08-02T00:00:00Z,,,Zemberek master-dictionary + FrequencyWords tr_50k
4efd6600-b07c-5164-9ca4-af4db07a7ebb,ACUBE,5,true,false,2026-08-02T00:00:00Z,,,Zemberek master-dictionary + FrequencyWords tr_50k
2cc8202c-de16-5120-b1c9-6e5428d235b1,ACUZE,5,true,false,2026-08-02T00:00:00Z,,,Zemberek master-dictionary + FrequencyWords tr_50k
de9d4597-3e48-5c4f-b561-23e0bac10cc0,ACİBE,5,true,false,2026-08-02T00:00:00Z,,,Zemberek master-dictionary + FrequencyWords tr_50k
92c0ce4c-75de-5797-80b9-d0f0634ee66d,ADALE,5,true,false,2026-08-02T00:00:00Z,,,Zemberek master-dictionary + FrequencyWords tr_50k
f9da2a72-9c3a-5445-a7e4-c4ecbd30355f,ADAMI,5,true,false,2026-08-02T00:00:00Z,51341,406,Zemberek master-dictionary + FrequencyWords tr_50k
baafc562-4fce-5a3e-be7f-62986aca3e21,ADESE,5,true,false,2026-08-02T00:00:00Z,,,Zemberek master-dictionary + FrequencyWords tr_50k
1db2bd91-6e32-5060-b6b8-defe6af8a7e2,ADINA,5,true,true,2026-08-02T00:00:00Z,24154,853,Zemberek master-dictionary + FrequencyWords tr_50k
6d462738-e5b1-5584-9274-e881f73a9257,ADRES,5,true,true,2026-08-02T00:00:00Z,4272,4443,Zemberek master-dictionary + FrequencyWords tr_50k
7b8edc71-01fc-5eb5-9212-cf2afa6b8ef2,AFAKİ,5,true,false,2026-08-02T00:00:00Z,,,Zemberek master-dictionary + FrequencyWords tr_50k
c99d8f25-d993-5997-ba88-9eaf7bbf2b3b,AFAZİ,5,true,false,2026-08-02T00:00:00Z,,,Zemberek master-dictionary + FrequencyWords tr_50k
f2ff5044-0afa-5ecd-b159-7d2bb600f78f,AFONİ,5,true,false,2026-08-02T00:00:00Z,,,Zemberek master-dictionary + FrequencyWords tr_50k
b3e16b3d-5ce4-5bc4-a14d-6c3732322f52,AFSUN,5,true,false,2026-08-02T00:00:00Z,,,Zemberek master-dictionary + FrequencyWords tr_50k
d5d40934-3144-57bb-95f5-e2da8dad12a0,AFTOS,5,true,false,2026-08-02T00:00:00Z,,,Zemberek master-dictionary + FrequencyWords tr_50k
fb43ab1f-1973-5723-b5d8-1a962a5178c3,AFYON,5,true,true,2026-08-02T00:00:00Z,780,18784,Zemberek master-dictionary + FrequencyWords tr_50k
d07060ac-4e44-500a-a8a0-78900201aabd,AFİFE,5,true,false,2026-08-02T00:00:00Z,,,Zemberek master-dictionary + FrequencyWords tr_50k
34648019-59ef-52cc-be2f-aebd893dd7d6,AFİŞE,5,true,false,2026-08-02T00:00:00Z,,,Zemberek master-dictionary + FrequencyWords tr_50k
7ea41061-e1ba-5dc9-8a28-7002a9c6916a,AFŞAR,5,true,false,2026-08-02T00:00:00Z,,,Zemberek master-dictionary + FrequencyWords tr_50k
589996c0-6bb1-5876-8dc1-78568ade9b7b,AGAMİ,5,true,false,2026-08-02T00:00:00Z,,,Zemberek master-dictionary + FrequencyWords tr_50k
efad46b3-7d79-5603-b6fd-1adde79ed146,AGORA,5,true,false,2026-08-02T00:00:00Z,,,Zemberek master-dictionary + FrequencyWords tr_50k
36c3e655-69fd-5000-a03b-30a19b7c7d99,AGRAF,5,true,false,2026-08-02T00:00:00Z,,,Zemberek master-dictionary + FrequencyWords tr_50k
8f255f11-a476-5ee8-94cf-e4833b888dac,AHALİ,5,true,true,2026-08-02T00:00:00Z,299,38885,Zemberek master-dictionary + FrequencyWords tr_50k
73220b31-e13b-5580-a8bc-5cbfc3697f17,AHBAP,5,true,false,2026-08-02T00:00:00Z,17980,1109,Zemberek master-dictionary + FrequencyWords tr_50k
d05955ad-9c27-517e-a6c2-2ada028f8d66,AHCAR,5,true,false,2026-08-02T00:00:00Z,,,Zemberek master-dictionary + FrequencyWords tr_50k
3a340dde-35e8-570b-81fb-2cd63fb2029b,AHENK,5,true,false,2026-08-02T00:00:00Z,263,42770,Zemberek master-dictionary + FrequencyWords tr_50k
ad929cc1-d891-5af4-be14-2dd331a6a7df,AHFAT,5,true,false,2026-08-02T00:00:00Z,,,Zemberek master-dictionary + FrequencyWords tr_50k
08116ca9-4a29-5f6c-9e76-9d020885fb4a,AHLAF,5,true,false,2026-08-02T00:00:00Z,,,Zemberek master-dictionary + FrequencyWords tr_50k
74399df8-6365-5655-bcfd-eb132f7e65d4,AHLAK,5,true,true,2026-08-02T00:00:00Z,2038,8484,Zemberek master-dictionary + FrequencyWords tr_50k
50e9d2ee-0bdc-5e5c-b0a7-719a955da003,AHLAT,5,true,false,2026-08-02T00:00:00Z,,,Zemberek master-dictionary + FrequencyWords tr_50k
af55556a-6441-5819-82ee-c11679b1c907,AHMAK,5,true,false,2026-08-02T00:00:00Z,4622,4133,Zemberek master-dictionary + FrequencyWords tr_50k
e3ea48a2-45da-58a6-9eac-3f32e0b1f742,AHRAZ,5,true,false,2026-08-02T00:00:00Z,,,Zemberek master-dictionary + FrequencyWords tr_50k
bf8517a7-6bff-537f-b29d-97b0f8521c09,AHVAL,5,true,false,2026-08-02T00:00:00Z,,,Zemberek master-dictionary + FrequencyWords tr_50k
3b237f89-7f78-5a59-a796-294e6d5b26c1,AHİZE,5,true,false,2026-08-02T00:00:00Z,,,Zemberek master-dictionary + FrequencyWords tr_50k
59c25a2d-75f3-521d-9321-e7e45f2b8e3b,AHŞAP,5,true,true,2026-08-02T00:00:00Z,1068,14565,Zemberek master-dictionary + FrequencyWords tr_50k
c87d4912-9256-5db9-a888-14e6faedd39e,AJANS,5,true,true,2026-08-02T00:00:00Z,638,21986,Zemberek master-dictionary + FrequencyWords tr_50k
6cff5ae1-71e7-5a6f-9062-e96b6372c35e,AJİTE,5,true,false,2026-08-02T00:00:00Z,,,Zemberek master-dictionary + FrequencyWords tr_50k
691f10b7-855c-528c-adb1-62d48b0fbfe7,AKABE,5,true,false,2026-08-02T00:00:00Z,,,Zemberek master-dictionary + FrequencyWords tr_50k
0e962ba4-bb3a-583f-aabb-2e50eebf8f25,AKAJU,5,true,false,2026-08-02T00:00:00Z,,,Zemberek master-dictionary + FrequencyWords tr_50k
ada66798-c3ed-5d7b-8a05-32844023228d,AKALA,5,true,false,2026-08-02T00:00:00Z,,,Zemberek master-dictionary + FrequencyWords tr_50k
f74e79f0-8827-588b-bf6c-058ca8d84149,AKAİT,5,true,false,2026-08-02T00:00:00Z,,,Zemberek master-dictionary + FrequencyWords tr_50k
00fe647a-e1de-5396-8b5a-4e123266ecba,AKBAŞ,5,true,false,2026-08-02T00:00:00Z,,,Zemberek master-dictionary + FrequencyWords tr_50k
66e63448-56f3-55a2-b9f0-2b5d6bdfbcf5,AKDUT,5,true,false,2026-08-02T00:00:00Z,,,Zemberek master-dictionary + FrequencyWords tr_50k
958116e9-18f1-55a1-b0ce-afa7a8dae43f,AKEMİ,5,true,false,2026-08-02T00:00:00Z,,,Zemberek master-dictionary + FrequencyWords tr_50k
12368962-6e7c-57cf-a72f-598a82d795ac,AKKOR,5,true,false,2026-08-02T00:00:00Z,,,Zemberek master-dictionary + FrequencyWords tr_50k
025a5f86-85ae-5a44-9162-e6b0759ab86b,AKKUŞ,5,true,false,2026-08-02T00:00:00Z,,,Zemberek master-dictionary + FrequencyWords tr_50k
d9e574d4-b1f9-5da1-9b83-cd126c1d6a90,AKLAN,5,true,false,2026-08-02T00:00:00Z,,,Zemberek master-dictionary + FrequencyWords tr_50k
57b5f250-2210-56a5-82f1-4debad75fb8b,AKLEN,5,true,false,2026-08-02T00:00:00Z,,,Zemberek master-dictionary + FrequencyWords tr_50k
fcdf8a42-4bde-554a-a6ef-e084e89ea108,AKMAK,5,true,false,2026-08-02T00:00:00Z,,,Zemberek master-dictionary + FrequencyWords tr_50k
7d8bc9af-9325-5453-8ae6-185194033e3c,AKMAN,5,true,false,2026-08-02T00:00:00Z,,,Zemberek master-dictionary + FrequencyWords tr_50k
cf20de56-f7f4-5e78-957d-175b4ce94037,AKMAZ,5,true,false,2026-08-02T00:00:00Z,,,Zemberek master-dictionary + FrequencyWords tr_50k
3d479d28-79a6-516d-ad8c-8c2761eb9514,AKONT,5,true,false,2026-08-02T00:00:00Z,,,Zemberek master-dictionary + FrequencyWords tr_50k
ab24cc5d-0f31-5f30-81f7-372727179283,AKORT,5,true,false,2026-08-02T00:00:00Z,269,42077,Zemberek master-dictionary + FrequencyWords tr_50k
5c96c08c-4c01-5c87-b93f-ef76e48cf622,AKPAS,5,true,false,2026-08-02T00:00:00Z,,,Zemberek master-dictionary + FrequencyWords tr_50k
5ad344fb-d23f-5aac-968d-66e7f90b2bce,AKRAN,5,true,false,2026-08-02T00:00:00Z,,,Zemberek master-dictionary + FrequencyWords tr_50k
fbdef481-c6b8-5846-a6a1-5a6eaabe77f5,AKREP,5,true,true,2026-08-02T00:00:00Z,867,17212,Zemberek master-dictionary + FrequencyWords tr_50k
c3b8a534-1862-52e5-a722-163c4a219594,AKSAK,5,true,false,2026-08-02T00:00:00Z,,,Zemberek master-dictionary + FrequencyWords tr_50k
1073494b-82a4-5c51-8cd9-adb3c725d435,AKSAM,5,true,true,2026-08-02T00:00:00Z,641,21899,Zemberek master-dictionary + FrequencyWords tr_50k
6121fb6d-268f-5461-a532-9266e00a67e8,AKSAN,5,true,true,2026-08-02T00:00:00Z,361,33804,Zemberek master-dictionary + FrequencyWords tr_50k
a20aa3f6-c094-5765-b3af-74f4bca90311,AKSON,5,true,false,2026-08-02T00:00:00Z,,,Zemberek master-dictionary + FrequencyWords tr_50k
3f2c4e82-b765-5b01-aab1-a30f1412bc4b,AKTAR,5,true,true,2026-08-02T00:00:00Z,317,37231,Zemberek master-dictionary + FrequencyWords tr_50k
59e01523-1b2d-53a4-9472-69d5b3442143,AKTÖR,5,true,true,2026-08-02T00:00:00Z,2537,7041,Zemberek master-dictionary + FrequencyWords tr_50k
81d44a34-5be5-58cd-81c2-a485fd4c76a1,AKTİF,5,true,true,2026-08-02T00:00:00Z,4266,4448,Zemberek master-dictionary + FrequencyWords tr_50k
0b96a811-c902-5eac-86cd-aa4edd2d5400,AKVAM,5,true,false,2026-08-02T00:00:00Z,,,Zemberek master-dictionary + FrequencyWords tr_50k
d07975ef-5bb6-55e5-a010-9df2457ccc86,AKÇIL,5,true,false,2026-08-02T00:00:00Z,,,Zemberek master-dictionary + FrequencyWords tr_50k
23c5a788-1ca5-5b1e-a034-2e68fa4ee13e,AKİDE,5,true,false,2026-08-02T00:00:00Z,,,Zemberek master-dictionary + FrequencyWords tr_50k
5b92fff4-1b37-5ff6-873b-cbf10eef5b80,AKŞAM,5,true,true,2026-08-02T00:00:00Z,62818,338,Zemberek master-dictionary + FrequencyWords tr_50k
85911638-5113-563d-9a5c-14d5fa36048f,AKŞIN,5,true,false,2026-08-02T00:00:00Z,,,Zemberek master-dictionary + FrequencyWords tr_50k
36ffc3c4-955d-5185-8c4a-639c3ac7ca06,ALACA,5,true,false,2026-08-02T00:00:00Z,,,Zemberek master-dictionary + FrequencyWords tr_50k
cfcbe0a6-5ed3-5184-a694-c807964f0625,ALAKA,5,true,true,2026-08-02T00:00:00Z,624,22375,Zemberek master-dictionary + FrequencyWords tr_50k
d5012558-eba1-5ebf-8e05-768bb7cebf0c,ALARM,5,true,true,2026-08-02T00:00:00Z,5858,3314,Zemberek master-dictionary + FrequencyWords tr_50k
4fce5d5e-67d1-59b1-8c8b-8e8983c27944,ALAZA,5,true,false,2026-08-02T00:00:00Z,,,Zemberek master-dictionary + FrequencyWords tr_50k
af01db23-a654-5634-b598-3729b256d6b9,ALBAY,5,true,true,2026-08-02T00:00:00Z,15062,1329,Zemberek master-dictionary + FrequencyWords tr_50k
9c854046-f347-5a17-84b0-d1d741af3fc2,ALBÜM,5,true,true,2026-08-02T00:00:00Z,1678,10028,Zemberek master-dictionary + FrequencyWords tr_50k
d97a6d9e-3338-5ef7-a3dd-d5c32c0f25c5,ALEYH,5,true,false,2026-08-02T00:00:00Z,,,Zemberek master-dictionary + FrequencyWords tr_50k
3073a0f4-4d68-5ce9-a5fe-9ac52aed6d90,ALGIN,5,true,false,2026-08-02T00:00:00Z,,,Zemberek master-dictionary + FrequencyWords tr_50k
6f1fe614-e857-5087-849a-ac3e486fe472,ALICI,5,true,true,2026-08-02T00:00:00Z,3109,5883,Zemberek master-dictionary + FrequencyWords tr_50k
7609b994-3834-52ca-9e2c-c96a7cb73d16,ALKAN,5,true,false,2026-08-02T00:00:00Z,,,Zemberek master-dictionary + FrequencyWords tr_50k
5df18421-1a8a-5698-bef5-a7a80225a4b1,ALKIM,5,true,false,2026-08-02T00:00:00Z,,,Zemberek master-dictionary + FrequencyWords tr_50k
f6d725f5-b74d-5f5e-9057-ac5be33db84a,ALKIŞ,5,true,true,2026-08-02T00:00:00Z,1765,9603,Zemberek master-dictionary + FrequencyWords tr_50k
ee17ddc9-d6e4-5c7e-b684-e7b786e44ae1,ALKOL,5,true,true,2026-08-02T00:00:00Z,6081,3219,Zemberek master-dictionary + FrequencyWords tr_50k
1e4d93f2-09ac-504e-b7e7-bd41b432d087,ALKİL,5,true,false,2026-08-02T00:00:00Z,,,Zemberek master-dictionary + FrequencyWords tr_50k
cea04114-2a0d-52e1-8099-49e8bd35913e,ALLAK,5,true,true,2026-08-02T00:00:00Z,551,24552,Zemberek master-dictionary + FrequencyWords tr_50k
dc214e4d-a286-55a7-aea5-c3b22414bc84,ALLEM,5,true,false,2026-08-02T00:00:00Z,,,Zemberek master-dictionary + FrequencyWords tr_50k
ff20ecfc-65d4-5813-9ad2-cd88c29b8603,ALLIK,5,true,false,2026-08-02T00:00:00Z,,,Zemberek master-dictionary + FrequencyWords tr_50k
7f228b73-a5a6-5fbd-b6cd-860779df92bd,ALMAK,5,true,false,2026-08-02T00:00:00Z,49028,435,Zemberek master-dictionary + FrequencyWords tr_50k
2e1be960-8513-5a29-8d09-6f60493c104a,ALMAÇ,5,true,false,2026-08-02T00:00:00Z,,,Zemberek master-dictionary + FrequencyWords tr_50k
85f9c2f3-efa8-5cc7-b0f3-5aceb6156377,ALMAŞ,5,true,false,2026-08-02T00:00:00Z,,,Zemberek master-dictionary + FrequencyWords tr_50k
2fdbe016-64c1-5982-873a-faa3d9169c84,ALNAÇ,5,true,false,2026-08-02T00:00:00Z,,,Zemberek master-dictionary + FrequencyWords tr_50k
d6a0e2b4-9368-59b9-9004-3e7120ab5d6c,ALTES,5,true,false,2026-08-02T00:00:00Z,,,Zemberek master-dictionary + FrequencyWords tr_50k
f232e0c8-cb98-5939-8506-94f5ff702036,ALTIK,5,true,false,2026-08-02T00:00:00Z,,,Zemberek master-dictionary + FrequencyWords tr_50k
c2f3b851-0582-554d-9059-cc69d1f84cf3,ALTIN,5,true,true,2026-08-02T00:00:00Z,17637,1137,Zemberek master-dictionary + FrequencyWords tr_50k
5d1aa959-c2a9-5720-92c4-cc1f28619219,ALTIZ,5,true,false,2026-08-02T00:00:00Z,,,Zemberek master-dictionary + FrequencyWords tr_50k
abd1ee7f-839e-583c-8f37-1fcb703df626,ALYAN,5,true,false,2026-08-02T00:00:00Z,,,Zemberek master-dictionary + FrequencyWords tr_50k
dc4f2793-20ea-5750-9a86-6b247e9f1e2d,ALYON,5,true,false,2026-08-02T00:00:00Z,,,Zemberek master-dictionary + FrequencyWords tr_50k
9795e604-46e6-5c90-bbcf-4594bdef45d4,ALÇAK,5,true,true,2026-08-02T00:00:00Z,4759,4019,Zemberek master-dictionary + FrequencyWords tr_50k
f035e65e-c75e-5074-867b-52076b3ee009,ALİZE,5,true,false,2026-08-02T00:00:00Z,,,Zemberek master-dictionary + FrequencyWords tr_50k
f76735dc-c969-5bed-b12c-ad73e49c8ee3,AMADE,5,true,false,2026-08-02T00:00:00Z,,,Zemberek master-dictionary + FrequencyWords tr_50k
ea1a9424-3b52-55ff-b60e-a433b095ad26,AMBAR,5,true,true,2026-08-02T00:00:00Z,504,26317,Zemberek master-dictionary + FrequencyWords tr_50k
5fb46cae-f9f3-584f-872e-ab93e724c485,AMBER,5,true,true,2026-08-02T00:00:00Z,3003,6064,Zemberek master-dictionary + FrequencyWords tr_50k
2091f5e7-8084-5a23-b9e6-637f6864f33d,AMELE,5,true,false,2026-08-02T00:00:00Z,,,Zemberek master-dictionary + FrequencyWords tr_50k
9254d906-b73a-58f9-b259-b5fd49373d20,AMFOR,5,true,false,2026-08-02T00:00:00Z,,,Zemberek master-dictionary + FrequencyWords tr_50k
86694101-6b27-5313-8615-bf6c7e5639af,AMORF,5,true,false,2026-08-02T00:00:00Z,,,Zemberek master-dictionary + FrequencyWords tr_50k
04ce26ce-5c75-593c-ab73-698bc94ab391,AMPER,5,true,false,2026-08-02T00:00:00Z,,,Zemberek master-dictionary + FrequencyWords tr_50k
148caf0a-4d2b-5a87-9bfb-bf91f4b33e5f,AMPUL,5,true,true,2026-08-02T00:00:00Z,781,18777,Zemberek master-dictionary + FrequencyWords tr_50k
a0165a8e-34e2-57bf-8e83-115395da881b,AMPİR,5,true,false,2026-08-02T00:00:00Z,,,Zemberek master-dictionary + FrequencyWords tr_50k
543cb883-7088-5319-aaa6-a79349ed9da0,AMUDİ,5,true,false,2026-08-02T00:00:00Z,,,Zemberek master-dictionary + FrequencyWords tr_50k
ea542434-3b10-55b5-a3b9-f11ad8772e6b,AMİGO,5,true,true,2026-08-02T00:00:00Z,2145,8148,Zemberek master-dictionary + FrequencyWords tr_50k
94f2ca1c-6489-513f-855a-f7dfdc992cf2,ANANE,5,true,false,2026-08-02T00:00:00Z,,,Zemberek master-dictionary + FrequencyWords tr_50k
7870781f-e064-5fab-b1df-1271f86ebdc7,ANCAK,5,true,false,2026-08-02T00:00:00Z,50724,414,Zemberek master-dictionary + FrequencyWords tr_50k
90a1687f-eee0-5797-9e61-2474108fa162,ANDAÇ,5,true,false,2026-08-02T00:00:00Z,,,Zemberek master-dictionary + FrequencyWords tr_50k
d4ee95ed-48ed-5fc2-aa08-438fcdf961cf,ANDIK,5,true,false,2026-08-02T00:00:00Z,,,Zemberek master-dictionary + FrequencyWords tr_50k
1978da45-bfd5-53d2-991c-86a5d72c586d,ANDIZ,5,true,false,2026-08-02T00:00:00Z,,,Zemberek master-dictionary + FrequencyWords tr_50k
056e5a36-2d7e-5373-a8a6-125c6b585be6,ANDIÇ,5,true,false,2026-08-02T00:00:00Z,,,Zemberek master-dictionary + FrequencyWords tr_50k
7c4c1846-255a-5f52-a11d-fb996e747bcd,ANELE,5,true,false,2026-08-02T00:00:00Z,,,Zemberek master-dictionary + FrequencyWords tr_50k
4bbdf5c2-3ec8-5276-a662-49348dcfb8f6,ANEMİ,5,true,false,2026-08-02T00:00:00Z,,,Zemberek master-dictionary + FrequencyWords tr_50k
bed1f705-0745-5e10-a769-c3ffe3b9dbed,ANGIN,5,true,false,2026-08-02T00:00:00Z,,,Zemberek master-dictionary + FrequencyWords tr_50k
233a3777-6488-5ef2-a1f5-0382287783ff,ANGIÇ,5,true,false,2026-08-02T00:00:00Z,,,Zemberek master-dictionary + FrequencyWords tr_50k
8b2a113d-84af-5ae2-b001-120f42881208,ANGUT,5,true,false,2026-08-02T00:00:00Z,266,42330,Zemberek master-dictionary + FrequencyWords tr_50k
e0403adc-c9cd-5210-ba85-3d9cf1ddf673,ANJİN,5,true,false,2026-08-02T00:00:00Z,,,Zemberek master-dictionary + FrequencyWords tr_50k
8341b236-cc20-5447-8026-29ca741a221e,ANKET,5,true,true,2026-08-02T00:00:00Z,487,26991,Zemberek master-dictionary + FrequencyWords tr_50k
39bf7dc1-6de8-5f06-9efd-619e26e5e9e5,ANLAK,5,true,false,2026-08-02T00:00:00Z,,,Zemberek master-dictionary + FrequencyWords tr_50k
c933eb75-259e-5f6b-bfba-7d002b4e6ecf,ANLAM,5,true,true,2026-08-02T00:00:00Z,4957,3871,Zemberek master-dictionary + FrequencyWords tr_50k
20bd95a6-2e1d-53c2-8d2c-0157352c0178,ANLIK,5,true,true,2026-08-02T00:00:00Z,1673,10055,Zemberek master-dictionary + FrequencyWords tr_50k
011775e6-c74d-55cd-8b63-9449f603cf8a,ANMAK,5,true,false,2026-08-02T00:00:00Z,297,39021,Zemberek master-dictionary + FrequencyWords tr_50k
1cb89d18-7ac2-5016-9ad2-3dade1883bf3,ANONS,5,true,true,2026-08-02T00:00:00Z,870,17166,Zemberek master-dictionary + FrequencyWords tr_50k
189fce35-fcd3-5afd-8946-209325bb58b7,ANTEN,5,true,true,2026-08-02T00:00:00Z,404,31152,Zemberek master-dictionary + FrequencyWords tr_50k
c5181a11-af3d-5b0c-adee-a7c10890e476,ANTET,5,true,false,2026-08-02T00:00:00Z,,,Zemberek master-dictionary + FrequencyWords tr_50k
512c7688-0a10-5191-b10a-d07dd2b40dc2,ANTRE,5,true,false,2026-08-02T00:00:00Z,,,Zemberek master-dictionary + FrequencyWords tr_50k
fdea488e-dab4-525c-b460-ffead67f733c,ANTİK,5,true,true,2026-08-02T00:00:00Z,2894,6248,Zemberek master-dictionary + FrequencyWords tr_50k
e7401938-e77f-5b5d-b884-dfa85dc78930,ANYON,5,true,false,2026-08-02T00:00:00Z,,,Zemberek master-dictionary + FrequencyWords tr_50k
b488f91f-8644-5203-b8f8-12c766164f99,ANÜRİ,5,true,false,2026-08-02T00:00:00Z,,,Zemberek master-dictionary + FrequencyWords tr_50k
ede7cf96-502c-5bcd-a200-6f1384ccc285,ANİME,5,true,false,2026-08-02T00:00:00Z,,,Zemberek master-dictionary + FrequencyWords tr_50k
c5facb58-1969-5d72-99ba-079d92dcf827,APACI,5,true,false,2026-08-02T00:00:00Z,,,Zemberek master-dictionary + FrequencyWords tr_50k
dd3930e7-2c69-5ca0-bf61-ce1c06e8a679,APLİK,5,true,false,2026-08-02T00:00:00Z,,,Zemberek master-dictionary + FrequencyWords tr_50k
372392b5-1680-5b85-a224-13b7910cc1c4,APORT,5,true,false,2026-08-02T00:00:00Z,,,Zemberek master-dictionary + FrequencyWords tr_50k
7587e63f-ff51-5f37-97ad-2c4dfb19958f,APOTR,5,true,false,2026-08-02T00:00:00Z,,,Zemberek master-dictionary + FrequencyWords tr_50k
6a2cf923-4224-5852-a94c-9b82cf37c384,APOŞİ,5,true,false,2026-08-02T00:00:00Z,,,Zemberek master-dictionary + FrequencyWords tr_50k
cf778c31-33e3-5585-b7a1-edd7c858e1d2,APRİL,5,true,true,2026-08-02T00:00:00Z,3436,5350,Zemberek master-dictionary + FrequencyWords tr_50k
2ec5cb67-04c6-50fc-a892-512e776e9a39,APSİS,5,true,false,2026-08-02T00:00:00Z,,,Zemberek master-dictionary + FrequencyWords tr_50k
8a5cf3ae-3429-545c-b1ea-df794ef95e5b,APTAL,5,true,false,2026-08-02T00:00:00Z,58194,364,Zemberek master-dictionary + FrequencyWords tr_50k
611cbf42-b0ec-50c7-9226-6540714830de,APİKO,5,true,false,2026-08-02T00:00:00Z,,,Zemberek master-dictionary + FrequencyWords tr_50k
32a4979d-5b16-52b0-a1fc-bc22e4cbe2d6,ARABA,5,true,true,2026-08-02T00:00:00Z,43243,490,Zemberek master-dictionary + FrequencyWords tr_50k
d8b76b55-5383-504e-a861-9f6f2ff9705c,ARACI,5,true,true,2026-08-02T00:00:00Z,5677,3427,Zemberek master-dictionary + FrequencyWords tr_50k
c5a3aabb-ee98-5500-ab92-e94b3b14b8f1,ARAKA,5,true,false,2026-08-02T00:00:00Z,,,Zemberek master-dictionary + FrequencyWords tr_50k
2dd405a6-b538-5b38-93a5-1da45d202c4c,ARAZİ,5,true,true,2026-08-02T00:00:00Z,3127,5848,Zemberek master-dictionary + FrequencyWords tr_50k
5b53c1e0-bf34-59ba-900f-3018959958f6,ARDAK,5,true,false,2026-08-02T00:00:00Z,,,Zemberek master-dictionary + FrequencyWords tr_50k
3a48308b-0080-5a76-a76c-53a7147e6d1d,ARDIL,5,true,false,2026-08-02T00:00:00Z,,,Zemberek master-dictionary + FrequencyWords tr_50k
65b3828c-ecbc-55a7-a5fe-7d327d61d49e,ARDIÇ,5,true,false,2026-08-02T00:00:00Z,,,Zemberek master-dictionary + FrequencyWords tr_50k
c2090f41-5364-581c-8989-aa47ef8df34e,AREFE,5,true,false,2026-08-02T00:00:00Z,,,Zemberek master-dictionary + FrequencyWords tr_50k
c0df8e1a-c1eb-53c2-86d0-a1844ce2025b,ARENA,5,true,true,2026-08-02T00:00:00Z,348,34748,Zemberek master-dictionary + FrequencyWords tr_50k
ee7126f6-72b9-507e-8d64-02f3a09aac3e,ARGAÇ,5,true,false,2026-08-02T00:00:00Z,,,Zemberek master-dictionary + FrequencyWords tr_50k
7dcb1322-c66d-53b2-9dfb-153c9089e0c6,ARGIN,5,true,false,2026-08-02T00:00:00Z,,,Zemberek master-dictionary + FrequencyWords tr_50k
7596d51f-1804-5868-ba93-a33d705a43c4,ARGIT,5,true,false,2026-08-02T00:00:00Z,,,Zemberek master-dictionary + FrequencyWords tr_50k
8a3203bc-af93-5c7f-82df-7e5da61f400c,ARGON,5,true,false,2026-08-02T00:00:00Z,,,Zemberek master-dictionary + FrequencyWords tr_50k
5d16eba2-2a48-5663-9cf8-003a2c472a39,ARIZA,5,true,true,2026-08-02T00:00:00Z,1468,11211,Zemberek master-dictionary + FrequencyWords tr_50k
2f810474-90d8-56aa-a5d2-63a3617b7c5c,ARIZİ,5,true,false,2026-08-02T00:00:00Z,,,Zemberek master-dictionary + FrequencyWords tr_50k
6d9905d0-79ee-52cb-82fc-ee0b9ed328a7,ARKAÇ,5,true,false,2026-08-02T00:00:00Z,,,Zemberek master-dictionary + FrequencyWords tr_50k
c4f9f361-053a-5b76-bb93-eb5a372854bc,ARKIT,5,true,false,2026-08-02T00:00:00Z,,,Zemberek master-dictionary + FrequencyWords tr_50k
52e44e26-3fa9-5e1f-9318-ec11c471bd5b,ARKOZ,5,true,false,2026-08-02T00:00:00Z,,,Zemberek master-dictionary + FrequencyWords tr_50k
dbf43fb7-8349-5785-b226-6f9e7f14f03b,ARMUT,5,true,true,2026-08-02T00:00:00Z,807,18300,Zemberek master-dictionary + FrequencyWords tr_50k
cb4694bd-1da7-5e2e-bd6a-43c60853e005,ARMUZ,5,true,false,2026-08-02T00:00:00Z,,,Zemberek master-dictionary + FrequencyWords tr_50k
bbbb691e-e849-527c-a8f4-8972350f528e,AROMA,5,true,false,2026-08-02T00:00:00Z,,,Zemberek master-dictionary + FrequencyWords tr_50k
e6c1b274-4c25-5d90-bc46-a646b38bd7e6,ARPEJ,5,true,false,2026-08-02T00:00:00Z,,,Zemberek master-dictionary + FrequencyWords tr_50k
1e120168-719b-5f1c-b419-0c5ac1220132,ARSIZ,5,true,true,2026-08-02T00:00:00Z,728,19828,Zemberek master-dictionary + FrequencyWords tr_50k
ac2b1f8b-35fd-51b7-a418-b9c5e173ef63,ARTER,5,true,false,2026-08-02T00:00:00Z,,,Zemberek master-dictionary + FrequencyWords tr_50k
cf9da952-5065-5a2a-81d7-276e6dfdd0d7,ARTIK,5,true,false,2026-08-02T00:00:00Z,273009,68,Zemberek master-dictionary + FrequencyWords tr_50k
65ab95d0-2cee-55d1-9824-ee73b7e41bc3,ARTIM,5,true,false,2026-08-02T00:00:00Z,,,Zemberek master-dictionary + FrequencyWords tr_50k
5fa6e51c-f220-52b3-9ba0-a7fc36131579,ARTIN,5,true,false,2026-08-02T00:00:00Z,,,Zemberek master-dictionary + FrequencyWords tr_50k
8fde420a-2587-57d3-9154-0c60cc81b4b0,ARTÇI,5,true,false,2026-08-02T00:00:00Z,,,Zemberek master-dictionary + FrequencyWords tr_50k
506e596f-ef8c-57a7-b61d-a1868fa8188e,ARİFE,5,true,false,2026-08-02T00:00:00Z,,,Zemberek master-dictionary + FrequencyWords tr_50k
d6c76c13-2865-5955-9139-d8debf0079f0,ARİYA,5,true,false,2026-08-02T00:00:00Z,,,Zemberek master-dictionary + FrequencyWords tr_50k
4efdc756-9e15-513e-8529-dcb47b4d43cf,ARİZA,5,true,false,2026-08-02T00:00:00Z,,,Zemberek master-dictionary + FrequencyWords tr_50k
4f6350f4-161c-53fb-b16f-085dbfc10bf2,ARŞIN,5,true,false,2026-08-02T00:00:00Z,,,Zemberek master-dictionary + FrequencyWords tr_50k
edb15217-91e1-54c5-ae4e-54d468e0c441,ARŞİV,5,true,true,2026-08-02T00:00:00Z,506,26223,Zemberek master-dictionary + FrequencyWords tr_50k
c74443cb-688c-5f20-86dd-f7567ab96a7f,ASABİ,5,true,true,2026-08-02T00:00:00Z,607,22838,Zemberek master-dictionary + FrequencyWords tr_50k
ceb1ea23-1acd-5ce3-91c9-908e6b2005b8,ASHAP,5,true,false,2026-08-02T00:00:00Z,,,Zemberek master-dictionary + FrequencyWords tr_50k
17ffd040-1dbe-5e3c-967d-ae3bcbb24bec,ASKER,5,true,true,2026-08-02T00:00:00Z,13703,1459,Zemberek master-dictionary + FrequencyWords tr_50k
13c33601-43fc-5976-a44a-baa52a003bc5,ASLAN,5,true,true,2026-08-02T00:00:00Z,3568,5182,Zemberek master-dictionary + FrequencyWords tr_50k
0460bc54-8531-577f-9bc7-1860cb281948,ASLEN,5,true,true,2026-08-02T00:00:00Z,568,24016,Zemberek master-dictionary + FrequencyWords tr_50k
53d72a9c-4fd1-5207-990d-ea15f2823ba0,ASMAK,5,true,false,2026-08-02T00:00:00Z,841,17650,Zemberek master-dictionary + FrequencyWords tr_50k
2c9da39e-3c4a-5be2-93b4-595f5d8fdc66,ASPUR,5,true,false,2026-08-02T00:00:00Z,,,Zemberek master-dictionary + FrequencyWords tr_50k
4c7669d0-33a7-5a4f-a5e3-db0fce7ee7a4,ASTAR,5,true,false,2026-08-02T00:00:00Z,,,Zemberek master-dictionary + FrequencyWords tr_50k
07e67c3d-7313-5d57-8b1a-0b4af5946ccf,ASTAT,5,true,false,2026-08-02T00:00:00Z,,,Zemberek master-dictionary + FrequencyWords tr_50k
2b5ffb2c-695f-5e9c-9b0b-0074302e9de7,ASTIM,5,true,true,2026-08-02T00:00:00Z,1008,15240,Zemberek master-dictionary + FrequencyWords tr_50k
a87abe00-eab9-5b43-befa-8c4851ada2b7,ASTİK,5,true,false,2026-08-02T00:00:00Z,,,Zemberek master-dictionary + FrequencyWords tr_50k
f1c4ceb2-4b59-5cec-bea1-fdc7d57734ab,ASUDE,5,true,false,2026-08-02T00:00:00Z,,,Zemberek master-dictionary + FrequencyWords tr_50k
a84cf073-a80e-527c-9327-abff57135236,ASYÖN,5,true,false,2026-08-02T00:00:00Z,,,Zemberek master-dictionary + FrequencyWords tr_50k
e83dc63b-e3bc-5d66-87a3-f596a85df320,ASİDE,5,true,false,2026-08-02T00:00:00Z,,,Zemberek master-dictionary + FrequencyWords tr_50k
03c8f10d-03e0-5fa9-81b9-35055c321886,ASİST,5,true,false,2026-08-02T00:00:00Z,,,Zemberek master-dictionary + FrequencyWords tr_50k
773c6873-282b-54c0-8e0b-ed9bbcd35106,ATARİ,5,true,false,2026-08-02T00:00:00Z,264,42599,Zemberek master-dictionary + FrequencyWords tr_50k
944db7de-a153-5884-a0cf-b3e6b495d88f,ATAŞE,5,true,false,2026-08-02T00:00:00Z,,,Zemberek master-dictionary + FrequencyWords tr_50k
55a7762b-d6d6-5338-97d5-906a21caa470,ATFEN,5,true,false,2026-08-02T00:00:00Z,,,Zemberek master-dictionary + FrequencyWords tr_50k
40c0c9d4-be77-5a2c-8051-7ef9cad0aabb,ATLAS,5,true,true,2026-08-02T00:00:00Z,446,28907,Zemberek master-dictionary + FrequencyWords tr_50k
49245ca9-84d9-5658-a5e9-3ac033858aa7,ATLET,5,true,true,2026-08-02T00:00:00Z,545,24770,Zemberek master-dictionary + FrequencyWords tr_50k
e05bcf79-f934-5c2a-8d12-458035ebab20,ATMAK,5,true,false,2026-08-02T00:00:00Z,8107,2421,Zemberek master-dictionary + FrequencyWords tr_50k
b8e2cc18-7a1f-5a05-b482-eb18f1450821,ATMIK,5,true,false,2026-08-02T00:00:00Z,,,Zemberek master-dictionary + FrequencyWords tr_50k
bbd6c8ec-ebb8-537d-9f20-9a2af344808d,ATTAR,5,true,false,2026-08-02T00:00:00Z,,,Zemberek master-dictionary + FrequencyWords tr_50k
f66957ff-5e78-5823-9499-29ff0cbc42b1,AVANE,5,true,false,2026-08-02T00:00:00Z,,,Zemberek master-dictionary + FrequencyWords tr_50k
93b34aa5-3688-5817-a5ac-8bf110a2bb84,AVANS,5,true,true,2026-08-02T00:00:00Z,1067,14581,Zemberek master-dictionary + FrequencyWords tr_50k
b03e5877-2bb1-5905-9929-048ed0547a68,AVARA,5,true,false,2026-08-02T00:00:00Z,,,Zemberek master-dictionary + FrequencyWords tr_50k
d9dfffd2-d5d4-5196-9a29-c9427c7a8bb2,AVARE,5,true,true,2026-08-02T00:00:00Z,363,33666,Zemberek master-dictionary + FrequencyWords tr_50k
2881f999-b1fe-5a75-8f1b-364a5ad6646b,AVDET,5,true,false,2026-08-02T00:00:00Z,,,Zemberek master-dictionary + FrequencyWords tr_50k
e8e3b043-dab0-5905-b2c4-3ab6a754a320,AVGIN,5,true,false,2026-08-02T00:00:00Z,,,Zemberek master-dictionary + FrequencyWords tr_50k
6ae89fce-b304-51f3-aa2e-8cf55e2de170,AVLAK,5,true,false,2026-08-02T00:00:00Z,,,Zemberek master-dictionary + FrequencyWords tr_50k
02c32f7d-cdaf-56d5-b69b-c74cdcc916e0,AVRAT,5,true,false,2026-08-02T00:00:00Z,,,Zemberek master-dictionary + FrequencyWords tr_50k
241f32c1-d316-5f78-ad99-f8305d804ec6,AVRET,5,true,false,2026-08-02T00:00:00Z,,,Zemberek master-dictionary + FrequencyWords tr_50k
bb9e45cd-07c4-54e4-97e9-e49486d8236b,AVUNÇ,5,true,false,2026-08-02T00:00:00Z,,,Zemberek master-dictionary + FrequencyWords tr_50k
cef716a4-0863-527e-9052-651acfd95730,AVURT,5,true,false,2026-08-02T00:00:00Z,,,Zemberek master-dictionary + FrequencyWords tr_50k
654368c4-92dc-53f9-bd5c-9350a2e9825f,AVİZE,5,true,false,2026-08-02T00:00:00Z,,,Zemberek master-dictionary + FrequencyWords tr_50k
bff83e61-4363-5b92-9d1d-e4e9dfeed73f,AVŞAR,5,true,false,2026-08-02T00:00:00Z,,,Zemberek master-dictionary + FrequencyWords tr_50k
cf743372-2737-5313-8a25-4490e6c74240,AYDIN,5,true,true,2026-08-02T00:00:00Z,482,27209,Zemberek master-dictionary + FrequencyWords tr_50k
c30b5ddb-3fcc-5622-aa9a-e296d2e4f25d,AYEVİ,5,true,false,2026-08-02T00:00:00Z,,,Zemberek master-dictionary + FrequencyWords tr_50k
637e37fe-7ea6-5af0-9001-b2466d2b1b15,AYGIR,5,true,true,2026-08-02T00:00:00Z,504,26316,Zemberek master-dictionary + FrequencyWords tr_50k
1cf27e73-576d-5141-b9da-d7cee75aff8b,AYGIT,5,true,true,2026-08-02T00:00:00Z,427,29903,Zemberek master-dictionary + FrequencyWords tr_50k
c33be4ff-7532-5551-820c-dcd62914ea61,AYIRT,5,true,true,2026-08-02T00:00:00Z,2057,8413,Zemberek master-dictionary + FrequencyWords tr_50k
69f5328b-4108-54f2-b634-4497c9bc60e1,AYLAK,5,true,true,2026-08-02T00:00:00Z,1166,13541,Zemberek master-dictionary + FrequencyWords tr_50k
c58c241d-fc57-502f-a43c-a3bdf70527c7,AYLIK,5,true,true,2026-08-02T00:00:00Z,5505,3528,Zemberek master-dictionary + FrequencyWords tr_50k
c1da5f43-a57d-5c7c-9725-b7c40aca7fad,AYMAK,5,true,false,2026-08-02T00:00:00Z,,,Zemberek master-dictionary + FrequencyWords tr_50k
f3ac711c-f780-5e9e-ba93-07546b85f4ef,AYMAZ,5,true,false,2026-08-02T00:00:00Z,,,Zemberek master-dictionary + FrequencyWords tr_50k
bc3a140c-d5ce-53dc-8521-dcf5adc44c4f,AYNAZ,5,true,false,2026-08-02T00:00:00Z,,,Zemberek master-dictionary + FrequencyWords tr_50k
4c0c5d58-d5c3-5aae-accd-eef4ced3152d,AYNEN,5,true,true,2026-08-02T00:00:00Z,35633,591,Zemberek master-dictionary + FrequencyWords tr_50k
e58095ba-ba61-54a3-9c06-deb8be1f927f,AYRAN,5,true,false,2026-08-02T00:00:00Z,,,Zemberek master-dictionary + FrequencyWords tr_50k
42b68c4d-cc32-5ccb-85bc-d183c70a802d,AYRAÇ,5,true,false,2026-08-02T00:00:00Z,,,Zemberek master-dictionary + FrequencyWords tr_50k
b7cd7c2f-5aec-562b-99b6-67394bdca3de,AYRIK,5,true,false,2026-08-02T00:00:00Z,240,45573,Zemberek master-dictionary + FrequencyWords tr_50k
53d94249-c1a2-5bc2-b2c7-a0a3dc63f6ed,AYRIM,5,true,true,2026-08-02T00:00:00Z,416,30511,Zemberek master-dictionary + FrequencyWords tr_50k
add9f353-5094-59bd-bcdb-4c27fc600f46,AYRIT,5,true,false,2026-08-02T00:00:00Z,,,Zemberek master-dictionary + FrequencyWords tr_50k
dce77776-0e31-53ec-8831-51d8e8d1628e,AYRIÇ,5,true,false,2026-08-02T00:00:00Z,,,Zemberek master-dictionary + FrequencyWords tr_50k
5cc54820-1f76-52c4-90ac-9442eb47c7cb,AYSAR,5,true,false,2026-08-02T00:00:00Z,,,Zemberek master-dictionary + FrequencyWords tr_50k
deb6887e-65b7-54ff-83e8-720b5caf0690,AYVAN,5,true,false,2026-08-02T00:00:00Z,,,Zemberek master-dictionary + FrequencyWords tr_50k
de53455d-d6c8-533b-bef0-dd11e5997556,AYVAZ,5,true,false,2026-08-02T00:00:00Z,,,Zemberek master-dictionary + FrequencyWords tr_50k
fab4a6a0-5d3c-5dd0-a4e2-be8d8f59fd1c,AYYAR,5,true,false,2026-08-02T00:00:00Z,,,Zemberek master-dictionary + FrequencyWords tr_50k
753af65f-ce5f-5676-b51f-d0c7ff5bc3b2,AYYAŞ,5,true,true,2026-08-02T00:00:00Z,1296,12449,Zemberek master-dictionary + FrequencyWords tr_50k
9b3219c6-1b52-5abd-9c46-897502c596b4,AYYUK,5,true,false,2026-08-02T00:00:00Z,,,Zemberek master-dictionary + FrequencyWords tr_50k
6560fe0d-2c8f-5ae2-9ad2-1545f13c82eb,AZADE,5,true,false,2026-08-02T00:00:00Z,,,Zemberek master-dictionary + FrequencyWords tr_50k
fb6a7169-e776-52f0-a809-45fe0536cb95,AZAMİ,5,true,true,2026-08-02T00:00:00Z,358,34058,Zemberek master-dictionary + FrequencyWords tr_50k
3e521790-b52e-58aa-8e00-fd0cbc12d255,AZGIN,5,true,true,2026-08-02T00:00:00Z,1864,9129,Zemberek master-dictionary + FrequencyWords tr_50k
8e09e944-627e-5c7c-ba0a-fe13d9115ab1,AZMAK,5,true,false,2026-08-02T00:00:00Z,,,Zemberek master-dictionary + FrequencyWords tr_50k
aef5c182-2b79-530c-8500-72487a5956e0,AZMAN,5,true,false,2026-08-02T00:00:00Z,,,Zemberek master-dictionary + FrequencyWords tr_50k
a179bf45-591a-530e-b63a-157ac9c624fd,AZNİF,5,true,false,2026-08-02T00:00:00Z,,,Zemberek master-dictionary + FrequencyWords tr_50k
31ec469a-6983-5f26-91a4-f301b2e95c63,AZOİK,5,true,false,2026-08-02T00:00:00Z,,,Zemberek master-dictionary + FrequencyWords tr_50k
0b5d5649-53e6-59bb-a1dc-17adeb6e5a13,AZVAY,5,true,false,2026-08-02T00:00:00Z,,,Zemberek master-dictionary + FrequencyWords tr_50k
7336306a-1299-5ee5-ac11-1400da12f656,AZİZE,5,true,true,2026-08-02T00:00:00Z,582,23570,Zemberek master-dictionary + FrequencyWords tr_50k
dbb9a45b-03e0-5013-9235-bea30c019798,AÇGÖZ,5,true,false,2026-08-02T00:00:00Z,,,Zemberek master-dictionary + FrequencyWords tr_50k
2d35a47c-064b-575a-bf18-0397a5713c40,AÇLIK,5,true,true,2026-08-02T00:00:00Z,1862,9140,Zemberek master-dictionary + FrequencyWords tr_50k
44b2e95f-a4b4-5a2d-8ab4-5a807d1a012f,AÇMAK,5,true,false,2026-08-02T00:00:00Z,5823,3332,Zemberek master-dictionary + FrequencyWords tr_50k
0a475319-c834-5ad4-b45b-9b63b454fe06,AÇMAZ,5,true,true,2026-08-02T00:00:00Z,478,27366,Zemberek master-dictionary + FrequencyWords tr_50k
ed5fbeb5-83a5-564c-8204-ea4faac2a536,AĞLAK,5,true,false,2026-08-02T00:00:00Z,,,Zemberek master-dictionary + FrequencyWords tr_50k
62f6ecf2-fca3-5d9a-9b2e-41d168f3d46a,AĞMAK,5,true,false,2026-08-02T00:00:00Z,,,Zemberek master-dictionary + FrequencyWords tr_50k
825bab63-d5d2-5473-bdbe-410ff9fe26da,AĞNAM,5,true,false,2026-08-02T00:00:00Z,,,Zemberek master-dictionary + FrequencyWords tr_50k
edf4a63d-1482-5b94-bb8c-04425ca78b9c,AĞRAZ,5,true,false,2026-08-02T00:00:00Z,,,Zemberek master-dictionary + FrequencyWords tr_50k
003ededc-2615-562a-8233-b4a5d80e6280,AĞYAR,5,true,false,2026-08-02T00:00:00Z,,,Zemberek master-dictionary + FrequencyWords tr_50k
bdb5a27a-a8cc-5c73-b476-d8988ddd9b47,AİDAT,5,true,false,2026-08-02T00:00:00Z,,,Zemberek master-dictionary + FrequencyWords tr_50k
edfbab8e-858e-5548-b68f-c730d8734618,AŞAMA,5,true,true,2026-08-02T00:00:00Z,1803,9413,Zemberek master-dictionary + FrequencyWords tr_50k
f6e1a953-c078-5b53-88f1-334842531c8b,AŞAĞI,5,true,false,2026-08-02T00:00:00Z,29354,703,Zemberek master-dictionary + FrequencyWords tr_50k
b3903e73-62ad-55d7-ad59-8c65c98164c5,AŞEVİ,5,true,false,2026-08-02T00:00:00Z,,,Zemberek master-dictionary + FrequencyWords tr_50k
30b01431-3f95-54c5-b8d4-7a2bf3b8a1d7,AŞIRI,5,true,true,2026-08-02T00:00:00Z,17002,1171,Zemberek master-dictionary + FrequencyWords tr_50k
b03b866a-6732-5644-bbd5-509780922f14,AŞKIN,5,true,false,2026-08-02T00:00:00Z,6602,2959,Zemberek master-dictionary + FrequencyWords tr_50k
1be08cb5-a0c3-5dc0-8d64-8a285c999485,AŞMAK,5,true,false,2026-08-02T00:00:00Z,821,18015,Zemberek master-dictionary + FrequencyWords tr_50k
899d7805-4c90-54d2-bdf9-234d1b5692ee,AŞURE,5,true,false,2026-08-02T00:00:00Z,,,Zemberek master-dictionary + FrequencyWords tr_50k
4858ea20-a4ef-5d43-8ea2-ecb6fb5777cb,AŞİNA,5,true,true,2026-08-02T00:00:00Z,867,17210,Zemberek master-dictionary + FrequencyWords tr_50k
da7696d0-48f3-5891-b702-e653ab90b377,BABAÇ,5,true,false,2026-08-02T00:00:00Z,,,Zemberek master-dictionary + FrequencyWords tr_50k
9dff56e3-21e1-5ba3-b121-314268d50c40,BACAK,5,true,true,2026-08-02T00:00:00Z,2673,6733,Zemberek master-dictionary + FrequencyWords tr_50k
da55d8c7-6495-5dae-bfc7-3180016fb300,BADAL,5,true,false,2026-08-02T00:00:00Z,,,Zemberek master-dictionary + FrequencyWords tr_50k
2083af3c-159c-5739-bba8-c24ec1037036,BADAS,5,true,false,2026-08-02T00:00:00Z,,,Zemberek master-dictionary + FrequencyWords tr_50k
95e74032-6fe0-5d71-a252-a8487f268639,BADAT,5,true,false,2026-08-02T00:00:00Z,,,Zemberek master-dictionary + FrequencyWords tr_50k
869cdddf-f278-50c6-951c-d7fe4a0cae0f,BADEM,5,true,true,2026-08-02T00:00:00Z,521,25638,Zemberek master-dictionary + FrequencyWords tr_50k
fd39f931-0fbd-595b-a13f-061c1bf7af4d,BADIÇ,5,true,false,2026-08-02T00:00:00Z,,,Zemberek master-dictionary + FrequencyWords tr_50k
75be2260-74ca-5216-8d92-58dccff6f76e,BADYA,5,true,false,2026-08-02T00:00:00Z,,,Zemberek master-dictionary + FrequencyWords tr_50k
2d2b216a-4da3-58bb-8cff-95d1aebf1430,BADİK,5,true,false,2026-08-02T00:00:00Z,,,Zemberek master-dictionary + FrequencyWords tr_50k
2c687c9b-9f96-5208-b0d8-59608fb5a158,BAGAJ,5,true,true,2026-08-02T00:00:00Z,841,17643,Zemberek master-dictionary + FrequencyWords tr_50k
973da19c-cbe8-5e37-9b8b-97703d51b0c6,BAGET,5,true,false,2026-08-02T00:00:00Z,,,Zemberek master-dictionary + FrequencyWords tr_50k
6e6eaab0-6849-505d-8730-6519b936f099,BAHAR,5,true,true,2026-08-02T00:00:00Z,3887,4804,Zemberek master-dictionary + FrequencyWords tr_50k
68459b36-e2dc-5870-bcf9-fa980ce0c967,BAHRİ,5,true,false,2026-08-02T00:00:00Z,,,Zemberek master-dictionary + FrequencyWords tr_50k
f918b1be-ff9b-5b77-bb7c-273917b91ed3,BAHÇE,5,true,true,2026-08-02T00:00:00Z,3153,5798,Zemberek master-dictionary + FrequencyWords tr_50k
11d2d65e-ec3c-5be9-911e-436a6a1e1fd0,BAHİR,5,true,false,2026-08-02T00:00:00Z,,,Zemberek master-dictionary + FrequencyWords tr_50k
b2087c2b-a47f-584c-8496-a28d9e710f2c,BAHİS,5,true,true,2026-08-02T00:00:00Z,3652,5062,Zemberek master-dictionary + FrequencyWords tr_50k
44a8a7db-f106-5c78-8318-60a7aa61c0b2,BAKAM,5,true,false,2026-08-02T00:00:00Z,,,Zemberek master-dictionary + FrequencyWords tr_50k
d57feb00-33ae-5b04-ac76-9617769143e2,BAKAN,5,true,true,2026-08-02T00:00:00Z,5737,3379,Zemberek master-dictionary + FrequencyWords tr_50k
621317b0-c0e4-5efd-8007-3cf30fe7eab7,BAKAÇ,5,true,false,2026-08-02T00:00:00Z,,,Zemberek master-dictionary + FrequencyWords tr_50k
de86adda-a531-5f09-9e7c-1dd03eb3abd3,BAKIM,5,true,true,2026-08-02T00:00:00Z,3910,4777,Zemberek master-dictionary + FrequencyWords tr_50k
9b0ce0a4-4319-59ab-8f63-ced66cf027f6,BAKIR,5,true,true,2026-08-02T00:00:00Z,1062,14632,Zemberek master-dictionary + FrequencyWords tr_50k
c69dc69b-ab3a-5363-ac85-bddd969446ac,BAKIŞ,5,true,true,2026-08-02T00:00:00Z,6789,2885,Zemberek master-dictionary + FrequencyWords tr_50k
9bf55351-9904-5ae1-9fd8-f9971d955333,BAKLA,5,true,false,2026-08-02T00:00:00Z,,,Zemberek master-dictionary + FrequencyWords tr_50k
bfd96b33-c2a5-5906-8a11-1e96711e1f1d,BAKİR,5,true,true,2026-08-02T00:00:00Z,814,18148,Zemberek master-dictionary + FrequencyWords tr_50k
3957e4de-20b8-5951-b34f-2e715b55ba02,BALAK,5,true,false,2026-08-02T00:00:00Z,,,Zemberek master-dictionary + FrequencyWords tr_50k
b9ac0984-ab81-5e47-96cd-27355004e3b9,BALAR,5,true,false,2026-08-02T00:00:00Z,,,Zemberek master-dictionary + FrequencyWords tr_50k
8cd546a2-056f-5964-a6c2-b465d6ff4c25,BALAT,5,true,false,2026-08-02T00:00:00Z,,,Zemberek master-dictionary + FrequencyWords tr_50k
7ba1bed6-0fd7-5a02-b341-cbbfbf7d1144,BALDO,5,true,false,2026-08-02T00:00:00Z,,,Zemberek master-dictionary + FrequencyWords tr_50k
11c3a651-7e18-5527-93a9-98379b31ef8d,BALET,5,true,false,2026-08-02T00:00:00Z,,,Zemberek master-dictionary + FrequencyWords tr_50k
a38ef24c-9dc2-5cfc-bb36-bc0932775ff3,BALIK,5,true,true,2026-08-02T00:00:00Z,16778,1190,Zemberek master-dictionary + FrequencyWords tr_50k
0ffa1b14-9f4f-5da6-981c-147eeb7167ad,BALKI,5,true,false,2026-08-02T00:00:00Z,,,Zemberek master-dictionary + FrequencyWords tr_50k
7b761678-0482-5fdb-a861-48ad35e4d035,BALON,5,true,true,2026-08-02T00:00:00Z,1910,8948,Zemberek master-dictionary + FrequencyWords tr_50k
721a843f-9d99-5749-846b-b21791d4e756,BALOZ,5,true,false,2026-08-02T00:00:00Z,,,Zemberek master-dictionary + FrequencyWords tr_50k
fdcef3c1-d9a2-52c4-a405-e6b0703a4064,BALTA,5,true,true,2026-08-02T00:00:00Z,1139,13825,Zemberek master-dictionary + FrequencyWords tr_50k
f1547521-6ba8-5126-afef-7be7d2df6cd8,BALYA,5,true,false,2026-08-02T00:00:00Z,,,Zemberek master-dictionary + FrequencyWords tr_50k
7e6e38c9-e4e7-5380-a6ec-5e3242bc62df,BALİĞ,5,true,false,2026-08-02T00:00:00Z,,,Zemberek master-dictionary + FrequencyWords tr_50k
4eee9612-9c3c-5429-8048-f02e7e11faad,BAMBU,5,true,true,2026-08-02T00:00:00Z,594,23220,Zemberek master-dictionary + FrequencyWords tr_50k
fd0c08f1-9984-54c7-ab86-6872d4bacc2c,BAMYA,5,true,false,2026-08-02T00:00:00Z,216,49196,Zemberek master-dictionary + FrequencyWords tr_50k
63179a92-b452-504c-9626-595299d08366,BANAK,5,true,false,2026-08-02T00:00:00Z,,,Zemberek master-dictionary + FrequencyWords tr_50k
2fd579b2-f1cf-5c55-b103-26c87538cdd8,BANAL,5,true,false,2026-08-02T00:00:00Z,,,Zemberek master-dictionary + FrequencyWords tr_50k
c64dc3cf-9b7b-5495-99ef-90f052a7eeca,BANDO,5,true,true,2026-08-02T00:00:00Z,572,23874,Zemberek master-dictionary + FrequencyWords tr_50k
78bf3596-6cb9-5a98-a1bb-ec66f9456dfc,BANJO,5,true,false,2026-08-02T00:00:00Z,221,48349,Zemberek master-dictionary + FrequencyWords tr_50k
4dcb57f6-3739-54dd-8146-d385460200da,BANKA,5,true,true,2026-08-02T00:00:00Z,9703,2015,Zemberek master-dictionary + FrequencyWords tr_50k
06d87b1e-9c28-5817-9c35-915a578d5a02,BANKO,5,true,false,2026-08-02T00:00:00Z,,,Zemberek master-dictionary + FrequencyWords tr_50k
03ead0fb-efe3-5f3c-87aa-66f895182997,BANYO,5,true,true,2026-08-02T00:00:00Z,7287,2689,Zemberek master-dictionary + FrequencyWords tr_50k
f5367d7a-e12c-5f0f-a9c8-83c86aecb1fb,BANÇO,5,true,false,2026-08-02T00:00:00Z,,,Zemberek master-dictionary + FrequencyWords tr_50k
46da29de-799c-5f11-8d1a-afccbba7ea46,BARAJ,5,true,true,2026-08-02T00:00:00Z,622,22424,Zemberek master-dictionary + FrequencyWords tr_50k
b07d67c5-0514-58f7-ac65-fa756c4c49d7,BARAK,5,true,false,2026-08-02T00:00:00Z,,,Zemberek master-dictionary + FrequencyWords tr_50k
081e603f-7754-5e34-9c5a-d23bad1a0fb8,BARAN,5,true,false,2026-08-02T00:00:00Z,,,Zemberek master-dictionary + FrequencyWords tr_50k
075c872d-8d22-56ff-9203-ef1bbcb1855b,BARBA,5,true,false,2026-08-02T00:00:00Z,,,Zemberek master-dictionary + FrequencyWords tr_50k
3ac68064-9660-5271-ae34-5320795da742,BARDA,5,true,true,2026-08-02T00:00:00Z,5384,3591,Zemberek master-dictionary + FrequencyWords tr_50k
fd98c22f-efaa-5092-8094-a6ce6fd07392,BARDO,5,true,false,2026-08-02T00:00:00Z,,,Zemberek master-dictionary + FrequencyWords tr_50k
012bac97-a3ea-5d25-8fb1-2acefcbebda6,BAREM,5,true,false,2026-08-02T00:00:00Z,,,Zemberek master-dictionary + FrequencyWords tr_50k
ab7801d9-164a-58bb-b209-3c664e27fa92,BARET,5,true,false,2026-08-02T00:00:00Z,,,Zemberek master-dictionary + FrequencyWords tr_50k
1826d9d4-d57d-581e-af2c-80cd84c4a5c7,BARIŞ,5,true,true,2026-08-02T00:00:00Z,10297,1902,Zemberek master-dictionary + FrequencyWords tr_50k
fe68b27d-3dbe-5d74-ae84-333aab456080,BARKA,5,true,false,2026-08-02T00:00:00Z,,,Zemberek master-dictionary + FrequencyWords tr_50k
b4e5c8e9-1d02-5a9b-96b9-6b71b0d64a1d,BAROK,5,true,false,2026-08-02T00:00:00Z,,,Zemberek master-dictionary + FrequencyWords tr_50k
ce4ea969-e51e-5b64-ba6c-9d35bed9e5bf,BARON,5,true,true,2026-08-02T00:00:00Z,1867,9111,Zemberek master-dictionary + FrequencyWords tr_50k
bc7b1711-c491-5931-b4c4-fb6bbc1ef782,BARUT,5,true,true,2026-08-02T00:00:00Z,1403,11641,Zemberek master-dictionary + FrequencyWords tr_50k
e0ad7642-d444-530e-8655-235f675c2ca7,BARÇA,5,true,false,2026-08-02T00:00:00Z,,,Zemberek master-dictionary + FrequencyWords tr_50k
33761a3d-7a12-56f6-a19c-51cb58ecea1f,BARİT,5,true,false,2026-08-02T00:00:00Z,,,Zemberek master-dictionary + FrequencyWords tr_50k
63ebc80d-e0cd-5130-b1e7-b38a024ee4ae,BARİZ,5,true,true,2026-08-02T00:00:00Z,1828,9297,Zemberek master-dictionary + FrequencyWords tr_50k
9bd481b9-be8b-5c64-9169-7f2379c862cf,BASAK,5,true,false,2026-08-02T00:00:00Z,,,Zemberek master-dictionary + FrequencyWords tr_50k
ceadc050-a58c-5e9c-966b-5bff917f9540,BASAR,5,true,true,2026-08-02T00:00:00Z,673,21078,Zemberek master-dictionary + FrequencyWords tr_50k
deebf5a2-b9bb-5f14-b567-dd768730ed7f,BASEN,5,true,false,2026-08-02T00:00:00Z,,,Zemberek master-dictionary + FrequencyWords tr_50k
8bd91ede-3de0-5d80-a9a6-a4aa3b1d4900,BASIK,5,true,false,2026-08-02T00:00:00Z,,,Zemberek master-dictionary + FrequencyWords tr_50k
918c686c-2136-581e-a0a4-0ac94e0afa49,BASIM,5,true,false,2026-08-02T00:00:00Z,212,49728,Zemberek master-dictionary + FrequencyWords tr_50k
0efb9a87-e97c-5dd7-8e2f-5e253613b1af,BASIN,5,true,true,2026-08-02T00:00:00Z,7441,2625,Zemberek master-dictionary + FrequencyWords tr_50k
a5a9ef18-135c-5c20-8bf6-f688b0a3dfd8,BASKI,5,true,true,2026-08-02T00:00:00Z,10141,1927,Zemberek master-dictionary + FrequencyWords tr_50k
8b4f6d6b-697b-54c9-8edc-7d6370b6a791,BASMA,5,true,true,2026-08-02T00:00:00Z,715,20144,Zemberek master-dictionary + FrequencyWords tr_50k
27d0f6c9-402a-5b5d-8c9b-f2df6fd2ce61,BASSO,5,true,false,2026-08-02T00:00:00Z,,,Zemberek master-dictionary + FrequencyWords tr_50k
74985065-18f5-59c8-95b6-038d0cd5bad7,BASTI,5,true,true,2026-08-02T00:00:00Z,1780,9523,Zemberek master-dictionary + FrequencyWords tr_50k
cbd5f8be-4e7e-5688-949a-b591393bad6e,BASUR,5,true,false,2026-08-02T00:00:00Z,,,Zemberek master-dictionary + FrequencyWords tr_50k
c5233c85-5ed5-5d19-b863-6cdac0badb22,BASYA,5,true,false,2026-08-02T00:00:00Z,,,Zemberek master-dictionary + FrequencyWords tr_50k
89d9ece9-1a40-52a4-a84f-5cc86f272635,BASİL,5,true,true,2026-08-02T00:00:00Z,641,21902,Zemberek master-dictionary + FrequencyWords tr_50k
96b39dd4-6ac7-58aa-9fe5-03068a3ceb74,BASİT,5,true,true,2026-08-02T00:00:00Z,26715,768,Zemberek master-dictionary + FrequencyWords tr_50k
13ab759a-ffbf-5a41-acc5-ad5130bb74ae,BATAK,5,true,false,2026-08-02T00:00:00Z,,,Zemberek master-dictionary + FrequencyWords tr_50k
1e33a63e-ae99-5774-89ef-7604768a1790,BATAR,5,true,true,2026-08-02T00:00:00Z,422,30192,Zemberek master-dictionary + FrequencyWords tr_50k
a3738aac-7a8d-5f2f-8242-d09fb2aa9103,BATIK,5,true,false,2026-08-02T00:00:00Z,232,46718,Zemberek master-dictionary + FrequencyWords tr_50k
8c1fb723-af23-5e19-bcbf-ed5cddb4eb5b,BATIL,5,true,true,2026-08-02T00:00:00Z,1208,13174,Zemberek master-dictionary + FrequencyWords tr_50k
42743111-42f1-555d-9b26-1e795ce9068e,BATIN,5,true,false,2026-08-02T00:00:00Z,,,Zemberek master-dictionary + FrequencyWords tr_50k
ced44d8b-4667-5e54-8741-8931f6549ae4,BATKI,5,true,false,2026-08-02T00:00:00Z,,,Zemberek master-dictionary + FrequencyWords tr_50k
67cf592f-8893-5675-8915-9e9d8d90dbec,BATON,5,true,false,2026-08-02T00:00:00Z,242,45285,Zemberek master-dictionary + FrequencyWords tr_50k
185cbe61-e555-5945-9ab7-3e2da9c25b08,BATUR,5,true,false,2026-08-02T00:00:00Z,,,Zemberek master-dictionary + FrequencyWords tr_50k
af1cf312-5af7-50a8-95f3-7d09e23c5a35,BATİK,5,true,false,2026-08-02T00:00:00Z,,,Zemberek master-dictionary + FrequencyWords tr_50k
fa22ea41-874d-5d2b-87d0-779a2a11ab69,BAVUL,5,true,true,2026-08-02T00:00:00Z,885,16927,Zemberek master-dictionary + FrequencyWords tr_50k
d7af93ee-b3cf-5be2-9f11-5372bd8879f5,BAYAN,5,true,false,2026-08-02T00:00:00Z,152282,134,Zemberek master-dictionary + FrequencyWords tr_50k
a8f08cdd-8411-5482-b1e8-ef00098cad7c,BAYAT,5,true,true,2026-08-02T00:00:00Z,814,18141,Zemberek master-dictionary + FrequencyWords tr_50k
73552747-f1a4-5bff-b053-8e4ed2b9e3b7,BAYIR,5,true,false,2026-08-02T00:00:00Z,,,Zemberek master-dictionary + FrequencyWords tr_50k
f0884f12-2719-5d1f-b549-d103a27ed2a5,BAYRI,5,true,false,2026-08-02T00:00:00Z,,,Zemberek master-dictionary + FrequencyWords tr_50k
6f08405c-676d-5564-baf5-88753fe7909c,BAZAL,5,true,false,2026-08-02T00:00:00Z,,,Zemberek master-dictionary + FrequencyWords tr_50k
7b652e8e-9899-5285-8081-8e7e7cae1b17,BAZAN,5,true,true,2026-08-02T00:00:00Z,320,36937,Zemberek master-dictionary + FrequencyWords tr_50k
19f5ef4c-fcb5-5e10-b4a7-b618843d925f,BAZEN,5,true,false,2026-08-02T00:00:00Z,50948,410,Zemberek master-dictionary + FrequencyWords tr_50k
f44bcc8b-92d9-5b04-b07d-6fa45a26147c,BAZİK,5,true,false,2026-08-02T00:00:00Z,,,Zemberek master-dictionary + FrequencyWords tr_50k
6a6639a5-83a0-5292-ac49-455ccb4ca2f0,BAZİT,5,true,false,2026-08-02T00:00:00Z,,,Zemberek master-dictionary + FrequencyWords tr_50k
16af35b5-8968-5d66-b1c4-c3d87a3ff981,BAĞAN,5,true,false,2026-08-02T00:00:00Z,,,Zemberek master-dictionary + FrequencyWords tr_50k
57a19f4f-c588-5fe1-9f9d-0d5e8f4d034b,BAĞIL,5,true,false,2026-08-02T00:00:00Z,,,Zemberek master-dictionary + FrequencyWords tr_50k
fe669e6b-938c-5f27-9e53-359a13c5ba78,BAĞIM,5,true,true,2026-08-02T00:00:00Z,306,38118,Zemberek master-dictionary + FrequencyWords tr_50k
fd050bff-7614-5b30-a005-ddcf0e133f88,BAĞIN,5,true,true,2026-08-02T00:00:00Z,438,29288,Zemberek master-dictionary + FrequencyWords tr_50k
e472e7d0-086b-561c-8887-c17f8bd9bf78,BAĞIR,5,true,true,2026-08-02T00:00:00Z,1044,14835,Zemberek master-dictionary + FrequencyWords tr_50k
eb2dd31c-33dc-52cc-a58c-a4a3d0b8ad09,BAĞIT,5,true,false,2026-08-02T00:00:00Z,,,Zemberek master-dictionary + FrequencyWords tr_50k
6cd4dce4-2237-5f74-bc28-438c04771b9f,BAĞIŞ,5,true,true,2026-08-02T00:00:00Z,3098,5900,Zemberek master-dictionary + FrequencyWords tr_50k
7c783a5a-faeb-583c-b464-971b0a6e1929,BAŞAK,5,true,false,2026-08-02T00:00:00Z,273,41578,Zemberek master-dictionary + FrequencyWords tr_50k
07732ac9-0e01-5e3c-b235-9f9d942a21e7,BAŞAT,5,true,false,2026-08-02T00:00:00Z,,,Zemberek master-dictionary + FrequencyWords tr_50k
90f622d3-e823-515e-b288-b3cdf2bdafc5,BAŞKA,5,true,false,2026-08-02T00:00:00Z,255169,74,Zemberek master-dictionary + FrequencyWords tr_50k
bf22009a-9e62-562a-b7eb-2dd044d775ef,BAŞLI,5,true,true,2026-08-02T00:00:00Z,1537,10803,Zemberek master-dictionary + FrequencyWords tr_50k
a642ac02-e0c3-5876-a801-bce6358c35a0,BAŞTA,5,true,true,2026-08-02T00:00:00Z,7776,2524,Zemberek master-dictionary + FrequencyWords tr_50k
da032244-7b6a-51f7-a8ef-43576afd1907,BEBEK,5,true,false,2026-08-02T00:00:00Z,39265,532,Zemberek master-dictionary + FrequencyWords tr_50k
843352da-694f-5ff4-8d84-b6e7309241ac,BECET,5,true,false,2026-08-02T00:00:00Z,,,Zemberek master-dictionary + FrequencyWords tr_50k
9f77adb6-5950-597a-8457-832a94946194,BEDEL,5,true,true,2026-08-02T00:00:00Z,2012,8587,Zemberek master-dictionary + FrequencyWords tr_50k
0a0a47f5-ada2-5e70-ba30-0be57d656126,BEDEN,5,true,true,2026-08-02T00:00:00Z,3889,4800,Zemberek master-dictionary + FrequencyWords tr_50k
687d90d8-3385-58eb-a3fb-1a8c274b7345,BEDÜK,5,true,false,2026-08-02T00:00:00Z,,,Zemberek master-dictionary + FrequencyWords tr_50k
ff2e05bd-eafc-528e-b295-bd7e5c15f8fb,BEDİK,5,true,false,2026-08-02T00:00:00Z,,,Zemberek master-dictionary + FrequencyWords tr_50k
7283565e-04b8-50ce-adfb-698017c6d78b,BEDİR,5,true,false,2026-08-02T00:00:00Z,,,Zemberek master-dictionary + FrequencyWords tr_50k
c89df2bc-49f4-5c57-a071-bebe959ea17b,BEGÜM,5,true,true,2026-08-02T00:00:00Z,450,28719,Zemberek master-dictionary + FrequencyWords tr_50k
9770ab44-6523-5ded-a66d-7e382659bfcd,BEHER,5,true,false,2026-08-02T00:00:00Z,,,Zemberek master-dictionary + FrequencyWords tr_50k
59a0bc9a-512e-5339-82cc-9b5f87a0c0dd,BEHEY,5,true,false,2026-08-02T00:00:00Z,,,Zemberek master-dictionary + FrequencyWords tr_50k
a716333b-f1fb-50df-8182-6916b152dae1,BEHRE,5,true,false,2026-08-02T00:00:00Z,,,Zemberek master-dictionary + FrequencyWords tr_50k
57fda365-a78f-59df-aefc-b58072c54127,BEKAR,5,true,true,2026-08-02T00:00:00Z,3663,5050,Zemberek master-dictionary + FrequencyWords tr_50k
e3407655-acd5-56c9-afb7-cab6cfa782c6,BEKAS,5,true,false,2026-08-02T00:00:00Z,,,Zemberek master-dictionary + FrequencyWords tr_50k
c2cf24a7-7fcb-5a16-8f95-d9e286b8504e,BEKRİ,5,true,false,2026-08-02T00:00:00Z,,,Zemberek master-dictionary + FrequencyWords tr_50k
7b0abdd8-ff07-51a7-93a8-c12f6bbb4f59,BEKÇİ,5,true,true,2026-08-02T00:00:00Z,1204,13218,Zemberek master-dictionary + FrequencyWords tr_50k
652eea1d-daff-54b7-82cf-470d05b088a3,BELCE,5,true,false,2026-08-02T00:00:00Z,,,Zemberek master-dictionary + FrequencyWords tr_50k
ba1be50d-fe89-5374-9ae6-18d37d70ed12,BELDE,5,true,false,2026-08-02T00:00:00Z,,,Zemberek master-dictionary + FrequencyWords tr_50k
e1d57ff8-1b5a-52bf-91e2-37654f5e7f1f,BELEK,5,true,false,2026-08-02T00:00:00Z,,,Zemberek master-dictionary + FrequencyWords tr_50k
7b464bbd-2603-5cc1-b64e-689b7a53ae67,BELEN,5,true,false,2026-08-02T00:00:00Z,,,Zemberek master-dictionary + FrequencyWords tr_50k
2d72fbf4-0bfc-5b88-abae-71415a23ed0f,BELEŞ,5,true,true,2026-08-02T00:00:00Z,1226,13027,Zemberek master-dictionary + FrequencyWords tr_50k
eb3c9d86-72d0-5667-8f5b-97c4ed9634df,BELGE,5,true,true,2026-08-02T00:00:00Z,2290,7703,Zemberek master-dictionary + FrequencyWords tr_50k
52d334d8-6a05-5d26-a59f-3f70bb3854e8,BELGİ,5,true,false,2026-08-02T00:00:00Z,,,Zemberek master-dictionary + FrequencyWords tr_50k
baf4818c-ff6a-59d1-9cf6-291762256c92,BELKİ,5,true,false,2026-08-02T00:00:00Z,254114,76,Zemberek master-dictionary + FrequencyWords tr_50k
9aa66ba1-acc6-55dd-8399-69ea718f9e5e,BELLİ,5,true,true,2026-08-02T00:00:00Z,33304,633,Zemberek master-dictionary + FrequencyWords tr_50k
5b3b0605-0818-51dd-814d-d7c52524317b,BELİK,5,true,false,2026-08-02T00:00:00Z,,,Zemberek master-dictionary + FrequencyWords tr_50k
6c69af03-f5c3-5afb-94ff-485dfb65a1c9,BELİT,5,true,false,2026-08-02T00:00:00Z,,,Zemberek master-dictionary + FrequencyWords tr_50k
8e2bf09b-84e8-5819-aee1-0479f168cc3b,BELİĞ,5,true,false,2026-08-02T00:00:00Z,,,Zemberek master-dictionary + FrequencyWords tr_50k
fde3c7b0-79a3-5bd0-92fc-9e5a306ad567,BEMOL,5,true,false,2026-08-02T00:00:00Z,,,Zemberek master-dictionary + FrequencyWords tr_50k
a3ab1d05-5b3c-5771-bd84-7644a4086d08,BENCE,5,true,false,2026-08-02T00:00:00Z,118742,182,Zemberek master-dictionary + FrequencyWords tr_50k
8e40d144-9098-5b4d-8360-758372c3f718,BENCİ,5,true,false,2026-08-02T00:00:00Z,,,Zemberek master-dictionary + FrequencyWords tr_50k
bbdcc857-eba3-5787-819b-5507b23aad86,BENEK,5,true,false,2026-08-02T00:00:00Z,,,Zemberek master-dictionary + FrequencyWords tr_50k
2af15b11-b761-5160-b97c-30a9cd64c95f,BENGİ,5,true,false,2026-08-02T00:00:00Z,,,Zemberek master-dictionary + FrequencyWords tr_50k
c748ea49-0498-51bd-98b9-ec755e324e65,BENİZ,5,true,false,2026-08-02T00:00:00Z,,,Zemberek master-dictionary + FrequencyWords tr_50k
7cda7554-8b55-5e21-8e71-e17465c8f902,BERAT,5,true,false,2026-08-02T00:00:00Z,,,Zemberek master-dictionary + FrequencyWords tr_50k
534cd6a8-cb21-5781-b8f5-da742fd002b4,BERİL,5,true,false,2026-08-02T00:00:00Z,,,Zemberek master-dictionary + FrequencyWords tr_50k
d89bdaa3-c5e9-5077-af5c-0991ae8938e5,BESTE,5,true,true,2026-08-02T00:00:00Z,293,39436,Zemberek master-dictionary + FrequencyWords tr_50k
6807d8a6-175e-5ecd-a40e-ad268ab592f3,BESİN,5,true,true,2026-08-02T00:00:00Z,1465,11237,Zemberek master-dictionary + FrequencyWords tr_50k
4c3a4a92-ed4f-5e9e-86b6-5eae1381b65d,BETER,5,true,true,2026-08-02T00:00:00Z,2410,7372,Zemberek master-dictionary + FrequencyWords tr_50k
ebc8e25e-0ca5-5963-aa35-77079efefd4e,BETON,5,true,true,2026-08-02T00:00:00Z,1073,14519,Zemberek master-dictionary + FrequencyWords tr_50k
22d5f3a7-ffc0-5362-ba33-e4a33c3ad5c8,BETİK,5,true,false,2026-08-02T00:00:00Z,,,Zemberek master-dictionary + FrequencyWords tr_50k
a55bb5ad-8efb-58d6-bfff-74aeb1347949,BETİM,5,true,false,2026-08-02T00:00:00Z,,,Zemberek master-dictionary + FrequencyWords tr_50k
8a83a4ed-d231-5cca-91e6-a13f60f52bc3,BEYAN,5,true,true,2026-08-02T00:00:00Z,899,16714,Zemberek master-dictionary + FrequencyWords tr_50k
f28bfc1f-4dcf-5054-b3b1-a0db0a9cdf3a,BEYAZ,5,true,true,2026-08-02T00:00:00Z,33586,628,Zemberek master-dictionary + FrequencyWords tr_50k
057470fc-264f-5c86-9a70-8f3ae84c6340,BEYİN,5,true,true,2026-08-02T00:00:00Z,12354,1609,Zemberek master-dictionary + FrequencyWords tr_50k
e49890fe-3877-58e0-9ed8-74564973f91a,BEYİT,5,true,false,2026-08-02T00:00:00Z,,,Zemberek master-dictionary + FrequencyWords tr_50k
dbd702af-0f39-56ea-88f6-390575140796,BEZEK,5,true,false,2026-08-02T00:00:00Z,,,Zemberek master-dictionary + FrequencyWords tr_50k
af25e7c0-77cc-5da8-a5a9-97ba251caf3c,BEZEN,5,true,false,2026-08-02T00:00:00Z,,,Zemberek master-dictionary + FrequencyWords tr_50k
a7bb2710-657f-5899-8229-a7c85d3f9f3b,BEZGİ,5,true,false,2026-08-02T00:00:00Z,,,Zemberek master-dictionary + FrequencyWords tr_50k
e9f0fbc6-63cb-5d89-b79c-08ae0c689d54,BEZİK,5,true,false,2026-08-02T00:00:00Z,,,Zemberek master-dictionary + FrequencyWords tr_50k
38d96ff6-5f35-550f-b0c8-1f06120d33e6,BEZİR,5,true,false,2026-08-02T00:00:00Z,,,Zemberek master-dictionary + FrequencyWords tr_50k
7cb3e9fb-8dc5-522e-9765-972e7d37ec5b,BEŞER,5,true,false,2026-08-02T00:00:00Z,,,Zemberek master-dictionary + FrequencyWords tr_50k
9d521736-6d78-5b98-b61b-3b36b6eca425,BEŞME,5,true,false,2026-08-02T00:00:00Z,,,Zemberek master-dictionary + FrequencyWords tr_50k
22c6da7f-9918-5e49-aa09-9290d4cc8205,BEŞON,5,true,false,2026-08-02T00:00:00Z,,,Zemberek master-dictionary + FrequencyWords tr_50k
e68fc2d0-3fad-54b3-a9a1-757178baca4b,BEŞUŞ,5,true,false,2026-08-02T00:00:00Z,,,Zemberek master-dictionary + FrequencyWords tr_50k
d62eef8e-4931-50cc-a226-76fbb993599b,BEŞİK,5,true,true,2026-08-02T00:00:00Z,344,35106,Zemberek master-dictionary + FrequencyWords tr_50k
9fb2a1f0-76af-586c-9312-4b9a7b992dcc,BEŞİZ,5,true,false,2026-08-02T00:00:00Z,,,Zemberek master-dictionary + FrequencyWords tr_50k
c7891e08-3bbe-5ae6-87db-151f3d801249,BICIL,5,true,false,2026-08-02T00:00:00Z,,,Zemberek master-dictionary + FrequencyWords tr_50k
5c051a6e-edc0-562e-9190-e9ec4d178e07,BICIR,5,true,false,2026-08-02T00:00:00Z,,,Zemberek master-dictionary + FrequencyWords tr_50k
2119142c-1c48-586c-ad35-a6598c6a4e0c,BIDIK,5,true,false,2026-08-02T00:00:00Z,,,Zemberek master-dictionary + FrequencyWords tr_50k
b6df21b6-c20b-52f3-a2b9-1bc3fa536fc8,BIYIK,5,true,true,2026-08-02T00:00:00Z,933,16229,Zemberek master-dictionary + FrequencyWords tr_50k
e3af2a42-69a2-5472-b2c7-1f854ae17236,BIZIR,5,true,false,2026-08-02T00:00:00Z,,,Zemberek master-dictionary + FrequencyWords tr_50k
39a81f7b-c008-5844-b59f-2e0ac2a24092,BIÇAK,5,true,true,2026-08-02T00:00:00Z,8167,2406,Zemberek master-dictionary + FrequencyWords tr_50k
61f41f25-be17-5ed7-b715-0b8936a11af1,BIÇIK,5,true,false,2026-08-02T00:00:00Z,,,Zemberek master-dictionary + FrequencyWords tr_50k
cb6676e2-167d-516b-b0ef-efa7dd9e825e,BIÇKI,5,true,false,2026-08-02T00:00:00Z,,,Zemberek master-dictionary + FrequencyWords tr_50k
9c48a4a6-e6e2-5695-9db6-13ac919b4eb1,BLOKE,5,true,true,2026-08-02T00:00:00Z,558,24324,Zemberek master-dictionary + FrequencyWords tr_50k
504436fe-512c-5020-b610-72dae67284c3,BOBİN,5,true,false,2026-08-02T00:00:00Z,,,Zemberek master-dictionary + FrequencyWords tr_50k
4ffe46db-4f32-53ad-9566-2b0797ca821b,BOCUK,5,true,false,2026-08-02T00:00:00Z,,,Zemberek master-dictionary + FrequencyWords tr_50k
8d3b1794-498d-5dcc-a28d-5840abef2bb9,BODUR,5,true,true,2026-08-02T00:00:00Z,378,32731,Zemberek master-dictionary + FrequencyWords tr_50k
94138777-992e-5cd7-8d2b-81619349c04d,BODUÇ,5,true,false,2026-08-02T00:00:00Z,,,Zemberek master-dictionary + FrequencyWords tr_50k
5c3f17ae-d81e-5ada-a2bd-e61ebe4e39ce,BOHEM,5,true,false,2026-08-02T00:00:00Z,,,Zemberek master-dictionary + FrequencyWords tr_50k
deaa90b4-0755-5de3-980e-4ed8abf4fb96,BOHÇA,5,true,false,2026-08-02T00:00:00Z,,,Zemberek master-dictionary + FrequencyWords tr_50k
d81949d1-738c-5a68-af99-812cba5476c4,BOLCA,5,true,true,2026-08-02T00:00:00Z,2423,7329,Zemberek master-dictionary + FrequencyWords tr_50k
6c72511f-ba9f-55d2-a879-772861cda2cc,BOMBA,5,true,false,2026-08-02T00:00:00Z,12824,1553,Zemberek master-dictionary + FrequencyWords tr_50k
814db788-2d61-542e-9cce-8249ce426acd,BOMBE,5,true,false,2026-08-02T00:00:00Z,,,Zemberek master-dictionary + FrequencyWords tr_50k
e85fe08c-f5f3-5d30-a8a1-9061fe6e7673,BORAK,5,true,false,2026-08-02T00:00:00Z,,,Zemberek master-dictionary + FrequencyWords tr_50k
f8c43bf5-3f17-560c-898c-bce5378fe2f3,BORAN,5,true,false,2026-08-02T00:00:00Z,,,Zemberek master-dictionary + FrequencyWords tr_50k
55008a1d-3f05-5e84-b14f-a29a542a1f4b,BORAT,5,true,false,2026-08-02T00:00:00Z,,,Zemberek master-dictionary + FrequencyWords tr_50k
73fe7a9e-4446-51c3-ace7-58af8fbe7ab8,BORDA,5,true,false,2026-08-02T00:00:00Z,,,Zemberek master-dictionary + FrequencyWords tr_50k
a3c8e24d-ee1a-53d7-b0b9-20b23d04b434,BORDO,5,true,false,2026-08-02T00:00:00Z,238,45950,Zemberek master-dictionary + FrequencyWords tr_50k
50a28753-5f26-511e-a474-e4d8a009dcd7,BORSA,5,true,true,2026-08-02T00:00:00Z,984,15548,Zemberek master-dictionary + FrequencyWords tr_50k
1977f14b-359b-5b55-a691-49dfba4d8129,BORUK,5,true,false,2026-08-02T00:00:00Z,,,Zemberek master-dictionary + FrequencyWords tr_50k
f4eb1f78-a7e7-5e66-b6ad-12bca23d915d,BORİK,5,true,false,2026-08-02T00:00:00Z,,,Zemberek master-dictionary + FrequencyWords tr_50k
c71bce46-fda4-5435-a4ea-d5cbf4542726,BOSLU,5,true,false,2026-08-02T00:00:00Z,,,Zemberek master-dictionary + FrequencyWords tr_50k
5abb95d6-8264-53f5-a066-dd13f52b9cb4,BOYAR,5,true,false,2026-08-02T00:00:00Z,,,Zemberek master-dictionary + FrequencyWords tr_50k
f3f2576d-f714-5611-92cd-18b0c91cb645,BOYCA,5,true,false,2026-08-02T00:00:00Z,,,Zemberek master-dictionary + FrequencyWords tr_50k
6dde9ef8-5a03-568b-b5a3-f99a2e0dce44,BOYNA,5,true,false,2026-08-02T00:00:00Z,,,Zemberek master-dictionary + FrequencyWords tr_50k
325cc6b9-c6ab-532b-a6e5-04925608ef61,BOYOZ,5,true,false,2026-08-02T00:00:00Z,,,Zemberek master-dictionary + FrequencyWords tr_50k
e47c43fe-d681-5721-873e-1bdad8980da0,BOYUN,5,true,true,2026-08-02T00:00:00Z,4464,4260,Zemberek master-dictionary + FrequencyWords tr_50k
2b09b02d-44ca-5404-954b-1b9fcef8f4f3,BOYUT,5,true,true,2026-08-02T00:00:00Z,1051,14750,Zemberek master-dictionary + FrequencyWords tr_50k
05fe3449-7d11-5c44-9a01-46f675e002f5,BOZCA,5,true,false,2026-08-02T00:00:00Z,,,Zemberek master-dictionary + FrequencyWords tr_50k
e090606d-d9c6-5ff7-8284-3287f5cfdff4,BOZUK,5,true,true,2026-08-02T00:00:00Z,7863,2496,Zemberek master-dictionary + FrequencyWords tr_50k
fe21df56-4341-5631-8f52-0d6bfba1a42e,BOZUM,5,true,false,2026-08-02T00:00:00Z,,,Zemberek master-dictionary + FrequencyWords tr_50k
b1d1ad00-29df-5978-bc51-6c206d4ae28a,BOĞAK,5,true,false,2026-08-02T00:00:00Z,,,Zemberek master-dictionary + FrequencyWords tr_50k
4a106b12-3bba-59c2-b2ee-fa4a1296f95b,BOĞAZ,5,true,true,2026-08-02T00:00:00Z,912,16515,Zemberek master-dictionary + FrequencyWords tr_50k
5dbb0ea1-eefd-5ade-b219-256895382deb,BOĞUK,5,true,false,2026-08-02T00:00:00Z,,,Zemberek master-dictionary + FrequencyWords tr_50k
8e98680e-d8e4-5de6-8895-cb1f7bf8ab3c,BOĞUM,5,true,false,2026-08-02T00:00:00Z,,,Zemberek master-dictionary + FrequencyWords tr_50k
3db9a683-fda8-51b1-91f6-d70e95e6b761,BRANŞ,5,true,false,2026-08-02T00:00:00Z,,,Zemberek master-dictionary + FrequencyWords tr_50k
aa1f9f46-0daf-5b11-9185-7d47f97bd9b0,BRAVO,5,true,false,2026-08-02T00:00:00Z,6460,3043,Zemberek master-dictionary + FrequencyWords tr_50k
74ed76f6-fa7a-51c4-a2a6-0f2b52c832b1,BRONZ,5,true,true,2026-08-02T00:00:00Z,818,18058,Zemberek master-dictionary + FrequencyWords tr_50k
83f81229-5d47-5188-8e1d-aaeaf1d84339,BRONŞ,5,true,false,2026-08-02T00:00:00Z,,,Zemberek master-dictionary + FrequencyWords tr_50k
5ad1d562-ee7c-5e82-8892-9d89c94c5582,BRÖVE,5,true,false,2026-08-02T00:00:00Z,,,Zemberek master-dictionary + FrequencyWords tr_50k
4f898e43-c854-591e-905b-0758e7ca6031,BUCAK,5,true,false,2026-08-02T00:00:00Z,238,45826,Zemberek master-dictionary + FrequencyWords tr_50k
a7f1800d-ea71-5bdd-b560-9b8c9b849cd9,BUDAK,5,true,false,2026-08-02T00:00:00Z,,,Zemberek master-dictionary + FrequencyWords tr_50k
760f3e1c-3757-5b07-8107-e5c2fae98469,BUDUN,5,true,false,2026-08-02T00:00:00Z,,,Zemberek master-dictionary + FrequencyWords tr_50k
0a1c19b3-2dac-5e33-8070-4381aae0a128,BUGÜN,5,true,false,2026-08-02T00:00:00Z,117840,186,Zemberek master-dictionary + FrequencyWords tr_50k
7698be62-2306-5fdc-9a83-e37da29da6d7,BUHAR,5,true,true,2026-08-02T00:00:00Z,1352,12019,Zemberek master-dictionary + FrequencyWords tr_50k
38430219-df4a-511f-8d87-6d5b125974cb,BUHUR,5,true,false,2026-08-02T00:00:00Z,,,Zemberek master-dictionary + FrequencyWords tr_50k
2fd7e120-1757-572c-9392-87286e9b45ae,BUKET,5,true,true,2026-08-02T00:00:00Z,361,33862,Zemberek master-dictionary + FrequencyWords tr_50k
85035407-89fd-5470-aec4-c53300b05c05,BUKLE,5,true,false,2026-08-02T00:00:00Z,,,Zemberek master-dictionary + FrequencyWords tr_50k
02dd5faf-c95e-5dd1-ade9-99dad3666983,BULAK,5,true,false,2026-08-02T00:00:00Z,,,Zemberek master-dictionary + FrequencyWords tr_50k
c8a7d188-6d78-5cd4-b024-1656e926d3ee,BULGU,5,true,true,2026-08-02T00:00:00Z,317,37234,Zemberek master-dictionary + FrequencyWords tr_50k
c84907cc-ccc0-5732-a2e1-0bf985cdc7e3,BULUT,5,true,true,2026-08-02T00:00:00Z,1620,10338,Zemberek master-dictionary + FrequencyWords tr_50k
f9305209-cc26-5a37-a16b-b17918cfe4a0,BULUŞ,5,true,true,2026-08-02T00:00:00Z,2058,8409,Zemberek master-dictionary + FrequencyWords tr_50k
773501a2-f2e1-5d7b-9c80-e5022e4ece94,BUNAK,5,true,true,2026-08-02T00:00:00Z,915,16477,Zemberek master-dictionary + FrequencyWords tr_50k
fbd6892f-4c63-51df-a98c-d4fd42e4c2a5,BUNCA,5,true,true,2026-08-02T00:00:00Z,10275,1906,Zemberek master-dictionary + FrequencyWords tr_50k
32039ab6-e847-5950-8f91-763969f49238,BUNLU,5,true,false,2026-08-02T00:00:00Z,,,Zemberek master-dictionary + FrequencyWords tr_50k
d720e517-ff43-5684-91c8-705999267893,BURCU,5,true,true,2026-08-02T00:00:00Z,448,28780,Zemberek master-dictionary + FrequencyWords tr_50k
dd7ed48d-086a-56e5-b47c-ce4bdaf8269e,BURGU,5,true,false,2026-08-02T00:00:00Z,,,Zemberek master-dictionary + FrequencyWords tr_50k
74e1f0a4-64bd-5aac-90d9-6d7d1e069b76,BURMA,5,true,true,2026-08-02T00:00:00Z,394,31745,Zemberek master-dictionary + FrequencyWords tr_50k
fa7e3b28-bfee-5ac2-8e0c-b80fb0932f1e,BURUK,5,true,false,2026-08-02T00:00:00Z,,,Zemberek master-dictionary + FrequencyWords tr_50k
09a5a9f4-2c0c-5a83-9799-ce756d07b9c2,BURUN,5,true,true,2026-08-02T00:00:00Z,3691,5006,Zemberek master-dictionary + FrequencyWords tr_50k
d1beea26-2821-5b9b-a0a7-d3dc6b4839b2,BUTON,5,true,false,2026-08-02T00:00:00Z,,,Zemberek master-dictionary + FrequencyWords tr_50k
4b1bb62c-d287-57ba-ad21-29d5bc645e2a,BUTİK,5,true,false,2026-08-02T00:00:00Z,,,Zemberek master-dictionary + FrequencyWords tr_50k
1a61207b-c932-5bdb-b176-d284c5d7fec3,BUYOT,5,true,false,2026-08-02T00:00:00Z,,,Zemberek master-dictionary + FrequencyWords tr_50k
c518bb7e-2ac2-502d-9b1f-e4dde2ab9191,BUZLA,5,true,false,2026-08-02T00:00:00Z,255,43681,Zemberek master-dictionary + FrequencyWords tr_50k
f51234bb-754a-5973-ae65-a467be93e6db,BUZUL,5,true,true,2026-08-02T00:00:00Z,590,23342,Zemberek master-dictionary + FrequencyWords tr_50k
05cf3265-387c-5350-949f-37e6e0c1dc65,BUÇUK,5,true,true,2026-08-02T00:00:00Z,6984,2811,Zemberek master-dictionary + FrequencyWords tr_50k
006c7136-07ad-5224-bdf1-2c1284e22cd9,BUĞRA,5,true,false,2026-08-02T00:00:00Z,,,Zemberek master-dictionary + FrequencyWords tr_50k
e1c76838-cb32-55ea-a6ea-1519a9186a94,BUĞUR,5,true,false,2026-08-02T00:00:00Z,,,Zemberek master-dictionary + FrequencyWords tr_50k
d0047505-f17f-51cf-8c62-674a981d733b,BÖBÜR,5,true,false,2026-08-02T00:00:00Z,,,Zemberek master-dictionary + FrequencyWords tr_50k
f124c276-f823-5e9d-a5f5-52eb7bfb99b1,BÖCEK,5,true,true,2026-08-02T00:00:00Z,5020,3820,Zemberek master-dictionary + FrequencyWords tr_50k
7d1c0f2f-28ab-5f06-b240-198251e331bc,BÖLGE,5,true,true,2026-08-02T00:00:00Z,11310,1737,Zemberek master-dictionary + FrequencyWords tr_50k
79dfc4f2-3163-5420-8346-daccca073c05,BÖLME,5,true,true,2026-08-02T00:00:00Z,718,20069,Zemberek master-dictionary + FrequencyWords tr_50k
cae865e4-b483-5dfd-933e-a27af8d8075b,BÖLÜK,5,true,true,2026-08-02T00:00:00Z,1276,12610,Zemberek master-dictionary + FrequencyWords tr_50k
863ca250-9db5-58e5-8054-83d859317725,BÖLÜM,5,true,true,2026-08-02T00:00:00Z,18848,1065,Zemberek master-dictionary + FrequencyWords tr_50k
d93eeded-e1ab-516e-936b-b93e43bc1749,BÖLÜT,5,true,false,2026-08-02T00:00:00Z,,,Zemberek master-dictionary + FrequencyWords tr_50k
d7d5ba70-f9a5-54f2-b3f2-d73b1c74143d,BÖNCE,5,true,false,2026-08-02T00:00:00Z,,,Zemberek master-dictionary + FrequencyWords tr_50k
435f8b80-f8f0-5161-a74b-9620b0de2dd5,BÖREK,5,true,true,2026-08-02T00:00:00Z,752,19346,Zemberek master-dictionary + FrequencyWords tr_50k
926ab008-4ad7-5a30-b9ef-0849bc7dd73d,BÖRTÜ,5,true,false,2026-08-02T00:00:00Z,,,Zemberek master-dictionary + FrequencyWords tr_50k
de1c954e-92ea-58cd-8d10-bc6975951184,BÖYLE,5,true,false,2026-08-02T00:00:00Z,308249,59,Zemberek master-dictionary + FrequencyWords tr_50k
2d196d02-8cbf-58cf-9ecf-ee359e1513b1,BÖĞÜR,5,true,false,2026-08-02T00:00:00Z,,,Zemberek master-dictionary + FrequencyWords tr_50k
9e50154c-43b1-56d1-81f0-d8a8449c03cc,BÜCÜR,5,true,true,2026-08-02T00:00:00Z,563,24163,Zemberek master-dictionary + FrequencyWords tr_50k
e2f435c2-e052-576a-a6bb-ff62f7057a48,BÜCÜŞ,5,true,false,2026-08-02T00:00:00Z,,,Zemberek master-dictionary + FrequencyWords tr_50k
8aa08f38-d396-54f1-9831-93d9ee18f6e0,BÜKEN,5,true,false,2026-08-02T00:00:00Z,,,Zemberek master-dictionary + FrequencyWords tr_50k
a06bf078-d5c4-5b8d-87b9-c4ae9d5f4802,BÜKÜK,5,true,false,2026-08-02T00:00:00Z,,,Zemberek master-dictionary + FrequencyWords tr_50k
842706d8-4cad-5e4e-bdc7-5a681123e09f,BÜKÜM,5,true,false,2026-08-02T00:00:00Z,,,Zemberek master-dictionary + FrequencyWords tr_50k
f72bc53c-c799-51bc-968d-ba07fa5cd11d,BÜKÜN,5,true,false,2026-08-02T00:00:00Z,,,Zemberek master-dictionary + FrequencyWords tr_50k
49c3a70f-9e8d-5b07-9846-2cf879b20a89,BÜKÜÇ,5,true,false,2026-08-02T00:00:00Z,,,Zemberek master-dictionary + FrequencyWords tr_50k
8ee33565-1fcc-5d9d-bd05-4629eb599488,BÜLUĞ,5,true,false,2026-08-02T00:00:00Z,,,Zemberek master-dictionary + FrequencyWords tr_50k
f856f44c-2291-5cbc-a052-3b58aaa5d5a9,BÜNYE,5,true,false,2026-08-02T00:00:00Z,,,Zemberek master-dictionary + FrequencyWords tr_50k
7848c09a-ffa1-5595-b2bc-41e64eda7548,BÜRGÜ,5,true,false,2026-08-02T00:00:00Z,,,Zemberek master-dictionary + FrequencyWords tr_50k
66c94159-55aa-500d-adb0-e9023618b56d,BÜRÜK,5,true,false,2026-08-02T00:00:00Z,,,Zemberek master-dictionary + FrequencyWords tr_50k
45939224-d453-5a81-aa5e-e169dfd0fd2e,BÜRÜN,5,true,false,2026-08-02T00:00:00Z,,,Zemberek master-dictionary + FrequencyWords tr_50k
dc46f304-7971-5eb1-8f63-f7e89bb167fc,BÜTAN,5,true,false,2026-08-02T00:00:00Z,,,Zemberek master-dictionary + FrequencyWords tr_50k
dd794a33-764f-51e2-bdfb-dce7f0ed37f7,BÜTEN,5,true,false,2026-08-02T00:00:00Z,,,Zemberek master-dictionary + FrequencyWords tr_50k
27d6d61f-50f2-57cb-8d18-f97e3c95391a,BÜTÇE,5,true,true,2026-08-02T00:00:00Z,1419,11520,Zemberek master-dictionary + FrequencyWords tr_50k
b842e217-4402-57be-80fb-52b3316f790a,BÜTÜN,5,true,false,2026-08-02T00:00:00Z,168714,121,Zemberek master-dictionary + FrequencyWords tr_50k
361d2e1a-85ea-58cb-b929-44be59e053ad,BÜVET,5,true,false,2026-08-02T00:00:00Z,,,Zemberek master-dictionary + FrequencyWords tr_50k
c6e98489-2bdc-55ab-a632-1249fbf623d8,BÜYÜK,5,true,true,2026-08-02T00:00:00Z,234637,79,Zemberek master-dictionary + FrequencyWords tr_50k
b8a7d9c1-50c6-5f0c-b5a7-b71d7376e8af,BÜZGÜ,5,true,false,2026-08-02T00:00:00Z,,,Zemberek master-dictionary + FrequencyWords tr_50k
0326eff0-a959-586e-b48e-c4d0128fcbaa,BÜZÜK,5,true,false,2026-08-02T00:00:00Z,,,Zemberek master-dictionary + FrequencyWords tr_50k
d9ea9a63-5a2f-5099-b559-be841ecce6c1,BÜĞET,5,true,false,2026-08-02T00:00:00Z,,,Zemberek master-dictionary + FrequencyWords tr_50k
8dac6042-7ba8-5ff5-bd7b-566a7d1b7677,BÜĞLÜ,5,true,false,2026-08-02T00:00:00Z,,,Zemberek master-dictionary + FrequencyWords tr_50k
1c6f0749-0c26-5a6b-9770-9eea1202bee4,BİBER,5,true,true,2026-08-02T00:00:00Z,2075,8363,Zemberek master-dictionary + FrequencyWords tr_50k
fa7ef5d3-4998-5725-89fc-4d4d341a4ce4,BİBLO,5,true,false,2026-08-02T00:00:00Z,,,Zemberek master-dictionary + FrequencyWords tr_50k
18fea9f6-6da9-542b-8285-889a9f9b1208,BİCİK,5,true,false,2026-08-02T00:00:00Z,,,Zemberek master-dictionary + FrequencyWords tr_50k
e78ab6a5-9f3d-5338-ad92-dd1920ccb4de,BİDAR,5,true,false,2026-08-02T00:00:00Z,,,Zemberek master-dictionary + FrequencyWords tr_50k
2817b44c-c618-5ef6-af7b-5e1eb48837d2,BİDAT,5,true,false,2026-08-02T00:00:00Z,,,Zemberek master-dictionary + FrequencyWords tr_50k
86229507-98ef-5f3f-92c1-efdca0e00063,BİDON,5,true,false,2026-08-02T00:00:00Z,,,Zemberek master-dictionary + FrequencyWords tr_50k
4cd5c06b-4af3-5571-99f1-eb35aeb95735,BİHUŞ,5,true,false,2026-08-02T00:00:00Z,,,Zemberek master-dictionary + FrequencyWords tr_50k
62f6fc9d-6d19-5e3f-b638-41bb20bbaac2,BİJON,5,true,false,2026-08-02T00:00:00Z,,,Zemberek master-dictionary + FrequencyWords tr_50k
bb266a00-21c1-5206-a1f2-f2ffb8974faa,BİKES,5,true,false,2026-08-02T00:00:00Z,,,Zemberek master-dictionary + FrequencyWords tr_50k
b1805b51-f2ab-5ee3-aa24-73829b626289,BİKİR,5,true,false,2026-08-02T00:00:00Z,,,Zemberek master-dictionary + FrequencyWords tr_50k
52138641-8bae-5c69-917a-6376ba05e8a4,BİLAR,5,true,false,2026-08-02T00:00:00Z,,,Zemberek master-dictionary + FrequencyWords tr_50k
c14f4285-52ed-5252-bb9a-bb66fec228cc,BİLEK,5,true,true,2026-08-02T00:00:00Z,803,18353,Zemberek master-dictionary + FrequencyWords tr_50k
bd80f43f-3bd6-5c35-b3a5-57727aee3ff2,BİLET,5,true,true,2026-08-02T00:00:00Z,6784,2888,Zemberek master-dictionary + FrequencyWords tr_50k
7353f35e-83d9-5f3f-9e32-0f04d8555f32,BİLGE,5,true,true,2026-08-02T00:00:00Z,1759,9633,Zemberek master-dictionary + FrequencyWords tr_50k
a69a3661-29d6-555c-89d5-5e293489d142,BİLGİ,5,true,true,2026-08-02T00:00:00Z,26785,766,Zemberek master-dictionary + FrequencyWords tr_50k
b36ab115-c87d-5e47-97a0-275e86b1d5ca,BİLYE,5,true,false,2026-08-02T00:00:00Z,,,Zemberek master-dictionary + FrequencyWords tr_50k
f39180a1-ea95-5a8d-a33d-8c7e3a4eae91,BİLİM,5,true,true,2026-08-02T00:00:00Z,13591,1473,Zemberek master-dictionary + FrequencyWords tr_50k
0f809b97-7c0b-532c-a4ab-eb59350512db,BİLİR,5,true,true,2026-08-02T00:00:00Z,24477,838,Zemberek master-dictionary + FrequencyWords tr_50k
ae90061a-8bcb-56de-8c07-c9cb127a76cb,BİLİŞ,5,true,false,2026-08-02T00:00:00Z,,,Zemberek master-dictionary + FrequencyWords tr_50k
4093cf54-a5b0-5c78-a657-c29dff6eff3e,BİNDİ,5,true,true,2026-08-02T00:00:00Z,1232,12986,Zemberek master-dictionary + FrequencyWords tr_50k
34f325e1-d73a-57b0-8779-1e10c9ea5b12,BİNEK,5,true,false,2026-08-02T00:00:00Z,,,Zemberek master-dictionary + FrequencyWords tr_50k
f028b56a-9543-5ba3-b6d2-269b67e72bd4,BİNER,5,true,true,2026-08-02T00:00:00Z,649,21696,Zemberek master-dictionary + FrequencyWords tr_50k
dc0938e7-b7a8-5dac-86db-7e5d18096c23,BİNGİ,5,true,false,2026-08-02T00:00:00Z,,,Zemberek master-dictionary + FrequencyWords tr_50k
401d39df-ded3-57e3-8282-b4caf5a8357b,BİNİT,5,true,false,2026-08-02T00:00:00Z,,,Zemberek master-dictionary + FrequencyWords tr_50k
3ac72a93-767e-5bae-aee8-ef13daa2863a,BİRAZ,5,true,false,2026-08-02T00:00:00Z,357184,52,Zemberek master-dictionary + FrequencyWords tr_50k
ffbe54c1-40e4-5700-99d5-921d9007be67,BİRER,5,true,true,2026-08-02T00:00:00Z,11224,1749,Zemberek master-dictionary + FrequencyWords tr_50k
4cea0af2-cdc4-56da-82f7-481cee037db2,BİREY,5,true,true,2026-08-02T00:00:00Z,827,17904,Zemberek master-dictionary + FrequencyWords tr_50k
6a300248-4b3a-5522-a54f-ab46a387a4f9,BİRUN,5,true,false,2026-08-02T00:00:00Z,,,Zemberek master-dictionary + FrequencyWords tr_50k
3c6058ca-f79a-5e62-a112-8b4a366cdc97,BİRİM,5,true,true,2026-08-02T00:00:00Z,2818,6428,Zemberek master-dictionary + FrequencyWords tr_50k
ef71f2f8-0cbc-575c-868b-ff26c261a4f8,BİTAP,5,true,true,2026-08-02T00:00:00Z,331,36118,Zemberek master-dictionary + FrequencyWords tr_50k
16c4ec51-da03-5a1e-8850-16762ca7e3ea,BİTEK,5,true,false,2026-08-02T00:00:00Z,,,Zemberek master-dictionary + FrequencyWords tr_50k
c200325e-7fe0-51f1-992d-37750db8789a,BİTEY,5,true,false,2026-08-02T00:00:00Z,,,Zemberek master-dictionary + FrequencyWords tr_50k
8b5d5807-5e9a-5881-9c78-a9e4bffc051b,BİTKİ,5,true,true,2026-08-02T00:00:00Z,3059,5969,Zemberek master-dictionary + FrequencyWords tr_50k
926cc7f7-734e-58fc-88b9-39eef13c9a2d,BİTÜM,5,true,false,2026-08-02T00:00:00Z,,,Zemberek master-dictionary + FrequencyWords tr_50k
c3cf1184-f45f-5707-b2e3-a56b03cf4a58,BİTİK,5,true,true,2026-08-02T00:00:00Z,485,27122,Zemberek master-dictionary + FrequencyWords tr_50k
cc0e88c9-dc03-589d-9204-bbc6455405f7,BİTİM,5,true,false,2026-08-02T00:00:00Z,,,Zemberek master-dictionary + FrequencyWords tr_50k
fcb14d9e-07e0-5054-b89d-79afc2ae389b,BİYEL,5,true,false,2026-08-02T00:00:00Z,,,Zemberek master-dictionary + FrequencyWords tr_50k
789a8d98-6c5b-5aef-a318-437dff9123ea,BİZAR,5,true,false,2026-08-02T00:00:00Z,,,Zemberek master-dictionary + FrequencyWords tr_50k
1eaa95a3-61f6-5c53-97df-2bc69102a1ce,BİZCE,5,true,true,2026-08-02T00:00:00Z,494,26727,Zemberek master-dictionary + FrequencyWords tr_50k
cef2d59d-93e0-5c09-a511-d9424a8d426c,BİZON,5,true,false,2026-08-02T00:00:00Z,236,46150,Zemberek master-dictionary + FrequencyWords tr_50k
3a769a09-2b57-5f98-859e-740a11358ebb,BİÇEM,5,true,false,2026-08-02T00:00:00Z,,,Zemberek master-dictionary + FrequencyWords tr_50k
540939e1-77bd-5f4e-a051-a8b50e6ac487,BİÇKİ,5,true,false,2026-08-02T00:00:00Z,,,Zemberek master-dictionary + FrequencyWords tr_50k
1229b3a9-56fb-58d0-93e2-8a9b7f05c511,BİÇİM,5,true,true,2026-08-02T00:00:00Z,3807,4882,Zemberek master-dictionary + FrequencyWords tr_50k
359383f1-012f-5ec6-b693-43b2564be59f,BİŞEK,5,true,false,2026-08-02T00:00:00Z,,,Zemberek master-dictionary + FrequencyWords tr_50k
36e80e3b-eb70-5699-b750-6ceca2f72212,CACIK,5,true,false,2026-08-02T00:00:00Z,,,Zemberek master-dictionary + FrequencyWords tr_50k
cefca146-5580-57dc-82d8-e9d962c478e2,CADDE,5,true,true,2026-08-02T00:00:00Z,3409,5393,Zemberek master-dictionary + FrequencyWords tr_50k
55aa31bc-3e76-5bb2-9ee3-9b30c64391dd,CAHİL,5,true,true,2026-08-02T00:00:00Z,1636,10244,Zemberek master-dictionary + FrequencyWords tr_50k
dccbf252-cb61-571c-bb5b-df5ac9382022,CALİP,5,true,false,2026-08-02T00:00:00Z,,,Zemberek master-dictionary + FrequencyWords tr_50k
795f2d09-636f-5ab7-aaa5-a4726bdbdd9e,CAMIZ,5,true,false,2026-08-02T00:00:00Z,,,Zemberek master-dictionary + FrequencyWords tr_50k
efe10926-f635-5ad9-9721-a6f2bd924ad2,CAMİA,5,true,false,2026-08-02T00:00:00Z,,,Zemberek master-dictionary + FrequencyWords tr_50k
0db86906-889a-531e-b75f-ae5de340f0ff,CAMİT,5,true,false,2026-08-02T00:00:00Z,,,Zemberek master-dictionary + FrequencyWords tr_50k
b67cfb61-da1d-5d8f-9acd-51601dd306c1,CANAN,5,true,false,2026-08-02T00:00:00Z,,,Zemberek master-dictionary + FrequencyWords tr_50k
415415c0-fe85-5059-9b8c-5a6433a441ab,CANLI,5,true,true,2026-08-02T00:00:00Z,22548,912,Zemberek master-dictionary + FrequencyWords tr_50k
e3adb4b9-103f-51f7-a395-7b4fddd6128c,CANİP,5,true,false,2026-08-02T00:00:00Z,,,Zemberek master-dictionary + FrequencyWords tr_50k
8e9ef384-e4f1-538e-98bb-724a47de80bb,CARTA,5,true,false,2026-08-02T00:00:00Z,,,Zemberek master-dictionary + FrequencyWords tr_50k
b7d36fbe-668f-557e-b931-27752116b94f,CASUS,5,true,true,2026-08-02T00:00:00Z,3354,5501,Zemberek master-dictionary + FrequencyWords tr_50k
015d8f70-d938-5ebc-9d88-bf61a843cebd,CAYIR,5,true,true,2026-08-02T00:00:00Z,477,27443,Zemberek master-dictionary + FrequencyWords tr_50k
e9572dda-fc88-5bde-a9ac-288cd0938cfd,CAZIR,5,true,false,2026-08-02T00:00:00Z,,,Zemberek master-dictionary + FrequencyWords tr_50k
8dc6ed80-b139-521a-a9ff-e43ec66275ff,CAZİP,5,true,true,2026-08-02T00:00:00Z,1080,14439,Zemberek master-dictionary + FrequencyWords tr_50k
d94c676e-a9ba-58d0-8204-0812cd4d0d10,CAİZE,5,true,false,2026-08-02T00:00:00Z,,,Zemberek master-dictionary + FrequencyWords tr_50k
93abb93a-1146-515d-81cf-4c383fc3f490,CEBEL,5,true,false,2026-08-02T00:00:00Z,,,Zemberek master-dictionary + FrequencyWords tr_50k
05b42de9-3b1e-5c32-a67b-a1daff85d65c,CEBİN,5,true,false,2026-08-02T00:00:00Z,,,Zemberek master-dictionary + FrequencyWords tr_50k
4b7cd378-91ec-5358-8c3b-6206bbf866ea,CEBİR,5,true,true,2026-08-02T00:00:00Z,292,39592,Zemberek master-dictionary + FrequencyWords tr_50k
a6d5ec2a-48d2-5d30-9d71-931c46dd7021,CEDRE,5,true,false,2026-08-02T00:00:00Z,,,Zemberek master-dictionary + FrequencyWords tr_50k
db2a506e-1fba-5784-bff2-bfd5700e38bf,CEDİT,5,true,false,2026-08-02T00:00:00Z,,,Zemberek master-dictionary + FrequencyWords tr_50k
281ddd03-39da-545d-b652-a74fc1ca91e8,CEHRE,5,true,false,2026-08-02T00:00:00Z,,,Zemberek master-dictionary + FrequencyWords tr_50k
0ee45c32-7f7c-5c42-84be-e486c23fd2ef,CEHRİ,5,true,false,2026-08-02T00:00:00Z,,,Zemberek master-dictionary + FrequencyWords tr_50k
2c827ac2-931b-56fc-aee4-d8663c7c4084,CEHİL,5,true,false,2026-08-02T00:00:00Z,,,Zemberek master-dictionary + FrequencyWords tr_50k
c4a6ebca-00a7-53b3-84b7-22ea483f1dc0,CEHİT,5,true,false,2026-08-02T00:00:00Z,,,Zemberek master-dictionary + FrequencyWords tr_50k
b263b557-7197-54db-b8df-957d3427bdea,CEKET,5,true,true,2026-08-02T00:00:00Z,2595,6914,Zemberek master-dictionary + FrequencyWords tr_50k
37a25d21-740f-56f7-aac8-a06acad3c3bc,CELBE,5,true,false,2026-08-02T00:00:00Z,,,Zemberek master-dictionary + FrequencyWords tr_50k
a1ec9462-d348-51cd-aedf-8c29cf940c23,CELEP,5,true,false,2026-08-02T00:00:00Z,,,Zemberek master-dictionary + FrequencyWords tr_50k
31933b46-4481-59d6-8c91-dd283b7c33e7,CELSE,5,true,false,2026-08-02T00:00:00Z,,,Zemberek master-dictionary + FrequencyWords tr_50k
75d4a2c6-85c2-52a4-bef1-3ea14e73a79c,CELİL,5,true,false,2026-08-02T00:00:00Z,,,Zemberek master-dictionary + FrequencyWords tr_50k
9c3709d9-4971-54ab-9911-560e72d1b95e,CEMAL,5,true,true,2026-08-02T00:00:00Z,529,25350,Zemberek master-dictionary + FrequencyWords tr_50k
e8317704-f298-51ce-af81-67baa5bdc48b,CEMAN,5,true,false,2026-08-02T00:00:00Z,,,Zemberek master-dictionary + FrequencyWords tr_50k
8271fc89-1adf-5957-9ebb-b59a04868d05,CEMRE,5,true,true,2026-08-02T00:00:00Z,704,20366,Zemberek master-dictionary + FrequencyWords tr_50k
5c698517-9f49-57c5-98af-8cc137cb2a8f,CEMİL,5,true,false,2026-08-02T00:00:00Z,258,43281,Zemberek master-dictionary + FrequencyWords tr_50k
3cbbdf22-efd6-5129-8113-b3eabbddc9c7,CENAH,5,true,false,2026-08-02T00:00:00Z,,,Zemberek master-dictionary + FrequencyWords tr_50k
b936ba4a-e75b-5511-a04b-0ef38b667114,CENAP,5,true,false,2026-08-02T00:00:00Z,,,Zemberek master-dictionary + FrequencyWords tr_50k
3687d404-ff6b-586b-bec4-d3dd3e929988,CENUP,5,true,false,2026-08-02T00:00:00Z,,,Zemberek master-dictionary + FrequencyWords tr_50k
110666b7-da95-5bdc-95ce-bf537a4a443d,CENİN,5,true,false,2026-08-02T00:00:00Z,262,42885,Zemberek master-dictionary + FrequencyWords tr_50k
dd39541b-6cd1-502d-9814-ae49956f0925,CEPHE,5,true,true,2026-08-02T00:00:00Z,823,17973,Zemberek master-dictionary + FrequencyWords tr_50k
0988a946-582e-5376-be57-9458d4908b7e,CEREN,5,true,false,2026-08-02T00:00:00Z,238,45907,Zemberek master-dictionary + FrequencyWords tr_50k
14f5aca3-7030-50d5-bc23-986099c5ffa2,CESET,5,true,false,2026-08-02T00:00:00Z,11201,1754,Zemberek master-dictionary + FrequencyWords tr_50k
085491c8-7657-5396-94b5-90b1e2d1b4f6,CESTE,5,true,false,2026-08-02T00:00:00Z,,,Zemberek master-dictionary + FrequencyWords tr_50k
fb388e2f-8a28-5ddc-9c62-6c9efef45d1f,CESUR,5,true,true,2026-08-02T00:00:00Z,10544,1863,Zemberek master-dictionary + FrequencyWords tr_50k
8c7af484-690f-56ba-bb7d-0ffeeb667ab9,CESİM,5,true,false,2026-08-02T00:00:00Z,,,Zemberek master-dictionary + FrequencyWords tr_50k
74a87819-68a9-5e9b-9850-4e166cddc66e,CEVAP,5,true,true,2026-08-02T00:00:00Z,49354,430,Zemberek master-dictionary + FrequencyWords tr_50k
b7ce1ba3-2e54-55b6-9422-c9abc3740338,CEVAZ,5,true,false,2026-08-02T00:00:00Z,,,Zemberek master-dictionary + FrequencyWords tr_50k
7055ccb1-a0ac-5a5b-b6ff-1f8a66a5423c,CEVVİ,5,true,false,2026-08-02T00:00:00Z,,,Zemberek master-dictionary + FrequencyWords tr_50k
1ba6dbb0-63bf-566a-b6a5-6c2fbc33a258,CEVİR,5,true,false,2026-08-02T00:00:00Z,,,Zemberek master-dictionary + FrequencyWords tr_50k
3f7e3cf2-46b8-5731-8fc2-c53a6dc34f3a,CEVİZ,5,true,true,2026-08-02T00:00:00Z,1126,13950,Zemberek master-dictionary + FrequencyWords tr_50k
1b80e2ee-d891-5ff8-9087-72f2ae1b339e,CEZAİ,5,true,true,2026-08-02T00:00:00Z,354,34291,Zemberek master-dictionary + FrequencyWords tr_50k
58cf6a3e-fabd-5804-bab5-b7c723afc528,CEZBE,5,true,false,2026-08-02T00:00:00Z,,,Zemberek master-dictionary + FrequencyWords tr_50k
94610d04-a598-5542-b30c-57c6c70b45a2,CEZVE,5,true,false,2026-08-02T00:00:00Z,,,Zemberek master-dictionary + FrequencyWords tr_50k
240bed11-03be-5bdb-9def-f12fce6b765c,CEZİR,5,true,false,2026-08-02T00:00:00Z,,,Zemberek master-dictionary + FrequencyWords tr_50k
9b6f1479-d54b-59e2-ad70-e246bafbea62,CIBIL,5,true,false,2026-08-02T00:00:00Z,,,Zemberek master-dictionary + FrequencyWords tr_50k
3228af93-3bb8-5e30-91ea-c9192bf3adcc,CICIK,5,true,false,2026-08-02T00:00:00Z,,,Zemberek master-dictionary + FrequencyWords tr_50k
88b0ebdd-3669-54f8-b40d-2444a424dfbd,CILIZ,5,true,true,2026-08-02T00:00:00Z,594,23212,Zemberek master-dictionary + FrequencyWords tr_50k
3c7afcea-969e-5875-aeb1-00027928b61e,CIVIK,5,true,false,2026-08-02T00:00:00Z,,,Zemberek master-dictionary + FrequencyWords tr_50k
51ae8177-d5c1-5e6d-afd6-ce1a706660dd,CIVIL,5,true,false,2026-08-02T00:00:00Z,,,Zemberek master-dictionary + FrequencyWords tr_50k
8ca2df45-b55e-50de-ae8a-472ed499e15c,CIYAK,5,true,false,2026-08-02T00:00:00Z,,,Zemberek master-dictionary + FrequencyWords tr_50k
485aea69-e89a-58c8-95a8-ad53fcdf7258,CIZIK,5,true,false,2026-08-02T00:00:00Z,,,Zemberek master-dictionary + FrequencyWords tr_50k
c253e3f8-73db-5841-af78-2d93a91fcd86,CIZIR,5,true,false,2026-08-02T00:00:00Z,,,Zemberek master-dictionary + FrequencyWords tr_50k
b284f2a1-fe53-5a82-96b3-d0be33f507d7,CONTA,5,true,false,2026-08-02T00:00:00Z,,,Zemberek master-dictionary + FrequencyWords tr_50k
cf79d505-e90d-566c-b93d-bbe91e0e3514,CORUM,5,true,false,2026-08-02T00:00:00Z,,,Zemberek master-dictionary + FrequencyWords tr_50k
9b3d6257-d300-5b28-b256-e4b5782e29d9,COŞKU,5,true,true,2026-08-02T00:00:00Z,422,30172,Zemberek master-dictionary + FrequencyWords tr_50k
1045cf81-0443-5552-9ebe-933318b2e437,CUBUR,5,true,true,2026-08-02T00:00:00Z,613,22686,Zemberek master-dictionary + FrequencyWords tr_50k
4ee0edd3-9c5e-5e0e-8996-614f9a3c3097,CUDAM,5,true,false,2026-08-02T00:00:00Z,,,Zemberek master-dictionary + FrequencyWords tr_50k
d52d518a-4ad5-5fcb-9db5-45fabe493876,CUKKA,5,true,false,2026-08-02T00:00:00Z,,,Zemberek master-dictionary + FrequencyWords tr_50k
32a38497-a8cf-59f1-a4c6-22a820f5f240,CUMBA,5,true,false,2026-08-02T00:00:00Z,,,Zemberek master-dictionary + FrequencyWords tr_50k
8067a72b-b0a7-575f-b732-68788d206868,CUNDA,5,true,false,2026-08-02T00:00:00Z,,,Zemberek master-dictionary + FrequencyWords tr_50k
0222fba5-6975-5b58-abe0-acc3edd23345,CUNTA,5,true,false,2026-08-02T00:00:00Z,,,Zemberek master-dictionary + FrequencyWords tr_50k
77b3b900-d49e-5991-9f74-1cf4d9daf94f,CUŞİŞ,5,true,false,2026-08-02T00:00:00Z,,,Zemberek master-dictionary + FrequencyWords tr_50k
eea23079-05ec-5b76-88f8-11d3082dc6e0,CÜBBE,5,true,false,2026-08-02T00:00:00Z,,,Zemberek master-dictionary + FrequencyWords tr_50k
b9b6f4dd-e534-53e6-b45f-41b8a9b7737b,CÜCÜK,5,true,false,2026-08-02T00:00:00Z,,,Zemberek master-dictionary + FrequencyWords tr_50k
68d0ce0e-b98b-597e-a1ca-19e5dd454974,CÜLUS,5,true,false,2026-08-02T00:00:00Z,,,Zemberek master-dictionary + FrequencyWords tr_50k
b7037a89-4bbc-5a5d-a2dc-c369135c2d29,CÜMLE,5,true,false,2026-08-02T00:00:00Z,1750,9686,Zemberek master-dictionary + FrequencyWords tr_50k
19b11a67-4cb4-58aa-988c-c75e83c842c2,CÜNHA,5,true,false,2026-08-02T00:00:00Z,,,Zemberek master-dictionary + FrequencyWords tr_50k
6749a943-d416-5d26-837f-9c4dbd6f68b4,CÜNUN,5,true,false,2026-08-02T00:00:00Z,,,Zemberek master-dictionary + FrequencyWords tr_50k
f4ed8d61-6d38-5d0f-bf67-371a707b51d0,CÜNÜP,5,true,false,2026-08-02T00:00:00Z,,,Zemberek master-dictionary + FrequencyWords tr_50k
5c90a5a6-420e-5d3b-a713-8ff8793f511a,CÜRET,5,true,true,2026-08-02T00:00:00Z,4524,4204,Zemberek master-dictionary + FrequencyWords tr_50k
b8c9d3a5-5d20-5a16-af4b-9d17fdd903ad,CÜRUF,5,true,false,2026-08-02T00:00:00Z,,,Zemberek master-dictionary + FrequencyWords tr_50k
ce9154eb-0fb3-59b5-87cf-cb986733cb5b,CÜRÜM,5,true,false,2026-08-02T00:00:00Z,,,Zemberek master-dictionary + FrequencyWords tr_50k
c7425f92-fdcc-5cdf-b2d7-1f0acde5e4d8,CÜSSE,5,true,false,2026-08-02T00:00:00Z,,,Zemberek master-dictionary + FrequencyWords tr_50k
c744d954-befe-5c24-967c-230a5e9b9171,CİBRE,5,true,false,2026-08-02T00:00:00Z,,,Zemberek master-dictionary + FrequencyWords tr_50k
a4ca0769-09ad-5ef3-96fb-d5f79c559c7d,CİBİN,5,true,false,2026-08-02T00:00:00Z,,,Zemberek master-dictionary + FrequencyWords tr_50k
10ef17ca-482b-5af6-bc8d-081fb4575433,CİCOZ,5,true,false,2026-08-02T00:00:00Z,,,Zemberek master-dictionary + FrequencyWords tr_50k
380a7218-bb92-5b20-8812-f9798dfda890,CİCİK,5,true,false,2026-08-02T00:00:00Z,,,Zemberek master-dictionary + FrequencyWords tr_50k
cc11b21d-00f0-5087-8edc-7f5f08bef9d6,CİCİM,5,true,false,2026-08-02T00:00:00Z,257,43449,Zemberek master-dictionary + FrequencyWords tr_50k
184215ae-c177-5b7c-a9b5-fa0b403fa9fb,CİDAL,5,true,false,2026-08-02T00:00:00Z,,,Zemberek master-dictionary + FrequencyWords tr_50k
b18707ea-144f-540b-bedf-3a9ecd301b6b,CİDAR,5,true,false,2026-08-02T00:00:00Z,,,Zemberek master-dictionary + FrequencyWords tr_50k
787322a4-1ddd-5d13-87d4-e1e9b392fe45,CİDDİ,5,true,true,2026-08-02T00:00:00Z,45995,459,Zemberek master-dictionary + FrequencyWords tr_50k
b1ab9eed-b5fd-5e66-a632-f50b4658e92c,CİHAN,5,true,false,2026-08-02T00:00:00Z,269,42055,Zemberek master-dictionary + FrequencyWords tr_50k
48721e4d-f853-5321-85bb-e1f29da99056,CİHAR,5,true,false,2026-08-02T00:00:00Z,,,Zemberek master-dictionary + FrequencyWords tr_50k
c7070c9f-ce0b-591c-84db-d8ccc3197faa,CİHAT,5,true,false,2026-08-02T00:00:00Z,237,46089,Zemberek master-dictionary + FrequencyWords tr_50k
2fbb638f-aff9-5d30-a94b-277e3cf21813,CİHAZ,5,true,true,2026-08-02T00:00:00Z,1706,9917,Zemberek master-dictionary + FrequencyWords tr_50k
58310bd9-e6b5-55bc-9b81-a6acb4ef4dce,CİHET,5,true,false,2026-08-02T00:00:00Z,,,Zemberek master-dictionary + FrequencyWords tr_50k
69903c7c-3e4c-59d0-ad83-a81b9e5716a7,CİLVE,5,true,false,2026-08-02T00:00:00Z,,,Zemberek master-dictionary + FrequencyWords tr_50k
c45c27e4-b866-576f-9313-9da08f065523,CİMRİ,5,true,true,2026-08-02T00:00:00Z,877,17050,Zemberek master-dictionary + FrequencyWords tr_50k
015d4904-c4b9-5fae-a5a5-1f6bbee61cb8,CİNAS,5,true,false,2026-08-02T00:00:00Z,,,Zemberek master-dictionary + FrequencyWords tr_50k
51eac3f4-a261-5967-b33f-d2b39eed75f9,CİNAİ,5,true,false,2026-08-02T00:00:00Z,,,Zemberek master-dictionary + FrequencyWords tr_50k
f9a431e0-381a-5355-b6ec-95ed2a164fcf,CİRİM,5,true,false,2026-08-02T00:00:00Z,,,Zemberek master-dictionary + FrequencyWords tr_50k
0cadcbc2-eaf1-55a5-ae34-dc44e2e2e105,CİRİT,5,true,false,2026-08-02T00:00:00Z,291,39632,Zemberek master-dictionary + FrequencyWords tr_50k
bbb5c997-ab88-5f11-8723-227b7276148b,CİSİM,5,true,true,2026-08-02T00:00:00Z,674,21052,Zemberek master-dictionary + FrequencyWords tr_50k
5200a691-4222-52ce-9b3e-21fc68ac7b1d,CİVAN,5,true,false,2026-08-02T00:00:00Z,,,Zemberek master-dictionary + FrequencyWords tr_50k
e0c66e2a-57ed-58fc-8454-0d79da7b1d3f,CİVAR,5,true,false,2026-08-02T00:00:00Z,,,Zemberek master-dictionary + FrequencyWords tr_50k
67545d4b-b386-5511-9c11-60ae63ccc7fe,CİYAK,5,true,false,2026-08-02T00:00:00Z,,,Zemberek master-dictionary + FrequencyWords tr_50k
ad7e762d-9025-5e38-981b-5866a2aa1c4d,CİZYE,5,true,false,2026-08-02T00:00:00Z,,,Zemberek master-dictionary + FrequencyWords tr_50k
7399973d-f116-578e-96e2-30dbb6cea8b1,CİĞER,5,true,true,2026-08-02T00:00:00Z,549,24621,Zemberek master-dictionary + FrequencyWords tr_50k
aac30d64-0bee-5f3c-9709-8530143993bf,DADAŞ,5,true,false,2026-08-02T00:00:00Z,,,Zemberek master-dictionary + FrequencyWords tr_50k
69564630-f7f4-5434-b45b-6a3b1555d685,DAHİL,5,true,true,2026-08-02T00:00:00Z,14995,1339,Zemberek master-dictionary + FrequencyWords tr_50k
ca5a5fe8-2339-56a5-9636-b348e404a0e2,DAKİK,5,true,true,2026-08-02T00:00:00Z,435,29452,Zemberek master-dictionary + FrequencyWords tr_50k
d1286555-3a94-550d-81ff-202219bc075d,DALAK,5,true,false,2026-08-02T00:00:00Z,280,40794,Zemberek master-dictionary + FrequencyWords tr_50k
18a550bb-d7ca-52f9-b90b-0bb8c5d79595,DALAN,5,true,false,2026-08-02T00:00:00Z,,,Zemberek master-dictionary + FrequencyWords tr_50k
92a1cd8c-9708-5eaf-a5c5-d499be2cf3b2,DALAŞ,5,true,false,2026-08-02T00:00:00Z,,,Zemberek master-dictionary + FrequencyWords tr_50k
206e925c-c821-5cf1-8b44-e164e7314d01,DALGA,5,true,true,2026-08-02T00:00:00Z,26054,793,Zemberek master-dictionary + FrequencyWords tr_50k
aaa2650e-1c1d-53b8-867c-b94fed83da19,DALGI,5,true,false,2026-08-02T00:00:00Z,,,Zemberek master-dictionary + FrequencyWords tr_50k
ea9c5c68-c030-5f9a-af42-fd64915d640a,DALIZ,5,true,false,2026-08-02T00:00:00Z,,,Zemberek master-dictionary + FrequencyWords tr_50k
c5c2bf23-1290-54b0-82cc-00225d66fbbb,DALYA,5,true,false,2026-08-02T00:00:00Z,,,Zemberek master-dictionary + FrequencyWords tr_50k
322bef7f-ffa6-5f53-8bfd-ae97b501759d,DAMAK,5,true,false,2026-08-02T00:00:00Z,527,25437,Zemberek master-dictionary + FrequencyWords tr_50k
1e477e3e-be55-5574-a35e-6a37766ed69f,DAMAR,5,true,true,2026-08-02T00:00:00Z,1667,10091,Zemberek master-dictionary + FrequencyWords tr_50k
642bad7f-a0bc-5872-9e58-2f435f752542,DAMAT,5,true,true,2026-08-02T00:00:00Z,1778,9534,Zemberek master-dictionary + FrequencyWords tr_50k
2f1cfb6c-cefc-59bf-a700-2c4d9c351c8c,DAMGA,5,true,true,2026-08-02T00:00:00Z,390,31962,Zemberek master-dictionary + FrequencyWords tr_50k
39ff9681-2593-5406-a191-2bbc57408865,DAMLA,5,true,true,2026-08-02T00:00:00Z,2504,7122,Zemberek master-dictionary + FrequencyWords tr_50k
d01fea4e-8163-5295-8f99-5b30cfdc5e91,DARAÇ,5,true,false,2026-08-02T00:00:00Z,,,Zemberek master-dictionary + FrequencyWords tr_50k
4267baa0-70f7-55a8-aff5-59c6295ee45f,DARAŞ,5,true,false,2026-08-02T00:00:00Z,,,Zemberek master-dictionary + FrequencyWords tr_50k
6f85dae7-775a-57dc-8e72-889c49130fd1,DARBE,5,true,true,2026-08-02T00:00:00Z,4828,3970,Zemberek master-dictionary + FrequencyWords tr_50k
f2a39723-b69a-522e-b3c0-379ddc85e18b,DASİT,5,true,false,2026-08-02T00:00:00Z,,,Zemberek master-dictionary + FrequencyWords tr_50k
f37b89c9-e1fc-5917-b84e-59947981b990,DATİF,5,true,false,2026-08-02T00:00:00Z,,,Zemberek master-dictionary + FrequencyWords tr_50k
14d1ec5c-89c4-50b9-90c9-43fe910d8656,DAVAR,5,true,false,2026-08-02T00:00:00Z,,,Zemberek master-dictionary + FrequencyWords tr_50k
8184842c-5ead-5011-a39b-fadb99ed6f94,DAVET,5,true,true,2026-08-02T00:00:00Z,21497,947,Zemberek master-dictionary + FrequencyWords tr_50k
359d3236-63bf-5b62-852e-cc178bba9450,DAVUL,5,true,true,2026-08-02T00:00:00Z,1298,12431,Zemberek master-dictionary + FrequencyWords tr_50k
727322c0-6b2e-5993-bcda-e2f9ad9c681b,DAVYA,5,true,false,2026-08-02T00:00:00Z,,,Zemberek master-dictionary + FrequencyWords tr_50k
fc4dfaa4-e8b3-5e2e-80b6-10e818f629a1,DAYAK,5,true,true,2026-08-02T00:00:00Z,3724,4973,Zemberek master-dictionary + FrequencyWords tr_50k
9b65f43f-27cc-5921-a1e7-a16dcd26b9d8,DAĞAR,5,true,false,2026-08-02T00:00:00Z,,,Zemberek master-dictionary + FrequencyWords tr_50k
7536bce5-735c-594d-814d-31f5cd376167,DAĞCI,5,true,false,2026-08-02T00:00:00Z,250,44264,Zemberek master-dictionary + FrequencyWords tr_50k
5a9b55ff-dd11-5cbe-976f-50d0a592c4f1,DAĞLI,5,true,false,2026-08-02T00:00:00Z,,,Zemberek master-dictionary + FrequencyWords tr_50k
c9e1014e-3f72-5a36-a91a-078d2baf1587,DAİMA,5,true,true,2026-08-02T00:00:00Z,13289,1498,Zemberek master-dictionary + FrequencyWords tr_50k
c50839b3-e361-535d-9e43-672990976365,DAİRE,5,true,true,2026-08-02T00:00:00Z,5442,3561,Zemberek master-dictionary + FrequencyWords tr_50k
807f474d-d65d-5fff-a1ea-0fa8359ed711,DEBBE,5,true,false,2026-08-02T00:00:00Z,,,Zemberek master-dictionary + FrequencyWords tr_50k
3ea642c0-26bf-54e5-bb09-8ccf9c7117f0,DEBİL,5,true,false,2026-08-02T00:00:00Z,,,Zemberek master-dictionary + FrequencyWords tr_50k
447b4a21-f445-5bf4-8278-37cdf4a9d37d,DEFNE,5,true,false,2026-08-02T00:00:00Z,,,Zemberek master-dictionary + FrequencyWords tr_50k
8fce2507-5649-5bbd-b5e1-55b4880c30b7,DEFİN,5,true,false,2026-08-02T00:00:00Z,288,39964,Zemberek master-dictionary + FrequencyWords tr_50k
9c5136fa-9200-54f2-9b07-9e8af013c77b,DEGAJ,5,true,false,2026-08-02T00:00:00Z,,,Zemberek master-dictionary + FrequencyWords tr_50k
2d899b93-28a5-52d6-a68d-34ff15f81386,DEKAN,5,true,true,2026-08-02T00:00:00Z,1184,13373,Zemberek master-dictionary + FrequencyWords tr_50k
102b3612-9978-5596-ab16-2a59abd08109,DEKAR,5,true,false,2026-08-02T00:00:00Z,,,Zemberek master-dictionary + FrequencyWords tr_50k
9cced961-98e3-5d59-9331-853e2f9d8f08,DEKOR,5,true,true,2026-08-02T00:00:00Z,399,31430,Zemberek master-dictionary + FrequencyWords tr_50k
69a7f4b3-471a-5dd5-b3e0-6b205884eb01,DELGİ,5,true,false,2026-08-02T00:00:00Z,,,Zemberek master-dictionary + FrequencyWords tr_50k
f30711da-8d8a-583b-8ade-6ae12d5ca28f,DELTA,5,true,true,2026-08-02T00:00:00Z,1998,8637,Zemberek master-dictionary + FrequencyWords tr_50k
6e8eddcb-a057-5dbd-8ddd-278023c8d4b3,DELİK,5,true,true,2026-08-02T00:00:00Z,6838,2865,Zemberek master-dictionary + FrequencyWords tr_50k
dadad33d-e44f-5683-8e7c-0030188a997a,DELİL,5,true,true,2026-08-02T00:00:00Z,4856,3943,Zemberek master-dictionary + FrequencyWords tr_50k
fdbb1689-8fd0-50de-9a94-42b69ee89765,DEMEK,5,true,false,2026-08-02T00:00:00Z,205239,92,Zemberek master-dictionary + FrequencyWords tr_50k
bfd92aba-b616-56bd-a89f-d8cc14ca5d2d,DEMET,5,true,true,2026-08-02T00:00:00Z,457,28321,Zemberek master-dictionary + FrequencyWords tr_50k
955d53c1-0aaa-5b52-9bd5-7e43c1984334,DEMEÇ,5,true,false,2026-08-02T00:00:00Z,257,43382,Zemberek master-dictionary + FrequencyWords tr_50k
9fc54d27-4d63-5770-b324-90d3ffc18e30,DEMİN,5,true,true,2026-08-02T00:00:00Z,3854,4832,Zemberek master-dictionary + FrequencyWords tr_50k
3bc0ad4c-dfff-553e-99e5-5d159a84a58b,DEMİR,5,true,true,2026-08-02T00:00:00Z,6136,3196,Zemberek master-dictionary + FrequencyWords tr_50k
2734b9ae-79e6-54ae-a750-89bcc4d35773,DENEK,5,true,true,2026-08-02T00:00:00Z,723,19952,Zemberek master-dictionary + FrequencyWords tr_50k
c13bb4c7-ae4e-5bf6-9ded-30208593f656,DENET,5,true,false,2026-08-02T00:00:00Z,,,Zemberek master-dictionary + FrequencyWords tr_50k
32517cda-23bd-5023-a0d3-0ef6716fbc61,DENEY,5,true,true,2026-08-02T00:00:00Z,3185,5751,Zemberek master-dictionary + FrequencyWords tr_50k
c538918e-7a02-5d9a-bcb7-3ead12c03320,DENGE,5,true,true,2026-08-02T00:00:00Z,1473,11170,Zemberek master-dictionary + FrequencyWords tr_50k
de10fc92-e61a-5b81-971d-5a3678d2b1af,DENLİ,5,true,true,2026-08-02T00:00:00Z,1626,10300,Zemberek master-dictionary + FrequencyWords tr_50k
c27fc552-f8f2-5af5-8eb3-18f072b578ba,DENYO,5,true,false,2026-08-02T00:00:00Z,248,44505,Zemberek master-dictionary + FrequencyWords tr_50k
1bbde9e2-3ea6-5e19-8765-5b36bb50b057,DENİM,5,true,true,2026-08-02T00:00:00Z,375,32878,Zemberek master-dictionary + FrequencyWords tr_50k
48e1626d-997e-56f4-aad1-1cf1e027b907,DENİZ,5,true,true,2026-08-02T00:00:00Z,17986,1108,Zemberek master-dictionary + FrequencyWords tr_50k
edc9a968-4736-57b2-b20c-9bf9e3a7cd77,DEPAR,5,true,false,2026-08-02T00:00:00Z,,,Zemberek master-dictionary + FrequencyWords tr_50k
bd55abd1-f5cf-53e7-be1c-bd51e7a46215,DERBİ,5,true,false,2026-08-02T00:00:00Z,,,Zemberek master-dictionary + FrequencyWords tr_50k
a0f5dfcc-4a53-5f2a-a101-60a0f2742cae,DERGİ,5,true,true,2026-08-02T00:00:00Z,1984,8697,Zemberek master-dictionary + FrequencyWords tr_50k
5b639e4d-16e9-5a27-aa6a-c23b6ee8f56d,DERLİ,5,true,false,2026-08-02T00:00:00Z,242,45290,Zemberek master-dictionary + FrequencyWords tr_50k
0ee0ba61-ec4c-5895-aeca-6cd397136c63,DERUN,5,true,false,2026-08-02T00:00:00Z,,,Zemberek master-dictionary + FrequencyWords tr_50k
ca344277-fdb5-5e9b-aee1-915664dfaceb,DERYA,5,true,false,2026-08-02T00:00:00Z,,,Zemberek master-dictionary + FrequencyWords tr_50k
c23667fd-9e0e-56f8-a413-93eef5c6ee99,DERİN,5,true,true,2026-08-02T00:00:00Z,15282,1311,Zemberek master-dictionary + FrequencyWords tr_50k
1f94a5b3-613c-5aa0-b3e6-8e7745a77b85,DESEN,5,true,true,2026-08-02T00:00:00Z,1038,14902,Zemberek master-dictionary + FrequencyWords tr_50k
da95c7d3-fa3e-5073-b03c-0e4720755f25,DESTE,5,true,true,2026-08-02T00:00:00Z,481,27256,Zemberek master-dictionary + FrequencyWords tr_50k
8902482b-fed4-5cc7-a60f-f4963fd2309c,DETAY,5,true,true,2026-08-02T00:00:00Z,1431,11441,Zemberek master-dictionary + FrequencyWords tr_50k
a372a9d4-c5a6-5488-a559-83c71d9efd0f,DEVAM,5,true,false,2026-08-02T00:00:00Z,142616,144,Zemberek master-dictionary + FrequencyWords tr_50k
d910e7e3-4ace-52f1-8dd1-12405a178841,DEVRE,5,true,true,2026-08-02T00:00:00Z,4807,3984,Zemberek master-dictionary + FrequencyWords tr_50k
c6086e26-0823-5d30-b83b-bcc570626d00,DEVİM,5,true,false,2026-08-02T00:00:00Z,,,Zemberek master-dictionary + FrequencyWords tr_50k
3539658f-58ef-56d0-9726-22219a82498a,DEVİR,5,true,true,2026-08-02T00:00:00Z,879,17024,Zemberek master-dictionary + FrequencyWords tr_50k
64bffc50-cb32-56e0-aa1f-a91ea53251fb,DEYİM,5,true,true,2026-08-02T00:00:00Z,1446,11362,Zemberek master-dictionary + FrequencyWords tr_50k
ce6ff1e7-4d11-53bb-a9ca-034661cdde82,DEYİŞ,5,true,true,2026-08-02T00:00:00Z,309,37903,Zemberek master-dictionary + FrequencyWords tr_50k
22b12e39-9e47-50ec-9560-d35c99d170c9,DEĞER,5,true,true,2026-08-02T00:00:00Z,17733,1128,Zemberek master-dictionary + FrequencyWords tr_50k
9ad12b2e-afcb-51bc-b589-2846ba32ced9,DEĞEÇ,5,true,false,2026-08-02T00:00:00Z,,,Zemberek master-dictionary + FrequencyWords tr_50k
458bd474-bfd6-5cfd-881b-c27d8c860254,DEĞME,5,true,false,2026-08-02T00:00:00Z,,,Zemberek master-dictionary + FrequencyWords tr_50k
d79c67aa-1bae-54ef-9675-bded1b114d97,DEĞİL,5,true,false,2026-08-02T00:00:00Z,1071572,16,Zemberek master-dictionary + FrequencyWords tr_50k
059bfa71-eeb0-5584-81e6-10a2f77b0ca1,DEĞİM,5,true,false,2026-08-02T00:00:00Z,,,Zemberek master-dictionary + FrequencyWords tr_50k
0579ba89-d64c-5f0c-b815-23833eec451d,DEĞİN,5,true,false,2026-08-02T00:00:00Z,630,22204,Zemberek master-dictionary + FrequencyWords tr_50k
4c28c145-f19f-5817-8698-48b0511de3cf,DEİST,5,true,false,2026-08-02T00:00:00Z,,,Zemberek master-dictionary + FrequencyWords tr_50k
3cffab3e-a424-5a95-a2ae-fe1c2a114500,DEİZM,5,true,false,2026-08-02T00:00:00Z,,,Zemberek master-dictionary + FrequencyWords tr_50k
80b5d56d-f2eb-5ea0-ab10-24753d39941d,DEŞİK,5,true,true,2026-08-02T00:00:00Z,496,26640,Zemberek master-dictionary + FrequencyWords tr_50k
8dce154a-66df-5d45-b2b8-35d26bb059c0,DILAK,5,true,false,2026-08-02T00:00:00Z,,,Zemberek master-dictionary + FrequencyWords tr_50k
7cb757ab-dba8-5ed4-ba28-028e1702da5f,DIĞAN,5,true,false,2026-08-02T00:00:00Z,,,Zemberek master-dictionary + FrequencyWords tr_50k
87fa5743-04ee-5190-9fcb-511bfeeacc89,DIŞIK,5,true,false,2026-08-02T00:00:00Z,,,Zemberek master-dictionary + FrequencyWords tr_50k
8967f81a-6070-585a-973a-9367940e8542,DIŞKI,5,true,true,2026-08-02T00:00:00Z,538,25029,Zemberek master-dictionary + FrequencyWords tr_50k
81bbf408-623e-54f9-981d-9d698a261d47,DOBRA,5,true,false,2026-08-02T00:00:00Z,284,40383,Zemberek master-dictionary + FrequencyWords tr_50k
75a91f4e-a695-527f-a1f7-5df1a99cca11,DOGMA,5,true,false,2026-08-02T00:00:00Z,,,Zemberek master-dictionary + FrequencyWords tr_50k
d2f68f66-9cca-564d-a2cb-214bd046d213,DOKUZ,5,true,true,2026-08-02T00:00:00Z,11390,1724,Zemberek master-dictionary + FrequencyWords tr_50k
07c460a8-34b1-5fb6-8e41-d8c626b31bd3,DOLAK,5,true,false,2026-08-02T00:00:00Z,,,Zemberek master-dictionary + FrequencyWords tr_50k
5c73bc26-8bfa-5f3f-bcca-221da4fb9ab6,DOLAM,5,true,false,2026-08-02T00:00:00Z,,,Zemberek master-dictionary + FrequencyWords tr_50k
654131a4-e356-5252-ae8f-2ef7e1c92e13,DOLAP,5,true,true,2026-08-02T00:00:00Z,1997,8638,Zemberek master-dictionary + FrequencyWords tr_50k
5691531a-8493-5453-bf63-db364a2dabc3,DOLAR,5,true,true,2026-08-02T00:00:00Z,53062,397,Zemberek master-dictionary + FrequencyWords tr_50k
f908e34a-5d9a-5771-b7dd-6a2ecde24644,DOLAY,5,true,false,2026-08-02T00:00:00Z,,,Zemberek master-dictionary + FrequencyWords tr_50k
e642f151-be8d-558e-8030-ec559c893b54,DOLGU,5,true,true,2026-08-02T00:00:00Z,335,35748,Zemberek master-dictionary + FrequencyWords tr_50k
4753927d-e172-5208-812c-13043d6990bb,DOLMA,5,true,true,2026-08-02T00:00:00Z,390,31981,Zemberek master-dictionary + FrequencyWords tr_50k
0bc6d265-0039-57d6-ab43-1b7e68b5faec,DOLUM,5,true,false,2026-08-02T00:00:00Z,,,Zemberek master-dictionary + FrequencyWords tr_50k
95b90e7c-d529-56c5-b88b-6e45626843f2,DOMUR,5,true,false,2026-08-02T00:00:00Z,,,Zemberek master-dictionary + FrequencyWords tr_50k
525739db-2d79-54e7-84ff-522fc81527ef,DOMUZ,5,true,true,2026-08-02T00:00:00Z,11711,1687,Zemberek master-dictionary + FrequencyWords tr_50k
67deb8af-9c0c-55d5-8a1c-f97ce0b3c85a,DONAM,5,true,false,2026-08-02T00:00:00Z,,,Zemberek master-dictionary + FrequencyWords tr_50k
27a565f1-f224-51b7-a9b3-3ec41a53f129,DONRA,5,true,false,2026-08-02T00:00:00Z,,,Zemberek master-dictionary + FrequencyWords tr_50k
69732ec3-1e89-515e-ad1a-3d9d1d63e2ee,DONUK,5,true,true,2026-08-02T00:00:00Z,519,25694,Zemberek master-dictionary + FrequencyWords tr_50k
bf79096f-ee44-53da-a466-cb341502ff55,DONÖR,5,true,true,2026-08-02T00:00:00Z,540,24954,Zemberek master-dictionary + FrequencyWords tr_50k
945ac0f7-d076-53c8-9260-a8e3a6a8244e,DORSE,5,true,false,2026-08-02T00:00:00Z,,,Zemberek master-dictionary + FrequencyWords tr_50k
179a0ed3-0dbc-547d-ba53-8fbf3d2d9062,DORUK,5,true,true,2026-08-02T00:00:00Z,324,36622,Zemberek master-dictionary + FrequencyWords tr_50k
56c66c2b-2832-581d-9d64-c1fa0ac2cc68,DORUM,5,true,false,2026-08-02T00:00:00Z,,,Zemberek master-dictionary + FrequencyWords tr_50k
e672d579-1d66-5fb5-a136-4584b58c22c0,DOSYA,5,true,true,2026-08-02T00:00:00Z,4800,3990,Zemberek master-dictionary + FrequencyWords tr_50k
db537879-3d2a-5c35-9d78-236149d5bc31,DOYGU,5,true,false,2026-08-02T00:00:00Z,,,Zemberek master-dictionary + FrequencyWords tr_50k
b434d95c-7666-55a3-a21e-2239da705b37,DOYUM,5,true,false,2026-08-02T00:00:00Z,,,Zemberek master-dictionary + FrequencyWords tr_50k
895812f4-d279-558f-92d8-271f7bf6d84b,DOZAJ,5,true,false,2026-08-02T00:00:00Z,,,Zemberek master-dictionary + FrequencyWords tr_50k
4a2d6e9a-41db-5110-9a65-fce8d90b13d1,DOZER,5,true,false,2026-08-02T00:00:00Z,,,Zemberek master-dictionary + FrequencyWords tr_50k
6de70546-ad93-5b2f-baff-34351e7fa1d6,DOĞAL,5,true,true,2026-08-02T00:00:00Z,14783,1356,Zemberek master-dictionary + FrequencyWords tr_50k
3299c5f5-52af-5b47-b755-2393e703428c,DOĞAN,5,true,true,2026-08-02T00:00:00Z,2232,7863,Zemberek master-dictionary + FrequencyWords tr_50k
2e17624a-6f76-5279-a78d-9a16048e98ac,DOĞAÇ,5,true,false,2026-08-02T00:00:00Z,,,Zemberek master-dictionary + FrequencyWords tr_50k
27f6cab6-5395-57fc-8a54-4d17d06113a3,DOĞMA,5,true,true,2026-08-02T00:00:00Z,488,26975,Zemberek master-dictionary + FrequencyWords tr_50k
27383962-658a-53b3-bb2c-7c6586247c1d,DOĞRU,5,true,false,2026-08-02T00:00:00Z,240589,78,Zemberek master-dictionary + FrequencyWords tr_50k
63f5a6f6-4e7c-532e-bb7c-559989483fd5,DOĞUM,5,true,true,2026-08-02T00:00:00Z,28931,714,Zemberek master-dictionary + FrequencyWords tr_50k
01961a28-6b1a-55bf-8943-8f9b97acf5c5,DRAJE,5,true,false,2026-08-02T00:00:00Z,,,Zemberek master-dictionary + FrequencyWords tr_50k
5a238f72-9cc2-599a-b08e-fb58e3ddcced,DRAMA,5,true,true,2026-08-02T00:00:00Z,1748,9694,Zemberek master-dictionary + FrequencyWords tr_50k
737d2567-6363-57bd-856d-d72c8b1df8d8,DUBAR,5,true,false,2026-08-02T00:00:00Z,,,Zemberek master-dictionary + FrequencyWords tr_50k
ff73f7c3-c495-5547-81c6-b317b8424f0d,DUBLE,5,true,true,2026-08-02T00:00:00Z,1340,12102,Zemberek master-dictionary + FrequencyWords tr_50k
2fa44e6e-9508-5b52-a90b-8249a32745b4,DUDAK,5,true,true,2026-08-02T00:00:00Z,1591,10490,Zemberek master-dictionary + FrequencyWords tr_50k
16011c98-1cea-5872-8c0f-415bb1771f64,DUHUL,5,true,false,2026-08-02T00:00:00Z,,,Zemberek master-dictionary + FrequencyWords tr_50k
3ffc9fe9-c292-5c13-86a1-5d9e84402d6f,DULDA,5,true,false,2026-08-02T00:00:00Z,,,Zemberek master-dictionary + FrequencyWords tr_50k
404ac056-731b-5ec7-9174-f4d7ba955652,DULUK,5,true,false,2026-08-02T00:00:00Z,,,Zemberek master-dictionary + FrequencyWords tr_50k
6f8b9103-77fc-576e-a777-92e2242f85ca,DUMAN,5,true,true,2026-08-02T00:00:00Z,4098,4585,Zemberek master-dictionary + FrequencyWords tr_50k
101413b7-690a-502d-a8d0-cd0c44a65659,DUMUR,5,true,false,2026-08-02T00:00:00Z,,,Zemberek master-dictionary + FrequencyWords tr_50k
974f1378-65eb-507f-88a2-dbcd12a3a88d,DURAK,5,true,true,2026-08-02T00:00:00Z,1497,11023,Zemberek master-dictionary + FrequencyWords tr_50k
c68cf981-26d6-52c6-9406-0cc64b141899,DURAL,5,true,false,2026-08-02T00:00:00Z,,,Zemberek master-dictionary + FrequencyWords tr_50k
22547465-6b53-58fa-9714-46157f2a51a9,DURAÇ,5,true,false,2026-08-02T00:00:00Z,,,Zemberek master-dictionary + FrequencyWords tr_50k
62781567-4562-5bd7-8480-24fab33be584,DURGU,5,true,false,2026-08-02T00:00:00Z,,,Zemberek master-dictionary + FrequencyWords tr_50k
e9cb900b-2efa-5d61-83d0-c60ffe240ce1,DURUK,5,true,false,2026-08-02T00:00:00Z,,,Zemberek master-dictionary + FrequencyWords tr_50k
7c71b360-07c4-5912-9abf-e81138fd394e,DURUM,5,true,true,2026-08-02T00:00:00Z,47505,445,Zemberek master-dictionary + FrequencyWords tr_50k
7dd73a17-20f7-5e89-8b91-c7f16a77e8db,DUVAK,5,true,false,2026-08-02T00:00:00Z,,,Zemberek master-dictionary + FrequencyWords tr_50k
51c3cd4a-f77f-581a-8080-fb4213169d2d,DUVAR,5,true,true,2026-08-02T00:00:00Z,5113,3765,Zemberek master-dictionary + FrequencyWords tr_50k
3c7ab635-92ae-5a47-b39d-e9c86fcab21a,DUYAR,5,true,true,2026-08-02T00:00:00Z,2885,6270,Zemberek master-dictionary + FrequencyWords tr_50k
a361579c-e5ac-53b8-95f8-e037f5110596,DUYGU,5,true,true,2026-08-02T00:00:00Z,5429,3570,Zemberek master-dictionary + FrequencyWords tr_50k
7fabe6c8-6237-50a1-8abf-69a25fa149e2,DUYUM,5,true,false,2026-08-02T00:00:00Z,230,47014,Zemberek master-dictionary + FrequencyWords tr_50k
edc11369-c41e-5666-b6f5-43c141eaadaa,DUŞAK,5,true,false,2026-08-02T00:00:00Z,,,Zemberek master-dictionary + FrequencyWords tr_50k
87e0c976-4f10-5c2b-bdad-1e8e24ab578e,DÖKME,5,true,true,2026-08-02T00:00:00Z,542,24884,Zemberek master-dictionary + FrequencyWords tr_50k
5a2efa71-b5cf-503f-8c82-a63bc92fc5c6,DÖKÜK,5,true,false,2026-08-02T00:00:00Z,,,Zemberek master-dictionary + FrequencyWords tr_50k
4755445a-0769-584c-80fa-379ecd34c263,DÖKÜM,5,true,false,2026-08-02T00:00:00Z,,,Zemberek master-dictionary + FrequencyWords tr_50k
e8c9e714-34f7-583b-bbcf-dbeefbc4cb91,DÖLEK,5,true,false,2026-08-02T00:00:00Z,,,Zemberek master-dictionary + FrequencyWords tr_50k
bdccebde-3646-555c-9595-3baac8adb01d,DÖLÜT,5,true,false,2026-08-02T00:00:00Z,,,Zemberek master-dictionary + FrequencyWords tr_50k
5ae2940e-cb8a-5698-9ce8-968566627374,DÖNEK,5,true,true,2026-08-02T00:00:00Z,419,30314,Zemberek master-dictionary + FrequencyWords tr_50k
342649c7-642f-5f7c-ae39-5562f25f9b81,DÖNEL,5,true,false,2026-08-02T00:00:00Z,,,Zemberek master-dictionary + FrequencyWords tr_50k
cc99370a-da17-5317-9f10-ec0a782d6d83,DÖNEM,5,true,true,2026-08-02T00:00:00Z,4059,4633,Zemberek master-dictionary + FrequencyWords tr_50k
9d30d1c8-7c7e-54fc-bfc4-de1600ad7157,DÖNER,5,true,true,2026-08-02T00:00:00Z,6258,3141,Zemberek master-dictionary + FrequencyWords tr_50k
1313422a-a590-5124-b7c8-a17d47cee969,DÖNEÇ,5,true,false,2026-08-02T00:00:00Z,,,Zemberek master-dictionary + FrequencyWords tr_50k
9b6aec23-1711-52fe-a887-ee00d4ce8885,DÖNGÜ,5,true,true,2026-08-02T00:00:00Z,724,19921,Zemberek master-dictionary + FrequencyWords tr_50k
c71553c6-d579-5adb-abc1-aa17956de9b0,DÖNME,5,true,true,2026-08-02T00:00:00Z,3570,5177,Zemberek master-dictionary + FrequencyWords tr_50k
7d7ae9db-84cf-515b-b46f-d7dad3d58dd6,DÖNÜK,5,true,true,2026-08-02T00:00:00Z,852,17463,Zemberek master-dictionary + FrequencyWords tr_50k
8f3b7f32-5ec8-55c3-8120-19d91129b891,DÖNÜM,5,true,true,2026-08-02T00:00:00Z,1600,10435,Zemberek master-dictionary + FrequencyWords tr_50k
a877507a-2d0b-5380-943a-0c8b2f7aaa5a,DÖNÜT,5,true,false,2026-08-02T00:00:00Z,,,Zemberek master-dictionary + FrequencyWords tr_50k
bedb5c6f-97bc-58ac-aacd-d0c782c55e93,DÖVEÇ,5,true,false,2026-08-02T00:00:00Z,,,Zemberek master-dictionary + FrequencyWords tr_50k
26a604ab-0634-50c6-879c-cd912a468e10,DÖVME,5,true,true,2026-08-02T00:00:00Z,2824,6407,Zemberek master-dictionary + FrequencyWords tr_50k
be82c601-1a7e-56c4-9e7c-0678e7fa5512,DÖVÜŞ,5,true,true,2026-08-02T00:00:00Z,6808,2874,Zemberek master-dictionary + FrequencyWords tr_50k
26fb4b4c-ad7d-5eff-976b-70205211bfb3,DÖVİZ,5,true,false,2026-08-02T00:00:00Z,,,Zemberek master-dictionary + FrequencyWords tr_50k
1f92e2ac-9993-5273-900c-4a1355630185,DÖŞEK,5,true,false,2026-08-02T00:00:00Z,,,Zemberek master-dictionary + FrequencyWords tr_50k
92c0b58a-2c7a-54e8-81c5-ab0f2596e4af,DÖŞEM,5,true,false,2026-08-02T00:00:00Z,,,Zemberek master-dictionary + FrequencyWords tr_50k
a1c3b93d-604c-59f0-9277-98f30aaca5ab,DÜBEL,5,true,false,2026-08-02T00:00:00Z,,,Zemberek master-dictionary + FrequencyWords tr_50k
a1bcf402-6c9d-5fb1-acad-415ccafd2430,DÜBEŞ,5,true,false,2026-08-02T00:00:00Z,,,Zemberek master-dictionary + FrequencyWords tr_50k
732d41af-409e-5463-b13e-155e07b04eef,DÜDEN,5,true,false,2026-08-02T00:00:00Z,,,Zemberek master-dictionary + FrequencyWords tr_50k
23ce32db-f771-59c3-807c-e6750bafde0c,DÜDÜK,5,true,true,2026-08-02T00:00:00Z,748,19416,Zemberek master-dictionary + FrequencyWords tr_50k
6651b946-2cf0-5dc5-866c-20babe6e538e,DÜMEN,5,true,true,2026-08-02T00:00:00Z,1031,14990,Zemberek master-dictionary + FrequencyWords tr_50k
38d17d9b-90ee-5c81-ac13-7f5bdbf8e8c0,DÜNYA,5,true,true,2026-08-02T00:00:00Z,54663,388,Zemberek master-dictionary + FrequencyWords tr_50k
224f3068-7aea-593f-b445-f566e598d4f1,DÜNÜR,5,true,false,2026-08-02T00:00:00Z,,,Zemberek master-dictionary + FrequencyWords tr_50k
dd4a90a0-5b7c-5b83-a44b-3cf7698c81d3,DÜNİT,5,true,false,2026-08-02T00:00:00Z,,,Zemberek master-dictionary + FrequencyWords tr_50k
6a1b6a9f-0a55-5822-b2e3-3cbf11718da5,DÜRME,5,true,false,2026-08-02T00:00:00Z,,,Zemberek master-dictionary + FrequencyWords tr_50k
c603f6f6-4906-5846-8271-931a310cdf55,DÜRTÜ,5,true,true,2026-08-02T00:00:00Z,396,31598,Zemberek master-dictionary + FrequencyWords tr_50k
13963dd8-005e-5e81-b1e2-063d17191982,DÜRZÜ,5,true,false,2026-08-02T00:00:00Z,,,Zemberek master-dictionary + FrequencyWords tr_50k
3065a543-723d-5b93-8cdd-134a6e913e89,DÜRÜM,5,true,true,2026-08-02T00:00:00Z,328,36291,Zemberek master-dictionary + FrequencyWords tr_50k
17db7055-db38-50a7-9cc3-ce60821e39b2,DÜVEL,5,true,false,2026-08-02T00:00:00Z,,,Zemberek master-dictionary + FrequencyWords tr_50k
d664d137-647f-5ab0-aca1-aad8430c9e99,DÜVEN,5,true,false,2026-08-02T00:00:00Z,,,Zemberek master-dictionary + FrequencyWords tr_50k
1c18b26e-4537-587d-8fcc-16cc75921559,DÜVER,5,true,false,2026-08-02T00:00:00Z,,,Zemberek master-dictionary + FrequencyWords tr_50k
4a17bd76-943f-5011-8568-d64aa44d9817,DÜYEK,5,true,false,2026-08-02T00:00:00Z,,,Zemberek master-dictionary + FrequencyWords tr_50k
91b4f9fe-6906-5dea-94d6-ede107900608,DÜYUN,5,true,false,2026-08-02T00:00:00Z,,,Zemberek master-dictionary + FrequencyWords tr_50k
64fb602e-41b9-5d4b-a4a4-e41be5a29d2d,DÜZCE,5,true,false,2026-08-02T00:00:00Z,,,Zemberek master-dictionary + FrequencyWords tr_50k
009a5660-ab12-5a81-9809-54ae0a1d0c6e,DÜZEM,5,true,false,2026-08-02T00:00:00Z,,,Zemberek master-dictionary + FrequencyWords tr_50k
f02dc0df-f671-5d58-b501-111fcc0c0521,DÜZEN,5,true,true,2026-08-02T00:00:00Z,3895,4793,Zemberek master-dictionary + FrequencyWords tr_50k
0e075a42-7e63-578a-bade-55b26b224352,DÜZEY,5,true,true,2026-08-02T00:00:00Z,2175,8048,Zemberek master-dictionary + FrequencyWords tr_50k
95753775-84b8-531b-8302-a285761b0e93,DÜZEÇ,5,true,false,2026-08-02T00:00:00Z,,,Zemberek master-dictionary + FrequencyWords tr_50k
8b0a9d71-6f63-53b4-b2cd-09b738890727,DÜZGÜ,5,true,false,2026-08-02T00:00:00Z,,,Zemberek master-dictionary + FrequencyWords tr_50k
f1ca4b4c-2903-58fe-968e-3dd14953b29b,DÜZME,5,true,false,2026-08-02T00:00:00Z,,,Zemberek master-dictionary + FrequencyWords tr_50k
45697dd0-d037-5abb-bdde-f5bf0b729398,DÜÇAR,5,true,false,2026-08-02T00:00:00Z,,,Zemberek master-dictionary + FrequencyWords tr_50k
f0ad5897-80c2-5f1c-865a-8cbe168b2fe6,DÜĞME,5,true,true,2026-08-02T00:00:00Z,1498,11018,Zemberek master-dictionary + FrequencyWords tr_50k
5e65a1de-dbf4-5773-9b5d-4cd5c3101424,DÜĞÜM,5,true,true,2026-08-02T00:00:00Z,894,16802,Zemberek master-dictionary + FrequencyWords tr_50k
665bb66d-36a1-5722-98f7-62d9220bc7c4,DÜĞÜN,5,true,true,2026-08-02T00:00:00Z,11682,1696,Zemberek master-dictionary + FrequencyWords tr_50k
3a6da118-d2ea-5f44-abbc-a7c2f1a08d09,DÜŞES,5,true,true,2026-08-02T00:00:00Z,614,22670,Zemberek master-dictionary + FrequencyWords tr_50k
d6c0bc62-1f9e-5e9f-a4a3-ffa67bca72a5,DÜŞEY,5,true,false,2026-08-02T00:00:00Z,,,Zemberek master-dictionary + FrequencyWords tr_50k
c96ce423-041c-57be-a5d1-932086694bbd,DÜŞEŞ,5,true,false,2026-08-02T00:00:00Z,,,Zemberek master-dictionary + FrequencyWords tr_50k
0f8e0cbc-d7bc-5088-8e1e-24a88b1e77f7,DÜŞKÜ,5,true,false,2026-08-02T00:00:00Z,,,Zemberek master-dictionary + FrequencyWords tr_50k
c4ee85a5-0fdc-53c4-ba1f-40acd8855829,DÜŞÜK,5,true,true,2026-08-02T00:00:00Z,9145,2132,Zemberek master-dictionary + FrequencyWords tr_50k
61561805-4527-58b2-a217-457497301ae1,DÜŞÜM,5,true,false,2026-08-02T00:00:00Z,,,Zemberek master-dictionary + FrequencyWords tr_50k
76cd2c31-e484-558a-b4eb-00f25d04899e,DÜŞÜN,5,true,true,2026-08-02T00:00:00Z,24286,848,Zemberek master-dictionary + FrequencyWords tr_50k
f27d5649-cdfe-59b6-b159-d884eec825f3,DÜŞÜT,5,true,false,2026-08-02T00:00:00Z,,,Zemberek master-dictionary + FrequencyWords tr_50k
e882c090-6ef1-52b7-9885-c842720c22de,DİBEK,5,true,false,2026-08-02T00:00:00Z,,,Zemberek master-dictionary + FrequencyWords tr_50k
a66b2663-f367-56cd-b390-423a0b88e0fe,DİDAR,5,true,false,2026-08-02T00:00:00Z,,,Zemberek master-dictionary + FrequencyWords tr_50k
ba027149-9cdc-519a-baa8-af2c4225b58f,DİDON,5,true,false,2026-08-02T00:00:00Z,,,Zemberek master-dictionary + FrequencyWords tr_50k
06edd1a7-440d-59a0-ba05-4c6c636e945d,DİDİK,5,true,true,2026-08-02T00:00:00Z,868,17198,Zemberek master-dictionary + FrequencyWords tr_50k
067cef5b-7a5e-5964-9ae3-5b5ad52abf3c,DİKEN,5,true,true,2026-08-02T00:00:00Z,2089,8321,Zemberek master-dictionary + FrequencyWords tr_50k
32fff121-5671-5a44-aea7-5b154f21d235,DİKEY,5,true,true,2026-08-02T00:00:00Z,593,23249,Zemberek master-dictionary + FrequencyWords tr_50k
7fdc5fb9-4f77-5f4b-ab0e-b7896a25f765,DİKEÇ,5,true,false,2026-08-02T00:00:00Z,,,Zemberek master-dictionary + FrequencyWords tr_50k
d70fa169-8046-51c7-85b8-73ac75949a02,DİKME,5,true,false,2026-08-02T00:00:00Z,,,Zemberek master-dictionary + FrequencyWords tr_50k
35611dc9-e0ef-5336-8c6c-9f544429127a,DİKSE,5,true,false,2026-08-02T00:00:00Z,,,Zemberek master-dictionary + FrequencyWords tr_50k
8b359cb9-83aa-55bf-8f12-d1291ca05ce4,DİKTA,5,true,false,2026-08-02T00:00:00Z,,,Zemberek master-dictionary + FrequencyWords tr_50k
1e9d22a4-1ba8-5235-ae7b-2b13db29cf06,DİKTE,5,true,false,2026-08-02T00:00:00Z,247,44681,Zemberek master-dictionary + FrequencyWords tr_50k
821f432a-d337-55d6-94c1-2214bc68f324,DİKİM,5,true,false,2026-08-02T00:00:00Z,,,Zemberek master-dictionary + FrequencyWords tr_50k
b424044b-f696-595e-ae8e-a61f9d7c6741,DİKİT,5,true,false,2026-08-02T00:00:00Z,,,Zemberek master-dictionary + FrequencyWords tr_50k
babaeb5d-be3b-55a4-8328-b0b5c7c503aa,DİKİZ,5,true,true,2026-08-02T00:00:00Z,357,34120,Zemberek master-dictionary + FrequencyWords tr_50k
d0fc1ff6-0f39-5a92-aeaa-05571ac81596,DİKİŞ,5,true,true,2026-08-02T00:00:00Z,2994,6079,Zemberek master-dictionary + FrequencyWords tr_50k
4db64703-88b9-5772-a994-e09787856dbd,DİLEK,5,true,true,2026-08-02T00:00:00Z,2649,6782,Zemberek master-dictionary + FrequencyWords tr_50k
cb2ad3c9-d77b-5a7e-90c8-3aee07a57bca,DİLİM,5,true,true,2026-08-02T00:00:00Z,2632,6830,Zemberek master-dictionary + FrequencyWords tr_50k
0d4fc1d5-7ed2-5721-b656-4e0ad1b317c4,DİMAĞ,5,true,false,2026-08-02T00:00:00Z,,,Zemberek master-dictionary + FrequencyWords tr_50k
6b09ee74-b57c-5a29-98cb-0f782dab11d6,DİNAR,5,true,true,2026-08-02T00:00:00Z,437,29344,Zemberek master-dictionary + FrequencyWords tr_50k
20b5ebae-c3b5-5749-a120-850af8faf577,DİNCE,5,true,false,2026-08-02T00:00:00Z,,,Zemberek master-dictionary + FrequencyWords tr_50k
0a399e87-8830-58ec-a4d0-a2e761b7ae47,DİNCİ,5,true,false,2026-08-02T00:00:00Z,,,Zemberek master-dictionary + FrequencyWords tr_50k
dd43512d-ef43-59c4-b064-6a5b1b2ad5e0,DİNEK,5,true,false,2026-08-02T00:00:00Z,,,Zemberek master-dictionary + FrequencyWords tr_50k
1b5608e8-d88b-55d5-926f-d442e100ed8e,DİNEN,5,true,false,2026-08-02T00:00:00Z,,,Zemberek master-dictionary + FrequencyWords tr_50k
706dc074-5769-5840-8d8e-46ee6d7b0973,DİNGİ,5,true,false,2026-08-02T00:00:00Z,,,Zemberek master-dictionary + FrequencyWords tr_50k
359cbd97-7437-53a6-802b-016e53f1796c,DİNİŞ,5,true,false,2026-08-02T00:00:00Z,,,Zemberek master-dictionary + FrequencyWords tr_50k
96ce024b-16bf-5d49-ba07-05a275b32398,DİREK,5,true,true,2026-08-02T00:00:00Z,5114,3762,Zemberek master-dictionary + FrequencyWords tr_50k
82bd2a14-e175-5fc2-8fd5-e1a2f95d0b2e,DİREN,5,true,false,2026-08-02T00:00:00Z,,,Zemberek master-dictionary + FrequencyWords tr_50k
bec81fe9-0eab-558e-9619-277b6dbbaec4,DİREY,5,true,false,2026-08-02T00:00:00Z,,,Zemberek master-dictionary + FrequencyWords tr_50k
987b1901-d443-50d5-b1a3-87e6a67c62dd,DİRİL,5,true,false,2026-08-02T00:00:00Z,,,Zemberek master-dictionary + FrequencyWords tr_50k
038aae1c-7609-5271-8d3f-e8a85f3d29db,DİRİM,5,true,false,2026-08-02T00:00:00Z,,,Zemberek master-dictionary + FrequencyWords tr_50k
1d1585f1-b8b8-527e-b2b8-b833e9343c4f,DİRİĞ,5,true,false,2026-08-02T00:00:00Z,,,Zemberek master-dictionary + FrequencyWords tr_50k
ce810afb-da8e-5291-93d8-342d2a5e4826,DİSKO,5,true,true,2026-08-02T00:00:00Z,888,16880,Zemberek master-dictionary + FrequencyWords tr_50k
bd2ac783-bc2d-5860-b56e-41d30e8bee12,DİVAL,5,true,false,2026-08-02T00:00:00Z,,,Zemberek master-dictionary + FrequencyWords tr_50k
f68ee5ce-35e1-5874-8b4c-f63797c0a62c,DİVAN,5,true,true,2026-08-02T00:00:00Z,294,39378,Zemberek master-dictionary + FrequencyWords tr_50k
80c8b7cc-7a78-5711-bf82-5736ea1dd34c,DİVİK,5,true,false,2026-08-02T00:00:00Z,,,Zemberek master-dictionary + FrequencyWords tr_50k
ca71479e-5f5e-5338-b85b-b8e7d0d73598,DİVİT,5,true,false,2026-08-02T00:00:00Z,,,Zemberek master-dictionary + FrequencyWords tr_50k
70712a9b-1d64-5b3b-891f-a15d23a6af15,DİYAR,5,true,false,2026-08-02T00:00:00Z,239,45761,Zemberek master-dictionary + FrequencyWords tr_50k
67646d72-d7a4-5df8-9eba-4fff81e8bdce,DİYET,5,true,true,2026-08-02T00:00:00Z,1633,10261,Zemberek master-dictionary + FrequencyWords tr_50k
88f7cb75-a6c4-5d83-b3be-7c9772886a58,DİYEZ,5,true,false,2026-08-02T00:00:00Z,,,Zemberek master-dictionary + FrequencyWords tr_50k
abb32be2-e8ed-5750-9907-fa02c5d92e8f,DİYOT,5,true,false,2026-08-02T00:00:00Z,,,Zemberek master-dictionary + FrequencyWords tr_50k
99639477-2cc6-50d8-a553-8c2702b75e52,DİZEK,5,true,false,2026-08-02T00:00:00Z,,,Zemberek master-dictionary + FrequencyWords tr_50k
7050161d-46df-5700-8b08-61259eb4f664,DİZEL,5,true,false,2026-08-02T00:00:00Z,260,43051,Zemberek master-dictionary + FrequencyWords tr_50k
0aacb969-0fa5-578e-aea7-7c75969c7c0c,DİZEM,5,true,false,2026-08-02T00:00:00Z,,,Zemberek master-dictionary + FrequencyWords tr_50k
e763969a-1285-55cf-ae45-dcd861df7b72,DİZEY,5,true,false,2026-08-02T00:00:00Z,,,Zemberek master-dictionary + FrequencyWords tr_50k
da445a8d-10f5-57ea-b76c-64ec6a4c7c67,DİZGE,5,true,false,2026-08-02T00:00:00Z,,,Zemberek master-dictionary + FrequencyWords tr_50k
469c3d94-2171-53fd-a9ef-8e7023a7ee14,DİZGİ,5,true,false,2026-08-02T00:00:00Z,,,Zemberek master-dictionary + FrequencyWords tr_50k
95359e73-edf3-5f77-bf93-b93ae47cfb45,DİZİM,5,true,true,2026-08-02T00:00:00Z,451,28652,Zemberek master-dictionary + FrequencyWords tr_50k
14fc2e17-9eb9-56b4-8c69-e902ef930361,DİZİN,5,true,true,2026-08-02T00:00:00Z,432,29601,Zemberek master-dictionary + FrequencyWords tr_50k
05ae235c-6376-591c-87c9-9ee513c4b1da,DİĞER,5,true,false,2026-08-02T00:00:00Z,85965,263,Zemberek master-dictionary + FrequencyWords tr_50k
117b8b66-5f11-5d2c-a0fb-35e56e96f63f,DİŞLİ,5,true,true,2026-08-02T00:00:00Z,862,17305,Zemberek master-dictionary + FrequencyWords tr_50k
025188a4-d9d5-5d91-9326-9c76d84b5bc2,DİŞİL,5,true,false,2026-08-02T00:00:00Z,,,Zemberek master-dictionary + FrequencyWords tr_50k
495a8d12-e9b6-53a5-985c-f1b8b33f1ffb,EBCET,5,true,false,2026-08-02T00:00:00Z,,,Zemberek master-dictionary + FrequencyWords tr_50k
267a7fdf-b736-594c-b200-998d0fc15495,EBLEH,5,true,false,2026-08-02T00:00:00Z,,,Zemberek master-dictionary + FrequencyWords tr_50k
08e33710-6cf5-5440-a0f7-2a97ac87b94d,ECDAT,5,true,false,2026-08-02T00:00:00Z,,,Zemberek master-dictionary + FrequencyWords tr_50k
74984d6f-f7f5-5ee0-b517-099dcf7aed92,EDVAR,5,true,false,2026-08-02T00:00:00Z,,,Zemberek master-dictionary + FrequencyWords tr_50k
d8065ae8-7751-541a-a461-219e486216b2,EDİNÇ,5,true,false,2026-08-02T00:00:00Z,,,Zemberek master-dictionary + FrequencyWords tr_50k
900e58c3-a795-5f8e-92dd-20b3fb98fd15,EFDAL,5,true,false,2026-08-02T00:00:00Z,,,Zemberek master-dictionary + FrequencyWords tr_50k
318a606d-8954-5ca7-9b62-05bf51d860a2,EFECE,5,true,false,2026-08-02T00:00:00Z,,,Zemberek master-dictionary + FrequencyWords tr_50k
776a346d-d191-512d-9752-12eade32ec28,EFEKT,5,true,false,2026-08-02T00:00:00Z,257,43456,Zemberek master-dictionary + FrequencyWords tr_50k
ff382062-4e69-56fe-a8f8-6c9e2562c073,EFLAK,5,true,false,2026-08-02T00:00:00Z,,,Zemberek master-dictionary + FrequencyWords tr_50k
977adf61-9501-57d6-809e-b99c720cf7a0,EFRAT,5,true,false,2026-08-02T00:00:00Z,,,Zemberek master-dictionary + FrequencyWords tr_50k
3033d191-841d-5701-8cfa-95e068cfff82,EFRİZ,5,true,false,2026-08-02T00:00:00Z,,,Zemberek master-dictionary + FrequencyWords tr_50k
9191be20-0991-5447-9847-f64a807a9666,EFSUN,5,true,false,2026-08-02T00:00:00Z,,,Zemberek master-dictionary + FrequencyWords tr_50k
65c2c099-1c4e-545b-8bbf-a5494810a7a4,EFSUS,5,true,false,2026-08-02T00:00:00Z,,,Zemberek master-dictionary + FrequencyWords tr_50k
537299cb-3cf9-57bc-99e1-5fb4079fd23a,EFTEN,5,true,false,2026-08-02T00:00:00Z,,,Zemberek master-dictionary + FrequencyWords tr_50k
0b270d3e-79ab-516d-99b0-9963a2be71c3,EGALE,5,true,false,2026-08-02T00:00:00Z,,,Zemberek master-dictionary + FrequencyWords tr_50k
5c49ba37-384e-587f-ac1a-e7706134e30d,EGLOG,5,true,false,2026-08-02T00:00:00Z,,,Zemberek master-dictionary + FrequencyWords tr_50k
895a7ec7-4436-5130-bee3-8de167d1560f,EGZOZ,5,true,true,2026-08-02T00:00:00Z,307,38023,Zemberek master-dictionary + FrequencyWords tr_50k
171706c1-0757-54ea-8628-8e18d9d1fd86,EHRAM,5,true,false,2026-08-02T00:00:00Z,,,Zemberek master-dictionary + FrequencyWords tr_50k
7e532b49-7705-5f13-aa83-7f7937ea3e12,EHVEN,5,true,false,2026-08-02T00:00:00Z,,,Zemberek master-dictionary + FrequencyWords tr_50k
53adb3f6-5f48-5f69-915f-a90a1ec81291,EJDER,5,true,true,2026-08-02T00:00:00Z,2095,8300,Zemberek master-dictionary + FrequencyWords tr_50k
ebc646f0-eb1f-5ab9-a3b5-4fdeb07d1a75,EKLEM,5,true,true,2026-08-02T00:00:00Z,504,26336,Zemberek master-dictionary + FrequencyWords tr_50k
165b5a44-7de2-5f6f-8805-ff50a19b68f7,EKLER,5,true,false,2026-08-02T00:00:00Z,273,41565,Zemberek master-dictionary + FrequencyWords tr_50k
4551dce3-94d0-56b1-9729-5972d03008cd,EKMEK,5,true,false,2026-08-02T00:00:00Z,7573,2585,Zemberek master-dictionary + FrequencyWords tr_50k
2ec79072-c585-5c90-ae04-f80d201cb914,EKOSE,5,true,false,2026-08-02T00:00:00Z,,,Zemberek master-dictionary + FrequencyWords tr_50k
7545d275-a9b9-5c8e-9496-d126af7766ad,EKRAN,5,true,true,2026-08-02T00:00:00Z,1231,12999,Zemberek master-dictionary + FrequencyWords tr_50k
51d16436-d76f-55b7-92a1-6f8539e7fe56,EKSEN,5,true,false,2026-08-02T00:00:00Z,,,Zemberek master-dictionary + FrequencyWords tr_50k
d944bf6d-4652-58da-b255-333aa1afca2b,EKSER,5,true,false,2026-08-02T00:00:00Z,,,Zemberek master-dictionary + FrequencyWords tr_50k
1e5998eb-0a54-5e99-b036-c7df11e58ecc,EKSİK,5,true,true,2026-08-02T00:00:00Z,8195,2398,Zemberek master-dictionary + FrequencyWords tr_50k
0e7d5621-ab71-55dc-8432-43fcba4fb0e1,EKSİN,5,true,false,2026-08-02T00:00:00Z,,,Zemberek master-dictionary + FrequencyWords tr_50k
d6a64a44-41b6-5f7d-8ddc-9440aa48dc66,EKÜRİ,5,true,false,2026-08-02T00:00:00Z,,,Zemberek master-dictionary + FrequencyWords tr_50k
f74ba7b8-54b7-504c-8876-7be8aa16380f,EKİLİ,5,true,false,2026-08-02T00:00:00Z,,,Zemberek master-dictionary + FrequencyWords tr_50k
69c2bd61-d3f0-5c00-ae63-2d7119f3f1a3,ELBET,5,true,true,2026-08-02T00:00:00Z,1493,11050,Zemberek master-dictionary + FrequencyWords tr_50k
e053bd78-b5f0-51a9-99cd-6eb4e4d10d8e,ELDEN,5,true,true,2026-08-02T00:00:00Z,3581,5153,Zemberek master-dictionary + FrequencyWords tr_50k
99795eb7-d7ed-5614-8359-221a3ef4e7a3,ELEJİ,5,true,false,2026-08-02T00:00:00Z,,,Zemberek master-dictionary + FrequencyWords tr_50k
35d6d11b-ffba-5a36-990b-3da42ca2b73c,ELELE,5,true,false,2026-08-02T00:00:00Z,232,46817,Zemberek master-dictionary + FrequencyWords tr_50k
f84097ee-a478-55a1-8441-725c680ef187,ELGİN,5,true,false,2026-08-02T00:00:00Z,,,Zemberek master-dictionary + FrequencyWords tr_50k
01bc06ef-d37c-5071-b8df-cf33dc05ee8a,ELHAK,5,true,false,2026-08-02T00:00:00Z,,,Zemberek master-dictionary + FrequencyWords tr_50k
09c8c3a7-3f76-5ade-90be-7345dec6d969,ELLİK,5,true,false,2026-08-02T00:00:00Z,,,Zemberek master-dictionary + FrequencyWords tr_50k
823ab547-4df3-559c-b9f1-3aff493d3ba0,ELMAS,5,true,true,2026-08-02T00:00:00Z,3415,5381,Zemberek master-dictionary + FrequencyWords tr_50k
ee37319a-0714-58d7-8842-557737fc7bf0,ELMEK,5,true,false,2026-08-02T00:00:00Z,,,Zemberek master-dictionary + FrequencyWords tr_50k
4d154d59-fef0-53a5-9111-0e1cda36f2aa,ELVAN,5,true,false,2026-08-02T00:00:00Z,,,Zemberek master-dictionary + FrequencyWords tr_50k
8e901ca9-9bb7-56f3-aa85-b7f0fef31882,ELYAF,5,true,false,2026-08-02T00:00:00Z,,,Zemberek master-dictionary + FrequencyWords tr_50k
da667dab-efec-5c98-b803-43e0a0940ebc,ELZEM,5,true,false,2026-08-02T00:00:00Z,,,Zemberek master-dictionary + FrequencyWords tr_50k
97a62b00-8095-52d2-9e86-0e030bc72506,ELÇEK,5,true,false,2026-08-02T00:00:00Z,,,Zemberek master-dictionary + FrequencyWords tr_50k
2662a37a-5da9-502b-bc47-ef03bb2cded2,ELÇİM,5,true,false,2026-08-02T00:00:00Z,,,Zemberek master-dictionary + FrequencyWords tr_50k
9dbdb179-fd2d-5726-88a9-0e23429fa4b2,ELİPS,5,true,false,2026-08-02T00:00:00Z,,,Zemberek master-dictionary + FrequencyWords tr_50k
bc3be067-d013-528a-a316-203f6184df47,EMARE,5,true,false,2026-08-02T00:00:00Z,,,Zemberek master-dictionary + FrequencyWords tr_50k
a496e15b-f33d-5fd0-ac35-321edfacfb86,EMAYE,5,true,false,2026-08-02T00:00:00Z,,,Zemberek master-dictionary + FrequencyWords tr_50k
20b97243-5f93-5e16-b45c-23354460649f,EMCEK,5,true,false,2026-08-02T00:00:00Z,,,Zemberek master-dictionary + FrequencyWords tr_50k
ed65991b-84bf-5a75-b6ac-26bed93107a6,EMCİK,5,true,false,2026-08-02T00:00:00Z,,,Zemberek master-dictionary + FrequencyWords tr_50k
b404b559-fe6b-527c-80f3-9a26bdd3f63c,EMLAK,5,true,true,2026-08-02T00:00:00Z,1586,10516,Zemberek master-dictionary + FrequencyWords tr_50k
ee9b3055-7682-587e-8bcc-b8a0e39bc9a9,EMLİK,5,true,false,2026-08-02T00:00:00Z,,,Zemberek master-dictionary + FrequencyWords tr_50k
96484307-c7a0-5c62-8a02-24bddc84e644,EMMEK,5,true,false,2026-08-02T00:00:00Z,387,32145,Zemberek master-dictionary + FrequencyWords tr_50k
cb1cd432-701b-58ea-a862-2fb9a73abd36,EMMEÇ,5,true,false,2026-08-02T00:00:00Z,,,Zemberek master-dictionary + FrequencyWords tr_50k
324b6f49-6f0a-57f4-b375-079dd320a37c,EMRAZ,5,true,false,2026-08-02T00:00:00Z,,,Zemberek master-dictionary + FrequencyWords tr_50k
6e537ab6-2390-5e23-b2e0-1c10ed78092a,EMSAL,5,true,false,2026-08-02T00:00:00Z,,,Zemberek master-dictionary + FrequencyWords tr_50k
477fb9ed-c207-5297-be9c-0e6e5503e14f,EMTİA,5,true,false,2026-08-02T00:00:00Z,,,Zemberek master-dictionary + FrequencyWords tr_50k
f93a1847-3724-507e-8f01-c98fc28eb7d2,EMVAL,5,true,false,2026-08-02T00:00:00Z,,,Zemberek master-dictionary + FrequencyWords tr_50k
b73570cf-81ff-50fb-aabf-732eac05156d,EMZİK,5,true,false,2026-08-02T00:00:00Z,,,Zemberek master-dictionary + FrequencyWords tr_50k
e69b6c7e-c1c5-57f1-8a5a-7a35d0bc99b2,ENAYİ,5,true,true,2026-08-02T00:00:00Z,1172,13470,Zemberek master-dictionary + FrequencyWords tr_50k
53620c1e-111c-5e3d-9f50-9bdc59042de5,ENCAM,5,true,false,2026-08-02T00:00:00Z,,,Zemberek master-dictionary + FrequencyWords tr_50k
1427f47c-a656-58c2-90f3-716c1815f2a3,ENDAM,5,true,false,2026-08-02T00:00:00Z,,,Zemberek master-dictionary + FrequencyWords tr_50k
04cfdf9f-4010-525d-8fe4-33950ef4d21b,ENDER,5,true,true,2026-08-02T00:00:00Z,1365,11909,Zemberek master-dictionary + FrequencyWords tr_50k
a5130756-f560-5f57-95f4-b5a106a0d888,ENEZE,5,true,false,2026-08-02T00:00:00Z,,,Zemberek master-dictionary + FrequencyWords tr_50k
6752345c-3e24-5963-a668-0702ffeb3cb6,ENFES,5,true,true,2026-08-02T00:00:00Z,1328,12184,Zemberek master-dictionary + FrequencyWords tr_50k
2b9594d8-c7df-5b68-9429-db0b43de596c,ENGEL,5,true,true,2026-08-02T00:00:00Z,11698,1691,Zemberek master-dictionary + FrequencyWords tr_50k
31f21663-510b-5f9b-9b01-b91fdd45f301,ENGİN,5,true,true,2026-08-02T00:00:00Z,760,19187,Zemberek master-dictionary + FrequencyWords tr_50k
b71549c9-4648-56d9-b05a-9dd8bf0c6723,ENKAZ,5,true,true,2026-08-02T00:00:00Z,1185,13367,Zemberek master-dictionary + FrequencyWords tr_50k
5f8a1758-bf22-5e4f-8c90-271fe345d7b1,ENLEM,5,true,false,2026-08-02T00:00:00Z,,,Zemberek master-dictionary + FrequencyWords tr_50k
9a7166a7-1710-5c61-9008-a7313a82471c,ENSAR,5,true,false,2026-08-02T00:00:00Z,,,Zemberek master-dictionary + FrequencyWords tr_50k
0941f04c-5705-5ce7-a101-fb905e92f349,ENTEL,5,true,false,2026-08-02T00:00:00Z,,,Zemberek master-dictionary + FrequencyWords tr_50k
ff15d2a6-5f28-520d-918b-69d55def6b78,ENZİM,5,true,false,2026-08-02T00:00:00Z,286,40128,Zemberek master-dictionary + FrequencyWords tr_50k
62736b9d-3734-5bf2-be15-413f0ef8fdcd,ENÖTE,5,true,false,2026-08-02T00:00:00Z,,,Zemberek master-dictionary + FrequencyWords tr_50k
93b941c7-b199-5493-b557-65e38b8fd63c,EOSEN,5,true,false,2026-08-02T00:00:00Z,,,Zemberek master-dictionary + FrequencyWords tr_50k
9cafbf40-28b2-50a8-8c0a-120e5048db56,EPEYİ,5,true,false,2026-08-02T00:00:00Z,,,Zemberek master-dictionary + FrequencyWords tr_50k
3eed54e7-6580-51b0-a951-442bd3905cc6,EPOPE,5,true,false,2026-08-02T00:00:00Z,,,Zemberek master-dictionary + FrequencyWords tr_50k
b1cee569-a1fb-56d9-b5f7-844b5ecc87cd,ERBAP,5,true,false,2026-08-02T00:00:00Z,,,Zemberek master-dictionary + FrequencyWords tr_50k
a177567f-79bf-5753-9d75-ca24d86c97ec,ERBAŞ,5,true,false,2026-08-02T00:00:00Z,,,Zemberek master-dictionary + FrequencyWords tr_50k
0a928d4b-d3f8-5ec0-ab91-56a3aa72c387,ERBİN,5,true,false,2026-08-02T00:00:00Z,,,Zemberek master-dictionary + FrequencyWords tr_50k
0e560ae7-39a8-5214-b2ce-2ef364287578,ERDEM,5,true,true,2026-08-02T00:00:00Z,430,29730,Zemberek master-dictionary + FrequencyWords tr_50k
89a14757-e84e-5ae6-9f18-89a6a156133a,ERDEN,5,true,false,2026-08-02T00:00:00Z,,,Zemberek master-dictionary + FrequencyWords tr_50k
cf8d36e3-3f8e-533a-bcd1-633e866af314,ERGEN,5,true,true,2026-08-02T00:00:00Z,1114,14073,Zemberek master-dictionary + FrequencyWords tr_50k
d54c2895-8209-5823-a14a-6060e56410d1,ERGİN,5,true,false,2026-08-02T00:00:00Z,,,Zemberek master-dictionary + FrequencyWords tr_50k
e39bb6a4-8b91-5041-a115-aa94bd46eae0,ERKEK,5,true,true,2026-08-02T00:00:00Z,67966,320,Zemberek master-dictionary + FrequencyWords tr_50k
2c264daa-a4dd-5f2c-9d92-416c78387e13,ERKEN,5,true,true,2026-08-02T00:00:00Z,27586,743,Zemberek master-dictionary + FrequencyWords tr_50k
6e214f59-abf6-5b5b-bc83-f0e0a2604379,ERKEÇ,5,true,false,2026-08-02T00:00:00Z,,,Zemberek master-dictionary + FrequencyWords tr_50k
7c8310d8-0f38-5d5a-9100-c811662bdb9b,ERKİN,5,true,false,2026-08-02T00:00:00Z,,,Zemberek master-dictionary + FrequencyWords tr_50k
a8b08582-4bd4-5ce6-801b-462a4bc4bde3,ERMEK,5,true,false,2026-08-02T00:00:00Z,225,47757,Zemberek master-dictionary + FrequencyWords tr_50k
5843939b-dbf7-52cf-a3aa-784fe23ec929,ERMİN,5,true,false,2026-08-02T00:00:00Z,,,Zemberek master-dictionary + FrequencyWords tr_50k
0b1ea00f-84b2-5e24-b50a-254c8f4affe6,EROİN,5,true,true,2026-08-02T00:00:00Z,2794,6485,Zemberek master-dictionary + FrequencyWords tr_50k
cebbb7a4-eff2-5984-909f-d1fabbccc59c,ERVAH,5,true,false,2026-08-02T00:00:00Z,,,Zemberek master-dictionary + FrequencyWords tr_50k
9c22261a-ff3d-5f35-812b-fe813ec10349,ERZAK,5,true,true,2026-08-02T00:00:00Z,1105,14162,Zemberek master-dictionary + FrequencyWords tr_50k
6ed89ba9-1749-5c11-b787-3f4ef25e6ed6,ERZEL,5,true,false,2026-08-02T00:00:00Z,,,Zemberek master-dictionary + FrequencyWords tr_50k
04131c60-c471-514d-b485-0f70123c2c5a,ERİKA,5,true,true,2026-08-02T00:00:00Z,509,26116,Zemberek master-dictionary + FrequencyWords tr_50k
98564fbb-55f9-5541-b7c7-456b0cb13dd8,ERİNÇ,5,true,false,2026-08-02T00:00:00Z,,,Zemberek master-dictionary + FrequencyWords tr_50k
fe5dc867-d914-5344-a661-7bfc0fc7729f,ESAME,5,true,false,2026-08-02T00:00:00Z,,,Zemberek master-dictionary + FrequencyWords tr_50k
80614324-4f2c-582a-8791-3bdaae77787b,ESANS,5,true,false,2026-08-02T00:00:00Z,,,Zemberek master-dictionary + FrequencyWords tr_50k
992684b0-0008-570b-81f6-9ff2977d9336,ESASİ,5,true,false,2026-08-02T00:00:00Z,,,Zemberek master-dictionary + FrequencyWords tr_50k
d7b4284a-55ca-5a6b-8a72-d1f660d3e8a3,ESBAK,5,true,false,2026-08-02T00:00:00Z,,,Zemberek master-dictionary + FrequencyWords tr_50k
b7fdfa4f-af78-5deb-a9e4-0d9a10778c15,ESBAP,5,true,false,2026-08-02T00:00:00Z,,,Zemberek master-dictionary + FrequencyWords tr_50k
d3947344-c53c-501f-b304-a806339da702,ESEME,5,true,false,2026-08-02T00:00:00Z,,,Zemberek master-dictionary + FrequencyWords tr_50k
3f88a21e-4291-53cd-abb0-c68beac60f47,ESHAM,5,true,false,2026-08-02T00:00:00Z,,,Zemberek master-dictionary + FrequencyWords tr_50k
5df4e31d-a120-5b31-bafa-e5af151fb415,ESKİZ,5,true,false,2026-08-02T00:00:00Z,,,Zemberek master-dictionary + FrequencyWords tr_50k
d6269292-36c4-595b-be6e-8bb3f4202cca,ESLAF,5,true,false,2026-08-02T00:00:00Z,,,Zemberek master-dictionary + FrequencyWords tr_50k
89c9e7ce-2bd0-5770-a084-684b30bbb85c,ESLEK,5,true,false,2026-08-02T00:00:00Z,,,Zemberek master-dictionary + FrequencyWords tr_50k
acc32cae-1cee-56c3-80b5-8b556f950729,ESMEK,5,true,false,2026-08-02T00:00:00Z,,,Zemberek master-dictionary + FrequencyWords tr_50k
c6252f63-4898-508a-a268-2a285667522d,ESMER,5,true,true,2026-08-02T00:00:00Z,1516,10910,Zemberek master-dictionary + FrequencyWords tr_50k
a2549fca-8c5c-5601-a15b-27d531bfd189,ESNAF,5,true,false,2026-08-02T00:00:00Z,,,Zemberek master-dictionary + FrequencyWords tr_50k
cb597e0a-9e0c-5246-923e-17dfdf92d954,ESNEK,5,true,true,2026-08-02T00:00:00Z,1089,14349,Zemberek master-dictionary + FrequencyWords tr_50k
3b2e1aca-bd0e-57a4-973d-e1fead507d36,ESPAS,5,true,false,2026-08-02T00:00:00Z,,,Zemberek master-dictionary + FrequencyWords tr_50k
a43d91bf-b3c8-59dd-a0ff-db74b838ecd1,ESPRİ,5,true,true,2026-08-02T00:00:00Z,3732,4964,Zemberek master-dictionary + FrequencyWords tr_50k
f190d86d-dd02-536b-9283-b3f881ea12e9,ESRAR,5,true,true,2026-08-02T00:00:00Z,2627,6840,Zemberek master-dictionary + FrequencyWords tr_50k
e24b2a74-e77f-5e76-b438-9e062d759419,ESRİK,5,true,false,2026-08-02T00:00:00Z,,,Zemberek master-dictionary + FrequencyWords tr_50k
632017de-c9ef-5c0b-9a4c-9f9de91d04b2,ESSAH,5,true,false,2026-08-02T00:00:00Z,,,Zemberek master-dictionary + FrequencyWords tr_50k
b71b7edc-7563-5a9c-95d6-428806e667d6,ESTEK,5,true,false,2026-08-02T00:00:00Z,,,Zemberek master-dictionary + FrequencyWords tr_50k
22a493a7-cf4c-5036-a26a-9b9a35e1db7e,ESTER,5,true,false,2026-08-02T00:00:00Z,,,Zemberek master-dictionary + FrequencyWords tr_50k
fc16121f-6d65-5388-8bce-1d4927e63a7a,ESTET,5,true,false,2026-08-02T00:00:00Z,,,Zemberek master-dictionary + FrequencyWords tr_50k
f4cac833-2dc1-5487-9a31-49701cad4644,ESVAP,5,true,false,2026-08-02T00:00:00Z,,,Zemberek master-dictionary + FrequencyWords tr_50k
0b6c9cc9-6087-578a-99ca-c7d43f70c131,ESİRE,5,true,false,2026-08-02T00:00:00Z,,,Zemberek master-dictionary + FrequencyWords tr_50k
12fa70a4-7c21-5d2c-9646-c0cb970fed4b,ETENE,5,true,false,2026-08-02T00:00:00Z,,,Zemberek master-dictionary + FrequencyWords tr_50k
156a22a1-9da2-5257-888d-ac410b5d1b70,ETKEN,5,true,true,2026-08-02T00:00:00Z,302,38580,Zemberek master-dictionary + FrequencyWords tr_50k
1ca686b4-ed05-5142-b52d-4fec4d8a360d,ETKİN,5,true,true,2026-08-02T00:00:00Z,1050,14754,Zemberek master-dictionary + FrequencyWords tr_50k
43b09b9d-277f-5467-b749-d42c42c3aff3,ETLİK,5,true,false,2026-08-02T00:00:00Z,,,Zemberek master-dictionary + FrequencyWords tr_50k
912245b2-6e59-5f7b-8a4c-3a4d14276f39,ETMEK,5,true,false,2026-08-02T00:00:00Z,98407,233,Zemberek master-dictionary + FrequencyWords tr_50k
70170714-da89-5975-84df-d7caacb3ff24,ETMEN,5,true,true,2026-08-02T00:00:00Z,7163,2746,Zemberek master-dictionary + FrequencyWords tr_50k
472e88c1-c1f3-50f8-935e-bbe2f303a989,ETNİK,5,true,true,2026-08-02T00:00:00Z,615,22643,Zemberek master-dictionary + FrequencyWords tr_50k
02fa487a-2abc-5ab5-bf4e-0bf17fa46462,ETRAF,5,true,true,2026-08-02T00:00:00Z,1102,14206,Zemberek master-dictionary + FrequencyWords tr_50k
71073495-be69-5255-be4d-1b6c0e81ad59,ETÇİL,5,true,false,2026-08-02T00:00:00Z,,,Zemberek master-dictionary + FrequencyWords tr_50k
4b1b381e-da6b-5f59-843d-3039c89cd14c,EVAZE,5,true,false,2026-08-02T00:00:00Z,,,Zemberek master-dictionary + FrequencyWords tr_50k
2d2251ed-36ee-56c9-97e7-5ff7733d7c32,EVCEK,5,true,false,2026-08-02T00:00:00Z,,,Zemberek master-dictionary + FrequencyWords tr_50k
6fb633b0-38a2-59c0-9a37-306f60802f7a,EVCİL,5,true,true,2026-08-02T00:00:00Z,2365,7501,Zemberek master-dictionary + FrequencyWords tr_50k
38d66608-a6d7-5815-bb1d-e1d93da1c6a7,EVDEŞ,5,true,false,2026-08-02T00:00:00Z,,,Zemberek master-dictionary + FrequencyWords tr_50k
fda4fc95-a259-589d-a2ae-2307353c194e,EVGİN,5,true,false,2026-08-02T00:00:00Z,,,Zemberek master-dictionary + FrequencyWords tr_50k
ae8a17f7-b4f0-50f2-bdf2-9e0562833f38,EVHAM,5,true,false,2026-08-02T00:00:00Z,,,Zemberek master-dictionary + FrequencyWords tr_50k
5d05c52f-6f59-53cb-af09-314ea7cc800b,EVKAF,5,true,false,2026-08-02T00:00:00Z,,,Zemberek master-dictionary + FrequencyWords tr_50k
6dc3163f-df01-5692-8cea-7d624c8ed39b,EVLEK,5,true,false,2026-08-02T00:00:00Z,,,Zemberek master-dictionary + FrequencyWords tr_50k
e8f79c7a-055b-526c-9b7a-a4f455b74fb2,EVRAK,5,true,true,2026-08-02T00:00:00Z,2698,6677,Zemberek master-dictionary + FrequencyWords tr_50k
bd9df76a-863f-5840-873a-3ea0ba62fa3f,EVRAT,5,true,false,2026-08-02T00:00:00Z,,,Zemberek master-dictionary + FrequencyWords tr_50k
c9873dbb-237e-574b-8519-13ee18d9daa8,EVREN,5,true,true,2026-08-02T00:00:00Z,3028,6022,Zemberek master-dictionary + FrequencyWords tr_50k
1c763d66-a554-521d-8f2b-11b048f220b5,EVRİK,5,true,false,2026-08-02T00:00:00Z,,,Zemberek master-dictionary + FrequencyWords tr_50k
d8b6961b-9eb4-5126-9978-559915d62935,EVRİM,5,true,true,2026-08-02T00:00:00Z,1417,11532,Zemberek master-dictionary + FrequencyWords tr_50k
5f3c693c-80ed-5541-bb0f-36474768a6a1,EVSAF,5,true,false,2026-08-02T00:00:00Z,,,Zemberek master-dictionary + FrequencyWords tr_50k
f1766595-1a31-5739-9aec-49876f3f20a5,EVSİN,5,true,false,2026-08-02T00:00:00Z,,,Zemberek master-dictionary + FrequencyWords tr_50k
cc6bcdb2-bb72-58b2-b3b2-1602472a482a,EVVEL,5,true,false,2026-08-02T00:00:00Z,4381,4336,Zemberek master-dictionary + FrequencyWords tr_50k
23358a35-c4ca-5d1c-ab39-4c73e7d6e209,EVİYE,5,true,false,2026-08-02T00:00:00Z,,,Zemberek master-dictionary + FrequencyWords tr_50k
c57bd4c8-ae6c-5fe4-9418-e23af0680ed8,EYLEM,5,true,true,2026-08-02T00:00:00Z,1294,12466,Zemberek master-dictionary + FrequencyWords tr_50k
d4fc4741-e4d0-585a-8ab3-f2233f77d234,EYLÜL,5,true,true,2026-08-02T00:00:00Z,4031,4660,Zemberek master-dictionary + FrequencyWords tr_50k
aec8293c-ee1b-5136-835b-1aea5fdc784b,EYTAM,5,true,false,2026-08-02T00:00:00Z,,,Zemberek master-dictionary + FrequencyWords tr_50k
3ebc62bb-4e2f-5094-ba26-5ae5a8498b4f,EYVAH,5,true,false,2026-08-02T00:00:00Z,1888,9035,Zemberek master-dictionary + FrequencyWords tr_50k
63753da5-fbd1-5525-bf1f-d288265654c5,EYVAN,5,true,false,2026-08-02T00:00:00Z,,,Zemberek master-dictionary + FrequencyWords tr_50k
3591440a-c97c-55fe-a3ad-0add3c3f1be6,EYYAM,5,true,false,2026-08-02T00:00:00Z,,,Zemberek master-dictionary + FrequencyWords tr_50k
f5a652fb-fabf-571d-b88a-e87cbc4dc261,EZBER,5,true,false,2026-08-02T00:00:00Z,,,Zemberek master-dictionary + FrequencyWords tr_50k
605036de-e88c-5912-82d4-e01537789f03,EZGİN,5,true,false,2026-08-02T00:00:00Z,,,Zemberek master-dictionary + FrequencyWords tr_50k
f7eabb21-9894-50db-a8be-946bfa055b1c,EZGİÇ,5,true,false,2026-08-02T00:00:00Z,,,Zemberek master-dictionary + FrequencyWords tr_50k
bd33677c-d9ee-5bbb-8c8e-ec5343fa981c,EZMEK,5,true,false,2026-08-02T00:00:00Z,489,26927,Zemberek master-dictionary + FrequencyWords tr_50k
d555fdda-f8b6-5b70-b0ff-b3f345e5eea4,EZİNÇ,5,true,false,2026-08-02T00:00:00Z,,,Zemberek master-dictionary + FrequencyWords tr_50k
fb028083-be94-5f4f-8951-364844ddad9f,EÇHEL,5,true,false,2026-08-02T00:00:00Z,,,Zemberek master-dictionary + FrequencyWords tr_50k
19a49066-36f8-559d-888d-4d553a27110e,EĞLEK,5,true,false,2026-08-02T00:00:00Z,,,Zemberek master-dictionary + FrequencyWords tr_50k
e4210da8-0f53-5972-879e-2e34d1ab1765,EĞMEK,5,true,false,2026-08-02T00:00:00Z,233,46615,Zemberek master-dictionary + FrequencyWords tr_50k
be564aca-f21a-5ca3-9bb5-0c0229fcd690,EĞMEÇ,5,true,false,2026-08-02T00:00:00Z,,,Zemberek master-dictionary + FrequencyWords tr_50k
040759f8-d219-582c-9d2c-6fc176751193,EĞREZ,5,true,false,2026-08-02T00:00:00Z,,,Zemberek master-dictionary + FrequencyWords tr_50k
f1245ea7-c3f3-52f4-9da4-cf353c69a8bc,EĞRİM,5,true,false,2026-08-02T00:00:00Z,,,Zemberek master-dictionary + FrequencyWords tr_50k
1f9ea681-f0d1-5622-aa55-4fb61600b96b,EŞARP,5,true,true,2026-08-02T00:00:00Z,329,36267,Zemberek master-dictionary + FrequencyWords tr_50k
9c498537-5c60-56a1-8cb3-a39880d111e6,EŞHAS,5,true,false,2026-08-02T00:00:00Z,,,Zemberek master-dictionary + FrequencyWords tr_50k
28e5d831-18e7-5b02-a797-e001037b9538,EŞKİN,5,true,false,2026-08-02T00:00:00Z,,,Zemberek master-dictionary + FrequencyWords tr_50k
a6a9abe6-5f45-5f61-9393-aa3a03b257d1,EŞLEK,5,true,false,2026-08-02T00:00:00Z,,,Zemberek master-dictionary + FrequencyWords tr_50k
4bf5dfcf-d95b-50df-997e-555800da4c40,EŞLEM,5,true,false,2026-08-02T00:00:00Z,,,Zemberek master-dictionary + FrequencyWords tr_50k
dfa365c0-1d08-576d-923d-e59ff0cc493a,EŞMEK,5,true,false,2026-08-02T00:00:00Z,,,Zemberek master-dictionary + FrequencyWords tr_50k
c9f6c361-a4f9-57b2-8816-9939eec51c87,EŞRAF,5,true,false,2026-08-02T00:00:00Z,,,Zemberek master-dictionary + FrequencyWords tr_50k
601bd3f6-acd0-56fb-ba3d-202089e30a2b,EŞREF,5,true,false,2026-08-02T00:00:00Z,,,Zemberek master-dictionary + FrequencyWords tr_50k
2e04412b-5acc-5fb9-9046-59d4a9bb3790,FACİA,5,true,true,2026-08-02T00:00:00Z,412,30733,Zemberek master-dictionary + FrequencyWords tr_50k
7b242f90-c0a5-5d57-b9b9-8a182b947374,FAGOT,5,true,false,2026-08-02T00:00:00Z,,,Zemberek master-dictionary + FrequencyWords tr_50k
7ff5395c-c896-5a67-96eb-07ec99bb0e61,FAHTE,5,true,false,2026-08-02T00:00:00Z,,,Zemberek master-dictionary + FrequencyWords tr_50k
3afe843a-d5a5-5279-852d-b1fdf7e2563a,FAHUR,5,true,false,2026-08-02T00:00:00Z,,,Zemberek master-dictionary + FrequencyWords tr_50k
b70b026f-00c1-5e45-9ab5-88855ecc15cf,FAHİŞ,5,true,false,2026-08-02T00:00:00Z,,,Zemberek master-dictionary + FrequencyWords tr_50k
c9e477b2-a78d-5680-b4e9-2e6ab1e54623,FAKAT,5,true,false,2026-08-02T00:00:00Z,89719,253,Zemberek master-dictionary + FrequencyWords tr_50k
26b9f83c-b3ec-56d8-860f-646aa48a3e86,FAKIR,5,true,false,2026-08-02T00:00:00Z,,,Zemberek master-dictionary + FrequencyWords tr_50k
0aada5ab-f2cd-5b07-b800-c916e8e6c215,FAKÜL,5,true,false,2026-08-02T00:00:00Z,,,Zemberek master-dictionary + FrequencyWords tr_50k
33e5349f-e573-59d9-8a9d-c9c4798d0132,FAKİH,5,true,false,2026-08-02T00:00:00Z,,,Zemberek master-dictionary + FrequencyWords tr_50k
060177f9-605b-5be9-9827-41dce033d0f1,FAKİR,5,true,true,2026-08-02T00:00:00Z,4124,4560,Zemberek master-dictionary + FrequencyWords tr_50k
35026b1c-f0fc-5a44-bfb3-2ea87d008a24,FALAN,5,true,false,2026-08-02T00:00:00Z,76905,284,Zemberek master-dictionary + FrequencyWords tr_50k
0fcc0d97-70ef-518e-a13d-7d0a0e8d0172,FALEZ,5,true,false,2026-08-02T00:00:00Z,,,Zemberek master-dictionary + FrequencyWords tr_50k
b004d8bb-ffdd-5676-8263-c8184993cd62,FALSO,5,true,false,2026-08-02T00:00:00Z,,,Zemberek master-dictionary + FrequencyWords tr_50k
d51caead-fe4e-553b-b39c-e1ad11947ab4,FALYA,5,true,false,2026-08-02T00:00:00Z,,,Zemberek master-dictionary + FrequencyWords tr_50k
7ba1ce80-b831-5f40-914a-15f59d9815d8,FANTA,5,true,false,2026-08-02T00:00:00Z,,,Zemberek master-dictionary + FrequencyWords tr_50k
d0149f70-d0aa-5288-978a-61cd7f6371a9,FANTİ,5,true,false,2026-08-02T00:00:00Z,,,Zemberek master-dictionary + FrequencyWords tr_50k
5520463c-7d80-52e9-af87-2c54da013fe9,FANUS,5,true,false,2026-08-02T00:00:00Z,,,Zemberek master-dictionary + FrequencyWords tr_50k
b81ea8f2-be46-55be-8d97-a1f516a31a00,FANYA,5,true,false,2026-08-02T00:00:00Z,,,Zemberek master-dictionary + FrequencyWords tr_50k
34974c4b-c05b-5bbc-b8ef-ab72375cd43c,FARAŞ,5,true,false,2026-08-02T00:00:00Z,,,Zemberek master-dictionary + FrequencyWords tr_50k
3c7013df-c541-5dfb-8612-464451ac3fa7,FARBA,5,true,false,2026-08-02T00:00:00Z,,,Zemberek master-dictionary + FrequencyWords tr_50k
3284b0c1-f991-5392-864d-eaca011550f8,FARTA,5,true,false,2026-08-02T00:00:00Z,,,Zemberek master-dictionary + FrequencyWords tr_50k
5c84d076-cb71-5b17-91c1-12c2a0b67d0d,FARİL,5,true,false,2026-08-02T00:00:00Z,,,Zemberek master-dictionary + FrequencyWords tr_50k
16962366-a522-583e-acc6-4f8e2624630d,FARİĞ,5,true,false,2026-08-02T00:00:00Z,,,Zemberek master-dictionary + FrequencyWords tr_50k
c6caeba7-e6e5-5bf7-914d-c50ef285364e,FASET,5,true,false,2026-08-02T00:00:00Z,,,Zemberek master-dictionary + FrequencyWords tr_50k
9bccdd36-b0f8-573b-9843-62000fe7f796,FASIL,5,true,false,2026-08-02T00:00:00Z,,,Zemberek master-dictionary + FrequencyWords tr_50k
c21dc386-6221-5ce3-938e-0456aacad590,FASKA,5,true,false,2026-08-02T00:00:00Z,,,Zemberek master-dictionary + FrequencyWords tr_50k
9b713fd5-e65e-54bd-955a-7ce3e9628f05,FASON,5,true,false,2026-08-02T00:00:00Z,,,Zemberek master-dictionary + FrequencyWords tr_50k
cc223f43-2072-5a20-aca7-f95b8011a0bc,FASİH,5,true,false,2026-08-02T00:00:00Z,,,Zemberek master-dictionary + FrequencyWords tr_50k
e3ebe104-118a-53ad-8741-3297a7adfc48,FASİT,5,true,false,2026-08-02T00:00:00Z,,,Zemberek master-dictionary + FrequencyWords tr_50k
63bb3cc6-2530-5583-bdf3-4819c1360eb7,FATİH,5,true,true,2026-08-02T00:00:00Z,314,37491,Zemberek master-dictionary + FrequencyWords tr_50k
8584152f-329e-5417-b722-54ea1fcdd28b,FAUNA,5,true,false,2026-08-02T00:00:00Z,,,Zemberek master-dictionary + FrequencyWords tr_50k
56723101-8c30-5b39-b1ba-fa2606c5bdbc,FAYDA,5,true,true,2026-08-02T00:00:00Z,1580,10560,Zemberek master-dictionary + FrequencyWords tr_50k
a78e148d-9456-5b1d-992a-b0dea794f008,FAZIL,5,true,false,2026-08-02T00:00:00Z,,,Zemberek master-dictionary + FrequencyWords tr_50k
32c07624-bfec-5426-8b3e-5646583b0c7b,FAZLA,5,true,false,2026-08-02T00:00:00Z,190796,102,Zemberek master-dictionary + FrequencyWords tr_50k
4855a357-c480-5b9f-9e11-a5a5a9e8a1fe,FECİR,5,true,false,2026-08-02T00:00:00Z,,,Zemberek master-dictionary + FrequencyWords tr_50k
6bd15268-482b-51b0-b069-bf9cdc055dd3,FEHVA,5,true,false,2026-08-02T00:00:00Z,,,Zemberek master-dictionary + FrequencyWords tr_50k
d655c31b-1996-542e-b3b0-f939a1819d7c,FEHİM,5,true,false,2026-08-02T00:00:00Z,,,Zemberek master-dictionary + FrequencyWords tr_50k
3db3c303-79fe-5c63-a966-44a2577100cc,FEKÜL,5,true,false,2026-08-02T00:00:00Z,,,Zemberek master-dictionary + FrequencyWords tr_50k
0a4e46d7-3fb2-5ab2-9cce-afd2b1f3d817,FELEK,5,true,false,2026-08-02T00:00:00Z,,,Zemberek master-dictionary + FrequencyWords tr_50k
8caa8a8e-e185-5603-8115-4f6a8cd49ac5,FENER,5,true,true,2026-08-02T00:00:00Z,1326,12213,Zemberek master-dictionary + FrequencyWords tr_50k
235eec86-6b3a-5d56-87dd-653f5cc043a5,FENOL,5,true,false,2026-08-02T00:00:00Z,,,Zemberek master-dictionary + FrequencyWords tr_50k
4c2d3263-8973-5dc3-b9ae-368bdbd7a050,FENİK,5,true,false,2026-08-02T00:00:00Z,,,Zemberek master-dictionary + FrequencyWords tr_50k
c4c54e1c-2a99-5994-ac60-9c19880b4c2c,FERAH,5,true,true,2026-08-02T00:00:00Z,418,30370,Zemberek master-dictionary + FrequencyWords tr_50k
e1419dca-b5ba-5c38-8d1e-29aa0c41239c,FERAĞ,5,true,false,2026-08-02T00:00:00Z,,,Zemberek master-dictionary + FrequencyWords tr_50k
b3cda1ba-d384-5320-9b4b-786f4b60c2d7,FERDA,5,true,false,2026-08-02T00:00:00Z,,,Zemberek master-dictionary + FrequencyWords tr_50k
b39f05f8-5020-5649-83de-79fc90250155,FERDE,5,true,false,2026-08-02T00:00:00Z,,,Zemberek master-dictionary + FrequencyWords tr_50k
4b7fecd2-05b7-5846-b5bd-e771ab159e38,FERMA,5,true,false,2026-08-02T00:00:00Z,,,Zemberek master-dictionary + FrequencyWords tr_50k
b103d5ee-6a50-5bf7-b886-d137f14b21ab,FERİH,5,true,false,2026-08-02T00:00:00Z,,,Zemberek master-dictionary + FrequencyWords tr_50k
ba6ebebd-0bd7-5acf-87f5-637f8b8e77fc,FERİK,5,true,false,2026-08-02T00:00:00Z,,,Zemberek master-dictionary + FrequencyWords tr_50k
53315771-5d57-5c51-8476-93a40c8ca698,FESAT,5,true,false,2026-08-02T00:00:00Z,,,Zemberek master-dictionary + FrequencyWords tr_50k
14eba985-8e43-549d-aacb-0dbf6bdd6400,FESİH,5,true,false,2026-08-02T00:00:00Z,,,Zemberek master-dictionary + FrequencyWords tr_50k
5a369e12-f95d-5181-9c52-d1afbe7db375,FETHA,5,true,false,2026-08-02T00:00:00Z,,,Zemberek master-dictionary + FrequencyWords tr_50k
8588d59b-fddc-5833-b3b8-6a5cccad44d4,FETVA,5,true,false,2026-08-02T00:00:00Z,,,Zemberek master-dictionary + FrequencyWords tr_50k
3693d0db-cc4e-5e7b-8f60-eec94f2cac40,FETÜS,5,true,false,2026-08-02T00:00:00Z,,,Zemberek master-dictionary + FrequencyWords tr_50k
e01d8a4e-8262-5806-91a6-0548f5ecc6cf,FETİH,5,true,false,2026-08-02T00:00:00Z,,,Zemberek master-dictionary + FrequencyWords tr_50k
15ef993a-ac29-5c92-9941-24e041e4e89b,FETİŞ,5,true,false,2026-08-02T00:00:00Z,,,Zemberek master-dictionary + FrequencyWords tr_50k
3c81bc75-4ba3-5c86-a636-521f8c0cc693,FEYİZ,5,true,false,2026-08-02T00:00:00Z,,,Zemberek master-dictionary + FrequencyWords tr_50k
3b52497c-b84c-52d0-9257-5961ead426a8,FIKIH,5,true,false,2026-08-02T00:00:00Z,,,Zemberek master-dictionary + FrequencyWords tr_50k
635087a7-7caa-57fa-a75e-3cbb1abf5ced,FIKIR,5,true,false,2026-08-02T00:00:00Z,,,Zemberek master-dictionary + FrequencyWords tr_50k
f83a5595-578a-5da6-8645-6fa3445736af,FIKRA,5,true,true,2026-08-02T00:00:00Z,747,19455,Zemberek master-dictionary + FrequencyWords tr_50k
49dc9d41-32b1-565a-9181-45eae42cdcd9,FIRIL,5,true,false,2026-08-02T00:00:00Z,,,Zemberek master-dictionary + FrequencyWords tr_50k
47791113-d65d-5b39-ba2d-2d99c7469fe5,FIRIN,5,true,true,2026-08-02T00:00:00Z,1243,12889,Zemberek master-dictionary + FrequencyWords tr_50k
e768adb6-73d0-5a37-8543-9e5fd5e9b536,FIRKA,5,true,false,2026-08-02T00:00:00Z,,,Zemberek master-dictionary + FrequencyWords tr_50k
e6b084a6-0ebc-5e63-9f6a-fb880ddbfd0b,FIRÇA,5,true,true,2026-08-02T00:00:00Z,923,16378,Zemberek master-dictionary + FrequencyWords tr_50k
ca5b5aa9-38b9-548e-9ef7-36e2447128d2,FISIL,5,true,false,2026-08-02T00:00:00Z,,,Zemberek master-dictionary + FrequencyWords tr_50k
d089d67b-8fdd-53b7-84d0-9feb4a333275,FISIR,5,true,false,2026-08-02T00:00:00Z,,,Zemberek master-dictionary + FrequencyWords tr_50k
6c5274ea-ed09-5c96-810f-6cbcad5cc191,FITIK,5,true,false,2026-08-02T00:00:00Z,261,43000,Zemberek master-dictionary + FrequencyWords tr_50k
b5fd20f8-04f6-5e8f-bfc5-ce5ca4ff92cd,FIŞIR,5,true,false,2026-08-02T00:00:00Z,,,Zemberek master-dictionary + FrequencyWords tr_50k
3921a16c-457a-5792-a32e-5541eaee4db5,FIŞKI,5,true,false,2026-08-02T00:00:00Z,,,Zemberek master-dictionary + FrequencyWords tr_50k
bdd99770-00d5-5043-a096-0ea5ae75ef90,FLEOL,5,true,false,2026-08-02T00:00:00Z,,,Zemberek master-dictionary + FrequencyWords tr_50k
b32ad6e5-3b2e-5a67-a4ba-8fb00e960d89,FLORA,5,true,true,2026-08-02T00:00:00Z,768,19041,Zemberek master-dictionary + FrequencyWords tr_50k
0a8af3cd-0c79-5497-9497-d534ba959401,FLORİ,5,true,false,2026-08-02T00:00:00Z,,,Zemberek master-dictionary + FrequencyWords tr_50k
3f36c716-6655-5ef7-abe8-d6cb6442554b,FLÖRE,5,true,false,2026-08-02T00:00:00Z,,,Zemberek master-dictionary + FrequencyWords tr_50k
1cb92f98-b108-59cd-bdda-2ef7f0f5dd8f,FLÖRT,5,true,true,2026-08-02T00:00:00Z,3603,5121,Zemberek master-dictionary + FrequencyWords tr_50k
8103c9c2-b344-52e9-811f-ec0ddb77ffba,FLÜOR,5,true,false,2026-08-02T00:00:00Z,,,Zemberek master-dictionary + FrequencyWords tr_50k
9858b2e4-7c18-53e3-9009-81102b5df6fe,FODLA,5,true,false,2026-08-02T00:00:00Z,,,Zemberek master-dictionary + FrequencyWords tr_50k
cdbc9223-d245-5a0a-8522-b5f5e44e070b,FODRA,5,true,false,2026-08-02T00:00:00Z,,,Zemberek master-dictionary + FrequencyWords tr_50k
9ba353c5-c304-57b2-9f25-968165dcd334,FODUL,5,true,false,2026-08-02T00:00:00Z,,,Zemberek master-dictionary + FrequencyWords tr_50k
3bb1ea24-1e07-52dd-99cd-dae5c7fb2cf7,FOKUR,5,true,false,2026-08-02T00:00:00Z,,,Zemberek master-dictionary + FrequencyWords tr_50k
0e77d9c8-7ac7-57ac-83ab-8561dc168988,FOKUS,5,true,false,2026-08-02T00:00:00Z,,,Zemberek master-dictionary + FrequencyWords tr_50k
365dbf77-5468-5bcb-8f45-613b20aa401d,FOLYO,5,true,false,2026-08-02T00:00:00Z,,,Zemberek master-dictionary + FrequencyWords tr_50k
dcce6f82-c007-5c9d-a982-131ea81178fd,FONDA,5,true,false,2026-08-02T00:00:00Z,263,42775,Zemberek master-dictionary + FrequencyWords tr_50k
f285b9cd-01ec-5ec8-a4c9-3e7b77ec309e,FONEM,5,true,false,2026-08-02T00:00:00Z,,,Zemberek master-dictionary + FrequencyWords tr_50k
2d245867-311f-5662-8f54-4bff5d579725,FORMA,5,true,true,2026-08-02T00:00:00Z,725,19893,Zemberek master-dictionary + FrequencyWords tr_50k
d1e4a36e-941b-5e52-92a6-d446faeff1e9,FOROZ,5,true,false,2026-08-02T00:00:00Z,,,Zemberek master-dictionary + FrequencyWords tr_50k
08d0fafa-12e7-5f1b-bd67-d4f5b273fe20,FORSA,5,true,false,2026-08-02T00:00:00Z,,,Zemberek master-dictionary + FrequencyWords tr_50k
5d5f22b3-2294-5edf-a5cc-1b3832413d86,FORTE,5,true,false,2026-08-02T00:00:00Z,,,Zemberek master-dictionary + FrequencyWords tr_50k
d9b4d1bb-2464-5c1c-85bb-8a8bcbf3de44,FORUM,5,true,false,2026-08-02T00:00:00Z,,,Zemberek master-dictionary + FrequencyWords tr_50k
ad6fbe23-82fa-55d6-8932-f6b3b6fed569,FORZA,5,true,false,2026-08-02T00:00:00Z,,,Zemberek master-dictionary + FrequencyWords tr_50k
6833f79e-d67e-5b5e-8271-bf1788553ac6,FOSUR,5,true,false,2026-08-02T00:00:00Z,,,Zemberek master-dictionary + FrequencyWords tr_50k
595af19c-2133-5e86-96dc-de6691da4ad2,FOSİL,5,true,true,2026-08-02T00:00:00Z,630,22222,Zemberek master-dictionary + FrequencyWords tr_50k
bec250a9-fa65-55b6-b77e-114eafabdce9,FRANK,5,true,true,2026-08-02T00:00:00Z,27590,742,Zemberek master-dictionary + FrequencyWords tr_50k
b2204eb7-ca83-5389-bd06-063dd25a0769,FRESK,5,true,false,2026-08-02T00:00:00Z,,,Zemberek master-dictionary + FrequencyWords tr_50k
0cb0cd47-f485-5b6a-ab8b-42a90a2457e2,FREZE,5,true,false,2026-08-02T00:00:00Z,,,Zemberek master-dictionary + FrequencyWords tr_50k
10faf7ac-55b6-5027-b377-044e57ff9ab1,FRİBO,5,true,false,2026-08-02T00:00:00Z,,,Zemberek master-dictionary + FrequencyWords tr_50k
7294f74b-0ab3-552e-86c6-0073b6d050bf,FRİGO,5,true,false,2026-08-02T00:00:00Z,,,Zemberek master-dictionary + FrequencyWords tr_50k
5568af8a-17b4-5f32-b20f-bf87c5377613,FRİSA,5,true,false,2026-08-02T00:00:00Z,,,Zemberek master-dictionary + FrequencyWords tr_50k
557acd3e-01f5-5c7d-a1a7-63e8a7cd93e2,FUAYE,5,true,false,2026-08-02T00:00:00Z,,,Zemberek master-dictionary + FrequencyWords tr_50k
fc185642-31cd-5607-b2a6-0441d67037bb,FUHUŞ,5,true,true,2026-08-02T00:00:00Z,465,27986,Zemberek master-dictionary + FrequencyWords tr_50k
626b097f-be14-5707-8a9c-ddf0a5bb5aed,FUJER,5,true,false,2026-08-02T00:00:00Z,,,Zemberek master-dictionary + FrequencyWords tr_50k
739fe941-c22d-56fd-9eed-5ffb1717de75,FULYA,5,true,false,2026-08-02T00:00:00Z,,,Zemberek master-dictionary + FrequencyWords tr_50k
88b1139a-dfc8-516c-b660-f74058864a50,FUNDA,5,true,false,2026-08-02T00:00:00Z,,,Zemberek master-dictionary + FrequencyWords tr_50k
4fe1c9af-f4ff-56fe-952a-254bec0ee515,FURTA,5,true,false,2026-08-02T00:00:00Z,,,Zemberek master-dictionary + FrequencyWords tr_50k
a38a13d7-a10d-52c8-a68e-c91b3d0ca262,FURYA,5,true,false,2026-08-02T00:00:00Z,,,Zemberek master-dictionary + FrequencyWords tr_50k
2cf01482-8c99-5f64-8f48-2da3686a55db,FÜCUR,5,true,false,2026-08-02T00:00:00Z,,,Zemberek master-dictionary + FrequencyWords tr_50k
1a626f66-522b-5fe6-ae27-62a0dfdb2ebb,FÜLÜS,5,true,false,2026-08-02T00:00:00Z,,,Zemberek master-dictionary + FrequencyWords tr_50k
07787313-7e5b-5a37-931c-0aa1e6fb38ef,FÜNYE,5,true,false,2026-08-02T00:00:00Z,,,Zemberek master-dictionary + FrequencyWords tr_50k
7d8ce7a0-1c0b-5f46-8030-802405b81075,FÜSUN,5,true,false,2026-08-02T00:00:00Z,,,Zemberek master-dictionary + FrequencyWords tr_50k
fdb0630f-6d79-5aa5-99a5-5019b742c999,FÜTUR,5,true,false,2026-08-02T00:00:00Z,,,Zemberek master-dictionary + FrequencyWords tr_50k
e8674b51-0b57-53e0-b8f3-caf55493a275,FÜZEN,5,true,false,2026-08-02T00:00:00Z,,,Zemberek master-dictionary + FrequencyWords tr_50k
e49019ff-f4cb-552b-803d-8754d7740eb6,FİBER,5,true,false,2026-08-02T00:00:00Z,289,39864,Zemberek master-dictionary + FrequencyWords tr_50k
d1f578cf-d71d-5df1-916b-aa1dc472d196,FİDAN,5,true,false,2026-08-02T00:00:00Z,,,Zemberek master-dictionary + FrequencyWords tr_50k
39d10ef1-32bb-583d-8640-204a74390503,FİDYE,5,true,true,2026-08-02T00:00:00Z,1694,9968,Zemberek master-dictionary + FrequencyWords tr_50k
b590818d-bda5-5d6b-a983-3879333a5e9d,FİFRE,5,true,false,2026-08-02T00:00:00Z,,,Zemberek master-dictionary + FrequencyWords tr_50k
92bcdc03-e081-5326-87f9-a2e0bd4bb72e,FİGAN,5,true,false,2026-08-02T00:00:00Z,,,Zemberek master-dictionary + FrequencyWords tr_50k
3ae3f904-ea39-53e3-a1c6-41011359db6c,FİGÜR,5,true,true,2026-08-02T00:00:00Z,341,35317,Zemberek master-dictionary + FrequencyWords tr_50k
c0f4cdd8-ea9c-553e-8f9b-c6a0a19f19cc,FİKİR,5,true,true,2026-08-02T00:00:00Z,35729,590,Zemberek master-dictionary + FrequencyWords tr_50k
35c662d1-5310-5e59-9df3-410ddcd8c79a,FİLAN,5,true,true,2026-08-02T00:00:00Z,10689,1838,Zemberek master-dictionary + FrequencyWords tr_50k
695075c8-a1fa-566c-9d20-ad9b0b3371f8,FİLAR,5,true,false,2026-08-02T00:00:00Z,,,Zemberek master-dictionary + FrequencyWords tr_50k
988bfbd4-4ca2-59e6-a09a-c4af2c1adc81,FİLET,5,true,false,2026-08-02T00:00:00Z,,,Zemberek master-dictionary + FrequencyWords tr_50k
52bad541-88ff-5156-b872-c4c72740e7d5,FİLOZ,5,true,false,2026-08-02T00:00:00Z,,,Zemberek master-dictionary + FrequencyWords tr_50k
6bbd8a83-e9e2-5505-9d04-a164d0515f99,FİLUM,5,true,false,2026-08-02T00:00:00Z,,,Zemberek master-dictionary + FrequencyWords tr_50k
f965875f-413e-556f-8f10-a12a79174628,FİLİZ,5,true,false,2026-08-02T00:00:00Z,,,Zemberek master-dictionary + FrequencyWords tr_50k
912186f2-b9d6-5ca4-9b57-166f1cbf51ed,FİNAL,5,true,true,2026-08-02T00:00:00Z,2094,8301,Zemberek master-dictionary + FrequencyWords tr_50k
896c8071-2349-5bb8-b0fe-e1a5efa33c40,FİNİŞ,5,true,false,2026-08-02T00:00:00Z,,,Zemberek master-dictionary + FrequencyWords tr_50k
f67f63b4-a140-5c71-acbe-7ffe891b4ac9,FİRAK,5,true,false,2026-08-02T00:00:00Z,,,Zemberek master-dictionary + FrequencyWords tr_50k
6fddefd8-85ff-5452-94fc-c9b1152b147f,FİRAR,5,true,true,2026-08-02T00:00:00Z,963,15827,Zemberek master-dictionary + FrequencyWords tr_50k
dffee32b-ba99-5e4a-9b33-3c8ed85b4036,FİREZ,5,true,false,2026-08-02T00:00:00Z,,,Zemberek master-dictionary + FrequencyWords tr_50k
c1917272-662c-5c55-8146-47da861329e8,FİRMA,5,true,true,2026-08-02T00:00:00Z,910,16542,Zemberek master-dictionary + FrequencyWords tr_50k
cc5d9d06-e0eb-5e1b-a35f-92f4e76fba5f,FİRİK,5,true,false,2026-08-02T00:00:00Z,,,Zemberek master-dictionary + FrequencyWords tr_50k
ecb589f8-4b97-5668-8864-54b4365dc593,FİSKE,5,true,false,2026-08-02T00:00:00Z,291,39611,Zemberek master-dictionary + FrequencyWords tr_50k
08c3bd14-643d-583f-8fba-f41122937895,FİSTO,5,true,false,2026-08-02T00:00:00Z,,,Zemberek master-dictionary + FrequencyWords tr_50k
6e4d0dad-048a-5058-88bd-df7896d1f75a,FİTNE,5,true,false,2026-08-02T00:00:00Z,,,Zemberek master-dictionary + FrequencyWords tr_50k
af8ea00b-28a9-5a57-ae63-15de0dc2432f,FİTRE,5,true,false,2026-08-02T00:00:00Z,,,Zemberek master-dictionary + FrequencyWords tr_50k
b690c778-f2bf-5057-a7f9-24883a5dd302,FİTİL,5,true,true,2026-08-02T00:00:00Z,297,39082,Zemberek master-dictionary + FrequencyWords tr_50k
6c90f4e0-c07e-5f06-95a1-af71f4e3c257,FİTİN,5,true,false,2026-08-02T00:00:00Z,,,Zemberek master-dictionary + FrequencyWords tr_50k
eb562776-254a-542b-96bf-504de62cf202,FİYAT,5,true,true,2026-08-02T00:00:00Z,3314,5563,Zemberek master-dictionary + FrequencyWords tr_50k
78be1cc5-2c6a-5758-883e-7296df7d7d27,FİZİK,5,true,true,2026-08-02T00:00:00Z,2412,7369,Zemberek master-dictionary + FrequencyWords tr_50k
a35b1ed5-383c-5d60-8082-178c9a6c917f,FİŞEK,5,true,true,2026-08-02T00:00:00Z,1365,11911,Zemberek master-dictionary + FrequencyWords tr_50k
74d9c163-e477-5549-95f8-60de1f5882a5,FİŞKA,5,true,false,2026-08-02T00:00:00Z,,,Zemberek master-dictionary + FrequencyWords tr_50k
f22a7d6a-1916-55d2-85cd-650dea05c0d1,GABRO,5,true,false,2026-08-02T00:00:00Z,,,Zemberek master-dictionary + FrequencyWords tr_50k
4f502116-6614-50fc-bc18-680e5afcd5ad,GABYA,5,true,false,2026-08-02T00:00:00Z,,,Zemberek master-dictionary + FrequencyWords tr_50k
97823ede-dab0-57e9-a84c-e5d841d92767,GABİN,5,true,false,2026-08-02T00:00:00Z,,,Zemberek master-dictionary + FrequencyWords tr_50k
a5aa587b-904f-5316-85d6-bf3915997c55,GACIR,5,true,false,2026-08-02T00:00:00Z,,,Zemberek master-dictionary + FrequencyWords tr_50k
77d4d03c-e88d-5fb8-83d7-9ea5d1a4495e,GADİR,5,true,false,2026-08-02T00:00:00Z,,,Zemberek master-dictionary + FrequencyWords tr_50k
0c66a73f-a740-5ef5-b77a-ac65be2dfc62,GAFUR,5,true,false,2026-08-02T00:00:00Z,,,Zemberek master-dictionary + FrequencyWords tr_50k
5d4a8f85-5dda-58af-b347-cfcff048a08f,GAFİL,5,true,true,2026-08-02T00:00:00Z,615,22625,Zemberek master-dictionary + FrequencyWords tr_50k
110a50d6-45fd-5cad-8f8a-ce3b31a79393,GALAT,5,true,false,2026-08-02T00:00:00Z,,,Zemberek master-dictionary + FrequencyWords tr_50k
ea8ebc0d-9dfd-593d-950c-d1558bc10922,GALON,5,true,true,2026-08-02T00:00:00Z,440,29191,Zemberek master-dictionary + FrequencyWords tr_50k
74ae67a6-86a9-51f4-977b-6d6b33f02356,GALOŞ,5,true,false,2026-08-02T00:00:00Z,,,Zemberek master-dictionary + FrequencyWords tr_50k
ac01e630-fc35-5ae9-a2c6-842d222551e6,GALİP,5,true,true,2026-08-02T00:00:00Z,1415,11554,Zemberek master-dictionary + FrequencyWords tr_50k
39b68300-ffce-5b4a-9801-10e4b8f14f3f,GALİZ,5,true,false,2026-08-02T00:00:00Z,,,Zemberek master-dictionary + FrequencyWords tr_50k
594d28fd-92f0-5343-a5c2-377c6b2bf517,GAMBA,5,true,false,2026-08-02T00:00:00Z,,,Zemberek master-dictionary + FrequencyWords tr_50k
9ade4739-943d-5cd9-9c61-3c990ce4b5cd,GAMET,5,true,false,2026-08-02T00:00:00Z,,,Zemberek master-dictionary + FrequencyWords tr_50k
05da4c9d-b5b0-56d0-8a5a-e246a13a1887,GAMZE,5,true,false,2026-08-02T00:00:00Z,,,Zemberek master-dictionary + FrequencyWords tr_50k
5c866d96-cb24-50a5-a252-dbbeee452b4a,GARAJ,5,true,true,2026-08-02T00:00:00Z,1456,11304,Zemberek master-dictionary + FrequencyWords tr_50k
b3b2ac87-82d3-526e-a9f3-9d03d78b3c6e,GARAZ,5,true,false,2026-08-02T00:00:00Z,,,Zemberek master-dictionary + FrequencyWords tr_50k
8bfe2951-6c80-5f32-817e-0e6acf60a9c0,GAREZ,5,true,false,2026-08-02T00:00:00Z,,,Zemberek master-dictionary + FrequencyWords tr_50k
bdbe5d33-17da-52aa-a8f2-46167e165bcf,GAROZ,5,true,false,2026-08-02T00:00:00Z,,,Zemberek master-dictionary + FrequencyWords tr_50k
28dca1d2-3f73-57db-b904-eb5a6217e450,GARİP,5,true,false,2026-08-02T00:00:00Z,43426,488,Zemberek master-dictionary + FrequencyWords tr_50k
595dd8dd-5cd2-51fc-8672-385b6436add6,GASIP,5,true,false,2026-08-02T00:00:00Z,,,Zemberek master-dictionary + FrequencyWords tr_50k
fd618225-a89b-561a-9506-390e2b392512,GASİL,5,true,false,2026-08-02T00:00:00Z,,,Zemberek master-dictionary + FrequencyWords tr_50k
6235bea8-1207-5a59-866c-4c96b828cc53,GAUSS,5,true,false,2026-08-02T00:00:00Z,,,Zemberek master-dictionary + FrequencyWords tr_50k
103e7f28-9624-5c30-a9a6-5ed834d571b3,GAVOT,5,true,false,2026-08-02T00:00:00Z,,,Zemberek master-dictionary + FrequencyWords tr_50k
7f8707b8-cae7-5546-ab8a-a2ac2b4ec6f4,GAYDA,5,true,false,2026-08-02T00:00:00Z,,,Zemberek master-dictionary + FrequencyWords tr_50k
56d8e118-8634-5bc0-a386-915d7640e7c8,GAYET,5,true,true,2026-08-02T00:00:00Z,26429,776,Zemberek master-dictionary + FrequencyWords tr_50k
5b9c83af-6014-5bf9-bffb-01a0ff0ccd9f,GAYRI,5,true,false,2026-08-02T00:00:00Z,325,36545,Zemberek master-dictionary + FrequencyWords tr_50k
9294049a-fc70-5574-8c4d-f5fcf0232cc7,GAYRİ,5,true,true,2026-08-02T00:00:00Z,993,15431,Zemberek master-dictionary + FrequencyWords tr_50k
836b7f57-69e0-53a7-9f1b-0487e72058f7,GAYUR,5,true,false,2026-08-02T00:00:00Z,,,Zemberek master-dictionary + FrequencyWords tr_50k
be3d0183-e637-5dd2-93a4-ba2f525a0585,GAYYA,5,true,false,2026-08-02T00:00:00Z,,,Zemberek master-dictionary + FrequencyWords tr_50k
7ddbf27c-a43c-5ad0-84f3-403fedb77741,GAZAL,5,true,false,2026-08-02T00:00:00Z,,,Zemberek master-dictionary + FrequencyWords tr_50k
cdfb8660-f327-509a-942b-2a45f9c8f7a7,GAZAP,5,true,false,2026-08-02T00:00:00Z,,,Zemberek master-dictionary + FrequencyWords tr_50k
b9fb3055-1a01-559e-b81c-59ee8b650e48,GAZEL,5,true,false,2026-08-02T00:00:00Z,,,Zemberek master-dictionary + FrequencyWords tr_50k
e1f8767c-221d-550e-aa9c-196021e0f4a3,GAZOZ,5,true,true,2026-08-02T00:00:00Z,1302,12396,Zemberek master-dictionary + FrequencyWords tr_50k
2267daa0-ae18-5997-8621-1a60bd73b5cd,GAZUP,5,true,false,2026-08-02T00:00:00Z,,,Zemberek master-dictionary + FrequencyWords tr_50k
56732b32-5aa8-594f-9d2d-4cd17c4b6d5a,GAZVE,5,true,false,2026-08-02T00:00:00Z,,,Zemberek master-dictionary + FrequencyWords tr_50k
473b41f1-b6e4-5318-8bd4-e897416adf07,GAİLE,5,true,false,2026-08-02T00:00:00Z,,,Zemberek master-dictionary + FrequencyWords tr_50k
1f30ae2f-7747-5289-a54c-199faa3ca96d,GAİTA,5,true,false,2026-08-02T00:00:00Z,,,Zemberek master-dictionary + FrequencyWords tr_50k
30bcaec8-0d36-5a76-9e52-e95f08ad830b,GAŞİY,5,true,false,2026-08-02T00:00:00Z,,,Zemberek master-dictionary + FrequencyWords tr_50k
58cbcc61-67ef-5bbd-b2f3-0cc4799c42ed,GEBEŞ,5,true,false,2026-08-02T00:00:00Z,,,Zemberek master-dictionary + FrequencyWords tr_50k
9ba66caf-f98d-5322-aab6-753b9dcf208a,GEBRE,5,true,false,2026-08-02T00:00:00Z,,,Zemberek master-dictionary + FrequencyWords tr_50k
05cbe50f-51eb-5ae2-85ce-855a6323c694,GEDİK,5,true,false,2026-08-02T00:00:00Z,236,46217,Zemberek master-dictionary + FrequencyWords tr_50k
015dca5d-66e1-5102-b8a0-e56bbafa9d71,GELEN,5,true,false,2026-08-02T00:00:00Z,43818,485,Zemberek master-dictionary + FrequencyWords tr_50k
b10f202c-5f76-5ec6-beb2-1a8b08ea8e1e,GELİN,5,true,true,2026-08-02T00:00:00Z,34069,616,Zemberek master-dictionary + FrequencyWords tr_50k
57778378-6c3f-5212-9b7b-9b14aece8a42,GELİR,5,true,true,2026-08-02T00:00:00Z,38210,551,Zemberek master-dictionary + FrequencyWords tr_50k
0db9f6b3-deeb-5d05-84f5-b39282f4b413,GENEL,5,true,true,2026-08-02T00:00:00Z,9151,2127,Zemberek master-dictionary + FrequencyWords tr_50k
14ddd041-50b9-5aab-b328-c1ca9ed2a037,GENOM,5,true,false,2026-08-02T00:00:00Z,,,Zemberek master-dictionary + FrequencyWords tr_50k
6783901c-0b70-5f3b-ad3b-6e6f895a9b3b,GENİZ,5,true,false,2026-08-02T00:00:00Z,,,Zemberek master-dictionary + FrequencyWords tr_50k
b7106e4c-734e-5e41-9ec5-f818204fc466,GENİŞ,5,true,true,2026-08-02T00:00:00Z,7951,2468,Zemberek master-dictionary + FrequencyWords tr_50k
85f7746b-41dd-5ff0-a22d-f733b8a0851c,GEOİT,5,true,false,2026-08-02T00:00:00Z,,,Zemberek master-dictionary + FrequencyWords tr_50k
c9c85ea6-f5fa-5705-aa22-745646a2fb43,GEREK,5,true,false,2026-08-02T00:00:00Z,166768,123,Zemberek master-dictionary + FrequencyWords tr_50k
57fafe0c-5486-580a-a522-e47757a2468d,GEREN,5,true,false,2026-08-02T00:00:00Z,,,Zemberek master-dictionary + FrequencyWords tr_50k
f4823432-5809-5b08-b1bb-583182a1b63a,GEREÇ,5,true,false,2026-08-02T00:00:00Z,,,Zemberek master-dictionary + FrequencyWords tr_50k
bb7d7932-cbee-5e2f-9bb3-df945b5cb4a8,GERGİ,5,true,false,2026-08-02T00:00:00Z,,,Zemberek master-dictionary + FrequencyWords tr_50k
78a4c90a-6b29-5d30-86b1-f3462c2dbd61,GERÇİ,5,true,true,2026-08-02T00:00:00Z,8720,2233,Zemberek master-dictionary + FrequencyWords tr_50k
1c617776-9fda-557d-845a-85b8f25b7dbd,GERİZ,5,true,false,2026-08-02T00:00:00Z,,,Zemberek master-dictionary + FrequencyWords tr_50k
1680e720-9733-5687-87ce-a1da95ff9599,GETTO,5,true,false,2026-08-02T00:00:00Z,286,40174,Zemberek master-dictionary + FrequencyWords tr_50k
25acb033-645b-59d0-bc30-0672bd211e59,GEVEN,5,true,false,2026-08-02T00:00:00Z,,,Zemberek master-dictionary + FrequencyWords tr_50k
e5372cd1-f4fa-5ca2-90a7-45724cdd2a58,GEVİŞ,5,true,false,2026-08-02T00:00:00Z,,,Zemberek master-dictionary + FrequencyWords tr_50k
8e2fa18d-a7c4-55e1-b00b-e342fa183b0d,GEYİK,5,true,true,2026-08-02T00:00:00Z,2794,6483,Zemberek master-dictionary + FrequencyWords tr_50k
a3186ada-0aca-5eef-aceb-b866b618f67c,GEYŞA,5,true,true,2026-08-02T00:00:00Z,313,37527,Zemberek master-dictionary + FrequencyWords tr_50k
ceec3d4f-ffe7-52a5-b300-185f26a6355f,GEÇEK,5,true,false,2026-08-02T00:00:00Z,,,Zemberek master-dictionary + FrequencyWords tr_50k
55b3c3d4-f508-5ac2-be44-e092a6a62461,GEÇEN,5,true,false,2026-08-02T00:00:00Z,62234,341,Zemberek master-dictionary + FrequencyWords tr_50k
2b3d2580-30c2-58da-bc3d-d060b69533e4,GEÇER,5,true,true,2026-08-02T00:00:00Z,6956,2817,Zemberek master-dictionary + FrequencyWords tr_50k
dfe18e44-ae32-5afa-8436-ab68204333e6,GEÇİM,5,true,true,2026-08-02T00:00:00Z,400,31385,Zemberek master-dictionary + FrequencyWords tr_50k
5d7dbeb9-bd4f-55f9-8c3d-1aa77324b79e,GEÇİT,5,true,true,2026-08-02T00:00:00Z,3626,5094,Zemberek master-dictionary + FrequencyWords tr_50k
2a21f492-275f-5bad-a4f9-8e908e82a828,GICIK,5,true,true,2026-08-02T00:00:00Z,1128,13923,Zemberek master-dictionary + FrequencyWords tr_50k
f854ec52-10dc-597e-aae9-ada55a4755c8,GICIR,5,true,true,2026-08-02T00:00:00Z,580,23613,Zemberek master-dictionary + FrequencyWords tr_50k
39e37bf1-f2b1-5af9-bdd0-939d811d2d2b,GIDIK,5,true,false,2026-08-02T00:00:00Z,,,Zemberek master-dictionary + FrequencyWords tr_50k
e69d2234-2d79-5e33-9066-54e1cd5f72f7,GIDIM,5,true,false,2026-08-02T00:00:00Z,,,Zemberek master-dictionary + FrequencyWords tr_50k
2fad8572-6e1a-516b-b0ff-5a983865e7cb,GIPTA,5,true,true,2026-08-02T00:00:00Z,497,26603,Zemberek master-dictionary + FrequencyWords tr_50k
2225e80f-5265-554e-90af-061e352bba8f,GIRLA,5,true,false,2026-08-02T00:00:00Z,,,Zemberek master-dictionary + FrequencyWords tr_50k
760eb7e7-2713-5d66-810b-c81ce1590456,GIYAP,5,true,false,2026-08-02T00:00:00Z,,,Zemberek master-dictionary + FrequencyWords tr_50k
71c97517-5837-5627-96c0-d37ea4fe58fe,GNAYS,5,true,false,2026-08-02T00:00:00Z,,,Zemberek master-dictionary + FrequencyWords tr_50k
74aeb589-17a5-5244-8d02-bbbb4f2d3911,GOCUK,5,true,false,2026-08-02T00:00:00Z,,,Zemberek master-dictionary + FrequencyWords tr_50k
998e655d-ffb4-5542-8e5a-b3a89af9c8d7,GODOŞ,5,true,false,2026-08-02T00:00:00Z,,,Zemberek master-dictionary + FrequencyWords tr_50k
f1f127ba-8bba-516d-8b9f-f7479a590f3c,GONCA,5,true,false,2026-08-02T00:00:00Z,,,Zemberek master-dictionary + FrequencyWords tr_50k
be0fa275-5e18-5eca-af18-eb9bb306cd17,GORİL,5,true,true,2026-08-02T00:00:00Z,911,16538,Zemberek master-dictionary + FrequencyWords tr_50k
d65dc9dd-1a74-5618-9d04-b0a9db623417,GOTİK,5,true,true,2026-08-02T00:00:00Z,381,32487,Zemberek master-dictionary + FrequencyWords tr_50k
39f868c3-82b1-51fc-86e8-453e9d7efc17,GRADO,5,true,false,2026-08-02T00:00:00Z,,,Zemberek master-dictionary + FrequencyWords tr_50k
e9b7556e-2789-5e8e-a77e-f11b88ee0721,GRENA,5,true,false,2026-08-02T00:00:00Z,,,Zemberek master-dictionary + FrequencyWords tr_50k
cfc4387b-4b14-59e3-affe-633ea17704d0,GROSA,5,true,false,2026-08-02T00:00:00Z,,,Zemberek master-dictionary + FrequencyWords tr_50k
90ed3a96-bb56-5aee-9529-55ca12c4fe64,GRİZU,5,true,false,2026-08-02T00:00:00Z,,,Zemberek master-dictionary + FrequencyWords tr_50k
73d09aeb-0b2c-5168-833b-66637b5de2f8,GUANO,5,true,false,2026-08-02T00:00:00Z,,,Zemberek master-dictionary + FrequencyWords tr_50k
41d5bf10-e530-5598-870e-f0c7ff00a188,GUARD,5,true,false,2026-08-02T00:00:00Z,,,Zemberek master-dictionary + FrequencyWords tr_50k
1de58681-b1f0-5fbb-8d6f-8640b412e7d3,GUATR,5,true,false,2026-08-02T00:00:00Z,,,Zemberek master-dictionary + FrequencyWords tr_50k
4d554b00-f4c1-5fbb-8d49-f86715f4897b,GUCUR,5,true,false,2026-08-02T00:00:00Z,,,Zemberek master-dictionary + FrequencyWords tr_50k
872d72d7-0e94-5d7b-ad90-fabe102758ef,GUDDE,5,true,false,2026-08-02T00:00:00Z,,,Zemberek master-dictionary + FrequencyWords tr_50k
888b58a1-e639-580e-a689-33182ab210df,GUGUK,5,true,true,2026-08-02T00:00:00Z,350,34618,Zemberek master-dictionary + FrequencyWords tr_50k
095b5e33-b051-52a9-989b-f918b06bbd30,GULET,5,true,false,2026-08-02T00:00:00Z,,,Zemberek master-dictionary + FrequencyWords tr_50k
b854f3f0-819f-5ae9-8b19-a293ad4e0933,GURUP,5,true,true,2026-08-02T00:00:00Z,418,30368,Zemberek master-dictionary + FrequencyWords tr_50k
606b9861-5b17-5715-bf0b-058ae2cabbda,GURUR,5,true,true,2026-08-02T00:00:00Z,19533,1027,Zemberek master-dictionary + FrequencyWords tr_50k
c942c749-288d-59fa-a484-40811c33c1af,GUSTO,5,true,false,2026-08-02T00:00:00Z,,,Zemberek master-dictionary + FrequencyWords tr_50k
13a66cd9-6c19-5d68-bac0-87dc937a8a73,GUSÜL,5,true,false,2026-08-02T00:00:00Z,,,Zemberek master-dictionary + FrequencyWords tr_50k
50ded3f8-a118-57ba-8229-6517b3c6f5d5,GÖBEK,5,true,true,2026-08-02T00:00:00Z,1945,8834,Zemberek master-dictionary + FrequencyWords tr_50k
b7016923-d519-5fd1-89f6-910d7261e7f9,GÖBEL,5,true,false,2026-08-02T00:00:00Z,,,Zemberek master-dictionary + FrequencyWords tr_50k
ebe4aa5e-aa91-5575-a095-f809c306e6ed,GÖCEN,5,true,false,2026-08-02T00:00:00Z,,,Zemberek master-dictionary + FrequencyWords tr_50k
e1d26ff9-e8c8-5904-aaa0-f5a668212fd8,GÖDEN,5,true,false,2026-08-02T00:00:00Z,,,Zemberek master-dictionary + FrequencyWords tr_50k
cb89c470-9d0e-5166-9af9-8b24f3bc3eb1,GÖDEŞ,5,true,false,2026-08-02T00:00:00Z,,,Zemberek master-dictionary + FrequencyWords tr_50k
11b9b6ea-5f84-54b5-9938-ee809507c78b,GÖKÇE,5,true,false,2026-08-02T00:00:00Z,,,Zemberek master-dictionary + FrequencyWords tr_50k
a0f5fe85-d42b-57b2-8489-70f4559fd2d0,GÖLEK,5,true,false,2026-08-02T00:00:00Z,,,Zemberek master-dictionary + FrequencyWords tr_50k
91a19177-7a62-509f-a64a-126e526f202f,GÖLET,5,true,false,2026-08-02T00:00:00Z,,,Zemberek master-dictionary + FrequencyWords tr_50k
fddd3914-5a5f-5e6d-933e-e20aea17174e,GÖLGE,5,true,true,2026-08-02T00:00:00Z,2972,6111,Zemberek master-dictionary + FrequencyWords tr_50k
ea798139-dbde-5fb5-9ea0-e30187cc079c,GÖMME,5,true,true,2026-08-02T00:00:00Z,310,37821,Zemberek master-dictionary + FrequencyWords tr_50k
1045e1f9-6e71-5f9e-8add-a490668f8670,GÖMÜK,5,true,false,2026-08-02T00:00:00Z,,,Zemberek master-dictionary + FrequencyWords tr_50k
6a755ce2-fb7d-5995-bdfe-5ba31e722c20,GÖMÜT,5,true,false,2026-08-02T00:00:00Z,,,Zemberek master-dictionary + FrequencyWords tr_50k
e2ef7070-c9d4-5ebc-b532-d511fe98b075,GÖNEN,5,true,false,2026-08-02T00:00:00Z,,,Zemberek master-dictionary + FrequencyWords tr_50k
bd4f8392-3fad-5023-91b9-f83f57a0a7f2,GÖNYE,5,true,false,2026-08-02T00:00:00Z,,,Zemberek master-dictionary + FrequencyWords tr_50k
0d8c407d-f725-5f9a-9542-96e21368a973,GÖNÜL,5,true,true,2026-08-02T00:00:00Z,1481,11113,Zemberek master-dictionary + FrequencyWords tr_50k
78e790e1-0cd7-508e-af48-94536fa1509d,GÖREV,5,true,true,2026-08-02T00:00:00Z,17108,1167,Zemberek master-dictionary + FrequencyWords tr_50k
299c1b8e-3b70-502f-837d-063288850be9,GÖRGÜ,5,true,true,2026-08-02T00:00:00Z,4056,4638,Zemberek master-dictionary + FrequencyWords tr_50k
6a3cc88c-9cd6-5555-9cf7-494249341df1,GÖRÜM,5,true,false,2026-08-02T00:00:00Z,,,Zemberek master-dictionary + FrequencyWords tr_50k
000f3d92-b2a2-5f3e-9235-46d3cd20958d,GÖRÜŞ,5,true,true,2026-08-02T00:00:00Z,4623,4132,Zemberek master-dictionary + FrequencyWords tr_50k
344d4c8f-fdc9-53c0-81be-a7a154ecdcd4,GÖTÜN,5,true,true,2026-08-02T00:00:00Z,748,19418,Zemberek master-dictionary + FrequencyWords tr_50k
feaf1c3a-f60b-5f47-a3a0-8adfc19bc7be,GÖVDE,5,true,true,2026-08-02T00:00:00Z,833,17782,Zemberek master-dictionary + FrequencyWords tr_50k
6cf3fdfc-8b7c-5e5a-9e38-46e07d6e4588,GÖVEK,5,true,false,2026-08-02T00:00:00Z,,,Zemberek master-dictionary + FrequencyWords tr_50k
1886ffb5-dc55-5348-8cca-204b628eb833,GÖVEL,5,true,false,2026-08-02T00:00:00Z,,,Zemberek master-dictionary + FrequencyWords tr_50k
4570b1e4-2678-5db9-a578-9f3934d7880b,GÖVEM,5,true,false,2026-08-02T00:00:00Z,,,Zemberek master-dictionary + FrequencyWords tr_50k
69dfa95f-8d33-5b0b-9d63-229bf45349bf,GÖYÜK,5,true,false,2026-08-02T00:00:00Z,,,Zemberek master-dictionary + FrequencyWords tr_50k
3d60a13d-678e-523b-aa90-aa2939af30c5,GÖZCÜ,5,true,true,2026-08-02T00:00:00Z,798,18449,Zemberek master-dictionary + FrequencyWords tr_50k
bf00f2e1-0630-52a6-94fd-b66b95ad305d,GÖZDE,5,true,true,2026-08-02T00:00:00Z,1362,11939,Zemberek master-dictionary + FrequencyWords tr_50k
8f038baa-5eba-548d-b36a-735d64a95e17,GÖZER,5,true,false,2026-08-02T00:00:00Z,,,Zemberek master-dictionary + FrequencyWords tr_50k
a3ac719f-dfc9-5450-a83b-d53d26907d2e,GÖZGÜ,5,true,false,2026-08-02T00:00:00Z,,,Zemberek master-dictionary + FrequencyWords tr_50k
e09bb8f3-3e95-5448-a6d9-9e10b6dc8a53,GÖÇER,5,true,false,2026-08-02T00:00:00Z,,,Zemberek master-dictionary + FrequencyWords tr_50k
e90d2f75-5ab5-5c91-8fb6-ad8bea05e859,GÖÇÜK,5,true,false,2026-08-02T00:00:00Z,,,Zemberek master-dictionary + FrequencyWords tr_50k
660178f7-0db4-5acc-909a-65031669c733,GÖÇÜM,5,true,false,2026-08-02T00:00:00Z,,,Zemberek master-dictionary + FrequencyWords tr_50k
065520c7-40b5-5ad3-a3d2-f182ab89a36f,GÖĞEM,5,true,false,2026-08-02T00:00:00Z,,,Zemberek master-dictionary + FrequencyWords tr_50k
ab7e4db1-ea31-5703-a937-0288115806ca,GÖĞÜS,5,true,true,2026-08-02T00:00:00Z,6323,3106,Zemberek master-dictionary + FrequencyWords tr_50k
ec9b8a34-16b1-5f5d-8e25-7f47234298db,GÜBRE,5,true,true,2026-08-02T00:00:00Z,966,15787,Zemberek master-dictionary + FrequencyWords tr_50k
aaa0859c-b8f2-505d-b75f-dfd23a03db77,GÜBÜR,5,true,false,2026-08-02T00:00:00Z,,,Zemberek master-dictionary + FrequencyWords tr_50k
666dd3f7-1711-5f02-a140-01826760b572,GÜCÜK,5,true,false,2026-08-02T00:00:00Z,,,Zemberek master-dictionary + FrequencyWords tr_50k
356f4888-b0e6-5f4c-bd7f-7eacf869d7df,GÜCÜN,5,true,true,2026-08-02T00:00:00Z,3874,4814,Zemberek master-dictionary + FrequencyWords tr_50k
a4f8e615-2889-5c36-9b29-d06a79add964,GÜDEK,5,true,false,2026-08-02T00:00:00Z,,,Zemberek master-dictionary + FrequencyWords tr_50k
d77f9b6c-bb84-5180-b00d-88d06cebf395,GÜDÜK,5,true,false,2026-08-02T00:00:00Z,,,Zemberek master-dictionary + FrequencyWords tr_50k
2a7743e5-8332-5cbb-9357-710875f206cd,GÜDÜM,5,true,false,2026-08-02T00:00:00Z,,,Zemberek master-dictionary + FrequencyWords tr_50k
f82b3dd4-6d9a-5051-93dd-2076a342ea0e,GÜFTE,5,true,false,2026-08-02T00:00:00Z,,,Zemberek master-dictionary + FrequencyWords tr_50k
00c53bc3-b926-5fb4-9253-f62ef62bd33a,GÜLEÇ,5,true,false,2026-08-02T00:00:00Z,,,Zemberek master-dictionary + FrequencyWords tr_50k
97368689-5f5b-5718-8860-a1fec6f8063e,GÜLLE,5,true,false,2026-08-02T00:00:00Z,251,44217,Zemberek master-dictionary + FrequencyWords tr_50k
6227c5f6-4ed0-5f86-96ed-e773ec27c604,GÜLÜK,5,true,false,2026-08-02T00:00:00Z,,,Zemberek master-dictionary + FrequencyWords tr_50k
58b31a75-945c-5b6a-b372-2c91399ef109,GÜLÜT,5,true,false,2026-08-02T00:00:00Z,,,Zemberek master-dictionary + FrequencyWords tr_50k
b8133210-93e1-58b4-82af-9e6cf8854e73,GÜMEÇ,5,true,false,2026-08-02T00:00:00Z,,,Zemberek master-dictionary + FrequencyWords tr_50k
5a1c3f0c-3c1f-581f-a884-9078562e09ef,GÜMÜL,5,true,false,2026-08-02T00:00:00Z,,,Zemberek master-dictionary + FrequencyWords tr_50k
effd64ee-e765-55fd-8d15-3bd8d02cc3ba,GÜMÜŞ,5,true,true,2026-08-02T00:00:00Z,5574,3488,Zemberek master-dictionary + FrequencyWords tr_50k
d4863b6a-66c4-5905-933f-409c26d71208,GÜNAH,5,true,true,2026-08-02T00:00:00Z,6589,2967,Zemberek master-dictionary + FrequencyWords tr_50k
36217b21-ad1a-5e7f-9dd7-a0c2686f48d7,GÜNCE,5,true,false,2026-08-02T00:00:00Z,,,Zemberek master-dictionary + FrequencyWords tr_50k
737b5f5b-198f-586b-b00c-739e73c0efaa,GÜNDE,5,true,true,2026-08-02T00:00:00Z,13767,1450,Zemberek master-dictionary + FrequencyWords tr_50k
1ab08581-57ca-52e8-8cfc-d27512972c33,GÜNEY,5,true,true,2026-08-02T00:00:00Z,12773,1563,Zemberek master-dictionary + FrequencyWords tr_50k
ac537d5a-0df0-5e4d-a589-ec75f13cf55f,GÜNEÇ,5,true,false,2026-08-02T00:00:00Z,,,Zemberek master-dictionary + FrequencyWords tr_50k
6a1d5e8a-5023-5f65-ab47-f0226ed88c48,GÜNEŞ,5,true,true,2026-08-02T00:00:00Z,20547,990,Zemberek master-dictionary + FrequencyWords tr_50k
78f05c93-b030-5669-915d-e2be828aa7c1,GÜREŞ,5,true,true,2026-08-02T00:00:00Z,960,15883,Zemberek master-dictionary + FrequencyWords tr_50k
ed4275de-3940-5c7c-819b-6c2473980302,GÜRUH,5,true,false,2026-08-02T00:00:00Z,,,Zemberek master-dictionary + FrequencyWords tr_50k
5c968de0-18d0-554b-83f3-9a45911fe698,GÜRÜL,5,true,false,2026-08-02T00:00:00Z,,,Zemberek master-dictionary + FrequencyWords tr_50k
7f4d8fc3-1626-527e-96ae-dc055af4bf80,GÜVEN,5,true,true,2026-08-02T00:00:00Z,17172,1161,Zemberek master-dictionary + FrequencyWords tr_50k
bd814ff9-9527-5827-88bc-c8902cb8238a,GÜVEY,5,true,false,2026-08-02T00:00:00Z,,,Zemberek master-dictionary + FrequencyWords tr_50k
a7001e8b-d28b-5f36-af5c-2d55029c9863,GÜVEZ,5,true,false,2026-08-02T00:00:00Z,,,Zemberek master-dictionary + FrequencyWords tr_50k
735f4c9d-7ac3-5592-a714-d13685a6086c,GÜVEÇ,5,true,true,2026-08-02T00:00:00Z,559,24288,Zemberek master-dictionary + FrequencyWords tr_50k
4b28550a-ce91-53d8-afd4-6af42b3dcc1b,GÜZAF,5,true,false,2026-08-02T00:00:00Z,,,Zemberek master-dictionary + FrequencyWords tr_50k
3fb2e9b3-99b5-51eb-975e-97d3bcbe3f55,GÜZEL,5,true,true,2026-08-02T00:00:00Z,338638,54,Zemberek master-dictionary + FrequencyWords tr_50k
57cd43c7-7717-57d8-8ff5-6ecce9b81b61,GÜZEY,5,true,false,2026-08-02T00:00:00Z,,,Zemberek master-dictionary + FrequencyWords tr_50k
e9602e12-6057-5c21-a2cd-9a1d19c7138d,GÜZÜN,5,true,false,2026-08-02T00:00:00Z,,,Zemberek master-dictionary + FrequencyWords tr_50k
37294692-d078-5f4e-ac4e-df9050bc1d7f,GÜÇLÜ,5,true,true,2026-08-02T00:00:00Z,39746,527,Zemberek master-dictionary + FrequencyWords tr_50k
1aeb4996-c097-57cd-9715-0a85a4a1a7c2,GÜĞÜM,5,true,false,2026-08-02T00:00:00Z,,,Zemberek master-dictionary + FrequencyWords tr_50k
b823bd19-3684-5c2b-9dee-a1b5c6dc651d,GİDER,5,true,true,2026-08-02T00:00:00Z,19096,1052,Zemberek master-dictionary + FrequencyWords tr_50k
b73fc91f-d616-53a7-a6a7-354db33075bf,GİDON,5,true,false,2026-08-02T00:00:00Z,,,Zemberek master-dictionary + FrequencyWords tr_50k
4f059c08-5af9-5679-9ec2-ea4030fba80e,GİRAY,5,true,false,2026-08-02T00:00:00Z,,,Zemberek master-dictionary + FrequencyWords tr_50k
c193afd9-872a-5c80-8da7-928707e83009,GİRDİ,5,true,true,2026-08-02T00:00:00Z,13504,1484,Zemberek master-dictionary + FrequencyWords tr_50k
e5ad1365-93d7-5748-a8e0-65d17c19838d,GİRİM,5,true,false,2026-08-02T00:00:00Z,,,Zemberek master-dictionary + FrequencyWords tr_50k
ed2211f9-ce59-55b3-9cea-3e4ce21540d9,GİRİŞ,5,true,true,2026-08-02T00:00:00Z,12371,1607,Zemberek master-dictionary + FrequencyWords tr_50k
18c74702-d47f-5dfc-82fe-4a22621fe3c5,GİTAR,5,true,true,2026-08-02T00:00:00Z,2470,7203,Zemberek master-dictionary + FrequencyWords tr_50k
9d56e256-e91e-5fbf-9f94-aab6a74c9f6a,GİYSİ,5,true,true,2026-08-02T00:00:00Z,1752,9672,Zemberek master-dictionary + FrequencyWords tr_50k
f8a43869-2136-5a3f-bf7d-b84860f40f9a,GİYİM,5,true,true,2026-08-02T00:00:00Z,802,18390,Zemberek master-dictionary + FrequencyWords tr_50k
a09e9c99-89a9-5a56-aa34-b16b25024a29,GİYİT,5,true,false,2026-08-02T00:00:00Z,,,Zemberek master-dictionary + FrequencyWords tr_50k
08e3dd54-7f9e-595e-8c79-ce195a304560,GİZEM,5,true,true,2026-08-02T00:00:00Z,2277,7739,Zemberek master-dictionary + FrequencyWords tr_50k
9aafed05-ca78-57a6-9b45-f0187b21c803,GİZLİ,5,true,true,2026-08-02T00:00:00Z,37199,571,Zemberek master-dictionary + FrequencyWords tr_50k
8b0a250f-ba59-57c0-b472-fc43f99ffa1c,GİZİL,5,true,false,2026-08-02T00:00:00Z,,,Zemberek master-dictionary + FrequencyWords tr_50k
5e028a1d-f019-56a4-b320-3d55f69d76c3,HABBE,5,true,false,2026-08-02T00:00:00Z,,,Zemberek master-dictionary + FrequencyWords tr_50k
842b5e05-a034-5b2e-b28c-364384183af6,HABER,5,true,true,2026-08-02T00:00:00Z,65290,333,Zemberek master-dictionary + FrequencyWords tr_50k
0f8deba5-0217-5c1b-879d-4fc575936056,HABİP,5,true,false,2026-08-02T00:00:00Z,,,Zemberek master-dictionary + FrequencyWords tr_50k
e18e78b7-93cc-5ba4-a42d-55a32353cf13,HABİS,5,true,false,2026-08-02T00:00:00Z,242,45349,Zemberek master-dictionary + FrequencyWords tr_50k
c0155eab-d59f-50e2-98c2-5eb19b08e8f3,HACET,5,true,false,2026-08-02T00:00:00Z,,,Zemberek master-dictionary + FrequencyWords tr_50k
46e4dcca-f0bc-5439-8adb-6bebc5e1380b,HACİM,5,true,false,2026-08-02T00:00:00Z,,,Zemberek master-dictionary + FrequencyWords tr_50k
2d0ad578-961c-52e2-abc8-9d0e0759856e,HACİR,5,true,false,2026-08-02T00:00:00Z,,,Zemberek master-dictionary + FrequencyWords tr_50k
6e96271a-9a2d-5a5d-a4ea-6fb705aacff3,HACİZ,5,true,true,2026-08-02T00:00:00Z,349,34694,Zemberek master-dictionary + FrequencyWords tr_50k
5cc1a984-ecc0-5ddf-b017-601a56cb20bb,HADDE,5,true,false,2026-08-02T00:00:00Z,,,Zemberek master-dictionary + FrequencyWords tr_50k
5ce58e5e-b3dd-5c92-9914-de0b9e2f5d38,HADIM,5,true,true,2026-08-02T00:00:00Z,670,21143,Zemberek master-dictionary + FrequencyWords tr_50k
a2280d59-fd44-51ae-be2a-ed20302e5e6a,HADİM,5,true,false,2026-08-02T00:00:00Z,,,Zemberek master-dictionary + FrequencyWords tr_50k
e862d6cc-00cc-5c76-9024-be10c3ea72d5,HADİS,5,true,false,2026-08-02T00:00:00Z,,,Zemberek master-dictionary + FrequencyWords tr_50k
d5060cde-e437-56f7-9ed2-1adae3611338,HAFIZ,5,true,false,2026-08-02T00:00:00Z,,,Zemberek master-dictionary + FrequencyWords tr_50k
9db2cb5c-c15e-5a54-9dfa-6164c716099d,HAFTA,5,true,true,2026-08-02T00:00:00Z,75023,292,Zemberek master-dictionary + FrequencyWords tr_50k
ae7122fa-9ba9-5099-b3d6-0c7c440d8551,HAFİF,5,true,true,2026-08-02T00:00:00Z,7486,2612,Zemberek master-dictionary + FrequencyWords tr_50k
259f6b4b-d5e5-512d-a112-65284c06dd67,HAFİT,5,true,false,2026-08-02T00:00:00Z,,,Zemberek master-dictionary + FrequencyWords tr_50k
91e2c345-fa9d-59ff-8a21-bdf34bbebe5a,HAHAM,5,true,true,2026-08-02T00:00:00Z,969,15748,Zemberek master-dictionary + FrequencyWords tr_50k
af16c172-355b-5a28-a35c-a79816152512,HAHHA,5,true,false,2026-08-02T00:00:00Z,,,Zemberek master-dictionary + FrequencyWords tr_50k
79b92ca9-d86e-520b-9eb3-16fceefd862e,HAKAN,5,true,true,2026-08-02T00:00:00Z,653,21589,Zemberek master-dictionary + FrequencyWords tr_50k
b6036e50-4465-50a0-a3e7-2ae84bf47709,HAKEM,5,true,true,2026-08-02T00:00:00Z,1172,13469,Zemberek master-dictionary + FrequencyWords tr_50k
987d0fca-e901-56a2-87a4-115e8f56060b,HAKİM,5,true,true,2026-08-02T00:00:00Z,7627,2569,Zemberek master-dictionary + FrequencyWords tr_50k
ccc69140-bd01-5251-82b3-04b2919bfa0c,HAKİR,5,true,false,2026-08-02T00:00:00Z,,,Zemberek master-dictionary + FrequencyWords tr_50k
817139a5-f023-5c24-a1e9-f8a28a2e8b6a,HALAT,5,true,true,2026-08-02T00:00:00Z,731,19774,Zemberek master-dictionary + FrequencyWords tr_50k
0e6f345d-8fa5-5a04-bf73-c6c09f3a4be6,HALAY,5,true,false,2026-08-02T00:00:00Z,,,Zemberek master-dictionary + FrequencyWords tr_50k
50754af2-0cfb-53d7-8d7b-3f805fe8124e,HALEF,5,true,false,2026-08-02T00:00:00Z,,,Zemberek master-dictionary + FrequencyWords tr_50k
a67b67e8-bd3d-5062-b9d3-0b1737784d28,HALEL,5,true,false,2026-08-02T00:00:00Z,,,Zemberek master-dictionary + FrequencyWords tr_50k
85b79dd2-68b4-5f2e-8e71-5650a7231864,HALET,5,true,false,2026-08-02T00:00:00Z,,,Zemberek master-dictionary + FrequencyWords tr_50k
5d7bd342-2d90-5548-9650-2c89f721a50a,HALFA,5,true,false,2026-08-02T00:00:00Z,,,Zemberek master-dictionary + FrequencyWords tr_50k
ac525802-08a3-5559-bdc5-62c8dbe11885,HALKA,5,true,true,2026-08-02T00:00:00Z,5352,3611,Zemberek master-dictionary + FrequencyWords tr_50k
4720c1ec-4bef-5d79-bf50-799adc7beb3c,HALUK,5,true,false,2026-08-02T00:00:00Z,,,Zemberek master-dictionary + FrequencyWords tr_50k
c2f76d54-d3fb-560a-8722-a6063433e979,HALİK,5,true,false,2026-08-02T00:00:00Z,,,Zemberek master-dictionary + FrequencyWords tr_50k
bbc5f2b4-f956-554c-8867-a71c2d48efdc,HALİM,5,true,true,2026-08-02T00:00:00Z,1561,10657,Zemberek master-dictionary + FrequencyWords tr_50k
ae399102-cf51-5963-8fac-97d51c22c607,HALİS,5,true,false,2026-08-02T00:00:00Z,,,Zemberek master-dictionary + FrequencyWords tr_50k
7f1dac5b-822e-5f02-80d8-54b93c26ef25,HALİÇ,5,true,false,2026-08-02T00:00:00Z,,,Zemberek master-dictionary + FrequencyWords tr_50k
73766a7b-6a68-5092-9701-372e357c1ce4,HAMAK,5,true,false,2026-08-02T00:00:00Z,,,Zemberek master-dictionary + FrequencyWords tr_50k
18e1079e-fa8e-559a-8ad1-9290333c0d67,HAMAL,5,true,false,2026-08-02T00:00:00Z,,,Zemberek master-dictionary + FrequencyWords tr_50k
4a4d7de5-6c93-594d-be50-c776f2fe469f,HAMAM,5,true,true,2026-08-02T00:00:00Z,914,16483,Zemberek master-dictionary + FrequencyWords tr_50k
c11c9eb5-2c74-58e6-b881-c3f6c6bb90cd,HAMIZ,5,true,false,2026-08-02T00:00:00Z,,,Zemberek master-dictionary + FrequencyWords tr_50k
3613b86e-599c-55b7-b645-9181683329ab,HAMLE,5,true,true,2026-08-02T00:00:00Z,2692,6695,Zemberek master-dictionary + FrequencyWords tr_50k
54cf2654-1cb5-53f0-a269-6f46d63dd234,HAMSE,5,true,false,2026-08-02T00:00:00Z,,,Zemberek master-dictionary + FrequencyWords tr_50k
25174e55-022e-5f0b-985e-f8b2d15b1d1a,HAMSİ,5,true,false,2026-08-02T00:00:00Z,,,Zemberek master-dictionary + FrequencyWords tr_50k
e0b7354c-5794-54c8-96fa-373d1a992bab,HAMUR,5,true,true,2026-08-02T00:00:00Z,981,15599,Zemberek master-dictionary + FrequencyWords tr_50k
dd4b87fd-180a-5a85-8578-7814f4825de0,HAMUT,5,true,false,2026-08-02T00:00:00Z,,,Zemberek master-dictionary + FrequencyWords tr_50k
aead58b0-8820-513e-bb4e-5e52b1097fef,HAMİL,5,true,false,2026-08-02T00:00:00Z,,,Zemberek master-dictionary + FrequencyWords tr_50k
6a674191-5d25-5a92-85f6-79bd5af917dd,HAMİŞ,5,true,false,2026-08-02T00:00:00Z,,,Zemberek master-dictionary + FrequencyWords tr_50k
b9eae270-9232-5912-b4f1-ed5f6d7f64a1,HANAY,5,true,false,2026-08-02T00:00:00Z,,,Zemberek master-dictionary + FrequencyWords tr_50k
ff6b01e9-b2f7-5289-b332-e2c14dd49c04,HANDE,5,true,false,2026-08-02T00:00:00Z,,,Zemberek master-dictionary + FrequencyWords tr_50k
98a3b9f0-35eb-59cf-adef-a7013b89fc35,HANEK,5,true,false,2026-08-02T00:00:00Z,,,Zemberek master-dictionary + FrequencyWords tr_50k
b90cc1a8-d10e-520c-8ceb-fa0d6736f171,HANGİ,5,true,false,2026-08-02T00:00:00Z,53653,392,Zemberek master-dictionary + FrequencyWords tr_50k
0e50bab4-5c25-557e-abfa-cd563e8ddff8,HANIM,5,true,true,2026-08-02T00:00:00Z,11767,1682,Zemberek master-dictionary + FrequencyWords tr_50k
a3eacfdf-62ae-5380-81d9-159d68b8a72e,HANUT,5,true,false,2026-08-02T00:00:00Z,,,Zemberek master-dictionary + FrequencyWords tr_50k
512e8d09-2350-5136-9cfd-ca052bc9191c,HAPAZ,5,true,false,2026-08-02T00:00:00Z,,,Zemberek master-dictionary + FrequencyWords tr_50k
0ae7a7f8-c810-5907-aff0-18985ac5e81a,HAPIR,5,true,false,2026-08-02T00:00:00Z,,,Zemberek master-dictionary + FrequencyWords tr_50k
67e3929e-f474-57a2-9235-8e730c39a288,HAPUR,5,true,false,2026-08-02T00:00:00Z,,,Zemberek master-dictionary + FrequencyWords tr_50k
6639c729-2af0-5d67-a2ce-275723d9d814,HAPİS,5,true,true,2026-08-02T00:00:00Z,4463,4262,Zemberek master-dictionary + FrequencyWords tr_50k
72825c12-44ad-5547-8eaf-18407780311c,HAPŞU,5,true,false,2026-08-02T00:00:00Z,,,Zemberek master-dictionary + FrequencyWords tr_50k
0d366836-3661-5ac7-bde6-9b3b2f8e2963,HARAM,5,true,false,2026-08-02T00:00:00Z,252,44033,Zemberek master-dictionary + FrequencyWords tr_50k
a6b0af47-485f-50bf-8583-c14f07b4d636,HARAP,5,true,true,2026-08-02T00:00:00Z,1868,9108,Zemberek master-dictionary + FrequencyWords tr_50k
b044f7d7-4083-5ffe-a591-63651c04e9b6,HARAR,5,true,false,2026-08-02T00:00:00Z,,,Zemberek master-dictionary + FrequencyWords tr_50k
ef097717-624f-5cde-b333-13923076e898,HARAÇ,5,true,true,2026-08-02T00:00:00Z,661,21382,Zemberek master-dictionary + FrequencyWords tr_50k
96cb5f0f-8398-5b24-a84d-18eff560b396,HARBE,5,true,false,2026-08-02T00:00:00Z,,,Zemberek master-dictionary + FrequencyWords tr_50k
2887e2f6-8f62-54ab-a60d-ff86336d5ad7,HARBİ,5,true,true,2026-08-02T00:00:00Z,1599,10442,Zemberek master-dictionary + FrequencyWords tr_50k
3387b3f6-9420-5469-952c-2b38fdf0f49c,HAREM,5,true,false,2026-08-02T00:00:00Z,226,47641,Zemberek master-dictionary + FrequencyWords tr_50k
feebd192-61d6-5260-8969-19f47efb4fbe,HARIL,5,true,false,2026-08-02T00:00:00Z,,,Zemberek master-dictionary + FrequencyWords tr_50k
76c8dcc7-98c2-58c5-97b6-048241ae7a1a,HARIM,5,true,false,2026-08-02T00:00:00Z,,,Zemberek master-dictionary + FrequencyWords tr_50k
9ca3b23c-e5b7-5240-a652-c3614bcb9f26,HARIN,5,true,false,2026-08-02T00:00:00Z,,,Zemberek master-dictionary + FrequencyWords tr_50k
0f272c43-7a0a-525f-93bd-685bca6c98c5,HARTA,5,true,false,2026-08-02T00:00:00Z,,,Zemberek master-dictionary + FrequencyWords tr_50k
8bd6f382-db0c-58a7-a377-739e1eb890fd,HARİM,5,true,false,2026-08-02T00:00:00Z,,,Zemberek master-dictionary + FrequencyWords tr_50k
99f9e604-7f3a-5dc9-b6d3-780902671957,HARİR,5,true,false,2026-08-02T00:00:00Z,,,Zemberek master-dictionary + FrequencyWords tr_50k
22fbf595-578d-5d2b-acfc-63461acf0624,HARİS,5,true,false,2026-08-02T00:00:00Z,,,Zemberek master-dictionary + FrequencyWords tr_50k
d948e09d-5e85-59aa-bbb2-1d0cbca012b0,HARİÇ,5,true,true,2026-08-02T00:00:00Z,11234,1747,Zemberek master-dictionary + FrequencyWords tr_50k
25c4f8c6-6397-5c59-83aa-78efe8a680f3,HASAR,5,true,true,2026-08-02T00:00:00Z,6018,3251,Zemberek master-dictionary + FrequencyWords tr_50k
3b395fe4-6406-5bef-be1c-e7b109100fa7,HASAT,5,true,true,2026-08-02T00:00:00Z,1219,13083,Zemberek master-dictionary + FrequencyWords tr_50k
5af1590c-9eb2-577f-9132-d64efb0fa989,HASEP,5,true,false,2026-08-02T00:00:00Z,,,Zemberek master-dictionary + FrequencyWords tr_50k
e1693d67-9c0e-5a29-a8c3-7efe1c9e5e32,HASET,5,true,false,2026-08-02T00:00:00Z,,,Zemberek master-dictionary + FrequencyWords tr_50k
7f68c85c-32b7-53ef-8fc2-981041d96d2f,HASIL,5,true,false,2026-08-02T00:00:00Z,,,Zemberek master-dictionary + FrequencyWords tr_50k
c61abb9b-721b-5a1b-a984-efaca50949d2,HASIM,5,true,false,2026-08-02T00:00:00Z,,,Zemberek master-dictionary + FrequencyWords tr_50k
bd248a8f-739e-57dc-9350-30e9bf09685e,HASIR,5,true,true,2026-08-02T00:00:00Z,951,15983,Zemberek master-dictionary + FrequencyWords tr_50k
c267950e-8cba-5727-91cd-b15e5660c300,HASPA,5,true,false,2026-08-02T00:00:00Z,,,Zemberek master-dictionary + FrequencyWords tr_50k
962ad733-ee0a-588f-9bce-e291ccf66475,HASSA,5,true,false,2026-08-02T00:00:00Z,,,Zemberek master-dictionary + FrequencyWords tr_50k
381d5570-4435-52d3-8461-afa6c7e46fd1,HASSE,5,true,false,2026-08-02T00:00:00Z,,,Zemberek master-dictionary + FrequencyWords tr_50k
06f4b60f-9aee-5dcf-9620-43ae437e271d,HASTA,5,true,true,2026-08-02T00:00:00Z,32309,647,Zemberek master-dictionary + FrequencyWords tr_50k
ccd03c76-f5cc-5470-a743-d10b47597286,HASUT,5,true,false,2026-08-02T00:00:00Z,,,Zemberek master-dictionary + FrequencyWords tr_50k
a8e364a3-46e8-5070-a4e7-a4c8222d0219,HASİS,5,true,false,2026-08-02T00:00:00Z,,,Zemberek master-dictionary + FrequencyWords tr_50k
5ff6d7b9-eeea-5bfd-9455-7a64fd5a29f5,HATIL,5,true,false,2026-08-02T00:00:00Z,,,Zemberek master-dictionary + FrequencyWords tr_50k
bf26b59f-99d9-5890-8eee-9f701a116005,HATIR,5,true,false,2026-08-02T00:00:00Z,215,49288,Zemberek master-dictionary + FrequencyWords tr_50k
bdfb1c76-eb97-59bb-9c1a-1bb4bc08e776,HATMİ,5,true,false,2026-08-02T00:00:00Z,,,Zemberek master-dictionary + FrequencyWords tr_50k
299d9ef3-d82a-5c4a-b70d-bcc4dd40c098,HATTA,5,true,false,2026-08-02T00:00:00Z,39576,529,Zemberek master-dictionary + FrequencyWords tr_50k
55fff086-7b0d-59d2-9231-1ea40a70d738,HATUN,5,true,true,2026-08-02T00:00:00Z,3100,5896,Zemberek master-dictionary + FrequencyWords tr_50k
0459d031-d627-571c-a4e2-2a5fcfd371e4,HATİF,5,true,false,2026-08-02T00:00:00Z,,,Zemberek master-dictionary + FrequencyWords tr_50k
f8188c28-3b45-55c5-9fef-892bc9f24864,HATİM,5,true,false,2026-08-02T00:00:00Z,,,Zemberek master-dictionary + FrequencyWords tr_50k
d7f34eaf-81d1-597a-85ed-537c3d2d787e,HATİP,5,true,false,2026-08-02T00:00:00Z,,,Zemberek master-dictionary + FrequencyWords tr_50k
b38d26fe-a366-5874-9c18-1e1839bb2da7,HAVAN,5,true,true,2026-08-02T00:00:00Z,581,23577,Zemberek master-dictionary + FrequencyWords tr_50k
8e8dc058-9e3b-5e07-9419-c74a573e0813,HAVAS,5,true,false,2026-08-02T00:00:00Z,,,Zemberek master-dictionary + FrequencyWords tr_50k
b71be355-c5d0-5351-bddb-5f56f21b42e6,HAVLU,5,true,true,2026-08-02T00:00:00Z,2841,6379,Zemberek master-dictionary + FrequencyWords tr_50k
119595fc-7303-5456-bc3a-ca7c0feab4d2,HAVRA,5,true,false,2026-08-02T00:00:00Z,,,Zemberek master-dictionary + FrequencyWords tr_50k
1e5d6e10-97c2-5276-a551-572349d784a9,HAVUT,5,true,false,2026-08-02T00:00:00Z,,,Zemberek master-dictionary + FrequencyWords tr_50k
7621fd33-abbf-5ffd-80ad-3f5cf9d7bd44,HAVUZ,5,true,true,2026-08-02T00:00:00Z,2601,6897,Zemberek master-dictionary + FrequencyWords tr_50k
8f802282-ceb7-5cd1-8bcf-80a34af6ece2,HAVUÇ,5,true,true,2026-08-02T00:00:00Z,1260,12734,Zemberek master-dictionary + FrequencyWords tr_50k
e00837cb-28a1-5514-bee5-cae3f14d0260,HAVYA,5,true,false,2026-08-02T00:00:00Z,,,Zemberek master-dictionary + FrequencyWords tr_50k
04b443ba-73a2-55a9-a153-1530be6a68c1,HAVZA,5,true,false,2026-08-02T00:00:00Z,,,Zemberek master-dictionary + FrequencyWords tr_50k
e5119cce-b486-5c50-8e8b-6b4b5e68fe00,HAVİL,5,true,false,2026-08-02T00:00:00Z,,,Zemberek master-dictionary + FrequencyWords tr_50k
a01bbad9-f0a8-5beb-b21e-df4d35033556,HAYAL,5,true,true,2026-08-02T00:00:00Z,42239,501,Zemberek master-dictionary + FrequencyWords tr_50k
7823d176-081a-57da-991b-499276616d9d,HAYAT,5,true,true,2026-08-02T00:00:00Z,40432,520,Zemberek master-dictionary + FrequencyWords tr_50k
f4df46d0-5be2-5508-b933-f8f49d81c43b,HAYBE,5,true,false,2026-08-02T00:00:00Z,,,Zemberek master-dictionary + FrequencyWords tr_50k
a4667346-741b-574b-b337-b8c0a5e06c5e,HAYDA,5,true,false,2026-08-02T00:00:00Z,249,44418,Zemberek master-dictionary + FrequencyWords tr_50k
220cb856-ec79-5386-9ac6-ebe20bddd29a,HAYDİ,5,true,false,2026-08-02T00:00:00Z,118144,183,Zemberek master-dictionary + FrequencyWords tr_50k
82c84666-d2bd-5b8e-8436-d4070769cebb,HAYFA,5,true,false,2026-08-02T00:00:00Z,,,Zemberek master-dictionary + FrequencyWords tr_50k
917d3ea9-1f76-515e-83a3-5d00a72ed193,HAYIF,5,true,false,2026-08-02T00:00:00Z,,,Zemberek master-dictionary + FrequencyWords tr_50k
37652031-0a1c-59b9-85ba-4fc3fc10133e,HAYIR,5,true,false,2026-08-02T00:00:00Z,953194,18,Zemberek master-dictionary + FrequencyWords tr_50k
a94bd17e-3aa8-5214-beb9-03e717dca74f,HAYIT,5,true,false,2026-08-02T00:00:00Z,,,Zemberek master-dictionary + FrequencyWords tr_50k
a1291a55-dd33-5a94-a4d4-627dfa164652,HAYIZ,5,true,false,2026-08-02T00:00:00Z,,,Zemberek master-dictionary + FrequencyWords tr_50k
e8095608-4e2c-5361-8af5-3bc119eba13e,HAYLİ,5,true,true,2026-08-02T00:00:00Z,3126,5851,Zemberek master-dictionary + FrequencyWords tr_50k
b2a20235-0b37-5540-9127-7ea1f77cce53,HAYTA,5,true,false,2026-08-02T00:00:00Z,,,Zemberek master-dictionary + FrequencyWords tr_50k
50372082-3ae5-5012-9086-91b9cb9d4f2d,HAZAN,5,true,false,2026-08-02T00:00:00Z,,,Zemberek master-dictionary + FrequencyWords tr_50k
bb0bf60f-055e-5393-b611-1074348ecb24,HAZAR,5,true,false,2026-08-02T00:00:00Z,,,Zemberek master-dictionary + FrequencyWords tr_50k
fc1c4477-cdee-5dc2-860c-0953c80131bc,HAZIK,5,true,false,2026-08-02T00:00:00Z,,,Zemberek master-dictionary + FrequencyWords tr_50k
290a5922-0abe-598c-a731-e8d62a748494,HAZIM,5,true,false,2026-08-02T00:00:00Z,,,Zemberek master-dictionary + FrequencyWords tr_50k
b79f2b87-665e-5e5c-8607-e6180d64e405,HAZIN,5,true,false,2026-08-02T00:00:00Z,,,Zemberek master-dictionary + FrequencyWords tr_50k
2beb0d82-d04c-5094-bfbe-a70ed60cd510,HAZIR,5,true,true,2026-08-02T00:00:00Z,91822,249,Zemberek master-dictionary + FrequencyWords tr_50k
26c92376-df25-5dd4-a193-b53062fc71c2,HAZNE,5,true,false,2026-08-02T00:00:00Z,,,Zemberek master-dictionary + FrequencyWords tr_50k
0deac143-85b4-59fa-82a9-01a1c70aec38,HAZİN,5,true,true,2026-08-02T00:00:00Z,293,39464,Zemberek master-dictionary + FrequencyWords tr_50k
08706dec-2a66-5a45-9432-df37c6d8add1,HAİLE,5,true,false,2026-08-02T00:00:00Z,,,Zemberek master-dictionary + FrequencyWords tr_50k
54821b26-5d41-5961-b724-0cc536975c9d,HAŞAT,5,true,true,2026-08-02T00:00:00Z,322,36817,Zemberek master-dictionary + FrequencyWords tr_50k
a9f7627e-7cea-5470-bd5c-2a7e2b88b83a,HAŞIL,5,true,false,2026-08-02T00:00:00Z,,,Zemberek master-dictionary + FrequencyWords tr_50k
080383e0-c489-58ed-99ac-f353f1249971,HAŞIR,5,true,false,2026-08-02T00:00:00Z,226,47604,Zemberek master-dictionary + FrequencyWords tr_50k
ffc35688-fead-55b3-9a7f-a11018f53510,HAŞİN,5,true,true,2026-08-02T00:00:00Z,507,26178,Zemberek master-dictionary + FrequencyWords tr_50k
f135daf6-32f8-5239-bbe6-0948b917d176,HAŞİR,5,true,false,2026-08-02T00:00:00Z,,,Zemberek master-dictionary + FrequencyWords tr_50k
f719e10d-2655-5742-aa46-ba5e40bc0624,HAŞİV,5,true,false,2026-08-02T00:00:00Z,,,Zemberek master-dictionary + FrequencyWords tr_50k
3dfcca29-5d54-5b95-867c-0722ac1512b5,HAŞİŞ,5,true,false,2026-08-02T00:00:00Z,,,Zemberek master-dictionary + FrequencyWords tr_50k
1edc3252-c757-5753-a619-fc254bc2284e,HECİN,5,true,false,2026-08-02T00:00:00Z,,,Zemberek master-dictionary + FrequencyWords tr_50k
d29b2451-f5ad-59b8-b7a2-7e88196a6f91,HEDEF,5,true,true,2026-08-02T00:00:00Z,11951,1656,Zemberek master-dictionary + FrequencyWords tr_50k
444ec1ba-d92f-5465-b77b-231c2bb07b00,HEDER,5,true,false,2026-08-02T00:00:00Z,,,Zemberek master-dictionary + FrequencyWords tr_50k
f07fe381-9ef4-5290-9ff7-015a29d527a1,HEDİK,5,true,false,2026-08-02T00:00:00Z,,,Zemberek master-dictionary + FrequencyWords tr_50k
afd402cd-8146-5d14-8133-d12064f38a97,HEKİM,5,true,true,2026-08-02T00:00:00Z,571,23931,Zemberek master-dictionary + FrequencyWords tr_50k
a2dfb4fd-acce-5b7d-818d-1759c05fde1a,HELKE,5,true,false,2026-08-02T00:00:00Z,,,Zemberek master-dictionary + FrequencyWords tr_50k
de102a72-dc02-5b5d-9ebb-1b28cdf6916b,HELME,5,true,false,2026-08-02T00:00:00Z,,,Zemberek master-dictionary + FrequencyWords tr_50k
18f476fe-5d41-5ff4-bed8-40f9d10b2779,HELVA,5,true,false,2026-08-02T00:00:00Z,,,Zemberek master-dictionary + FrequencyWords tr_50k
3ff68aff-b56f-5c61-a394-4fee9b086e6a,HELİK,5,true,false,2026-08-02T00:00:00Z,,,Zemberek master-dictionary + FrequencyWords tr_50k
e4b7d02c-7c7a-53cc-ae28-f7af6caacc1d,HELİS,5,true,false,2026-08-02T00:00:00Z,,,Zemberek master-dictionary + FrequencyWords tr_50k
7ad2604a-5a7c-5286-b28c-d55e8744208b,HEMEN,5,true,false,2026-08-02T00:00:00Z,159283,126,Zemberek master-dictionary + FrequencyWords tr_50k
c4f589d6-91f3-5b38-858e-6db08dc6fefc,HEMPA,5,true,false,2026-08-02T00:00:00Z,,,Zemberek master-dictionary + FrequencyWords tr_50k
951a4006-664a-5ca4-a74d-053be0386d7a,HEMZE,5,true,false,2026-08-02T00:00:00Z,,,Zemberek master-dictionary + FrequencyWords tr_50k
075b9cbe-7d01-59e7-b88b-b58669721340,HENÜZ,5,true,false,2026-08-02T00:00:00Z,49593,427,Zemberek master-dictionary + FrequencyWords tr_50k
1cd7336e-a763-580c-9a47-c5832f0bc081,HEPSİ,5,true,false,2026-08-02T00:00:00Z,96736,240,Zemberek master-dictionary + FrequencyWords tr_50k
565e8e59-cfc0-51fc-9d32-5b5ad9c94a0b,HEREK,5,true,false,2026-08-02T00:00:00Z,,,Zemberek master-dictionary + FrequencyWords tr_50k
2bc70a60-7377-5cba-bcec-173a9e8d635a,HERTZ,5,true,false,2026-08-02T00:00:00Z,,,Zemberek master-dictionary + FrequencyWords tr_50k
c25ca731-5113-5066-a0b2-8acc7999b0cf,HERZE,5,true,false,2026-08-02T00:00:00Z,,,Zemberek master-dictionary + FrequencyWords tr_50k
d143d6ca-02bd-5ded-8ca6-9dadcd54290a,HERİF,5,true,true,2026-08-02T00:00:00Z,34064,617,Zemberek master-dictionary + FrequencyWords tr_50k
f9e9ec0c-946d-5ecb-b129-7d4a622eafa5,HERİK,5,true,false,2026-08-02T00:00:00Z,,,Zemberek master-dictionary + FrequencyWords tr_50k
2a1e7861-1aee-5fc2-8c9e-5a267069dcd1,HESAP,5,true,true,2026-08-02T00:00:00Z,6909,2838,Zemberek master-dictionary + FrequencyWords tr_50k
231e4d60-98ca-53b9-a537-01f6c1bb111e,HEVES,5,true,true,2026-08-02T00:00:00Z,462,28110,Zemberek master-dictionary + FrequencyWords tr_50k
9194e55b-3441-52d8-b6c0-f943ed43df55,HEYBE,5,true,false,2026-08-02T00:00:00Z,,,Zemberek master-dictionary + FrequencyWords tr_50k
9f125a2f-3a76-51cd-b9de-9c512a95fbf6,HEYET,5,true,true,2026-08-02T00:00:00Z,315,37364,Zemberek master-dictionary + FrequencyWords tr_50k
c2befbbc-bd4b-50b3-a0c7-dcf472b87403,HEZEL,5,true,false,2026-08-02T00:00:00Z,,,Zemberek master-dictionary + FrequencyWords tr_50k
3d3ddee0-3b05-52af-9091-2cf57029196c,HIDİV,5,true,false,2026-08-02T00:00:00Z,,,Zemberek master-dictionary + FrequencyWords tr_50k
214b8b59-0fc7-5496-a86d-c3f33e44964a,HIFIZ,5,true,false,2026-08-02T00:00:00Z,,,Zemberek master-dictionary + FrequencyWords tr_50k
f3cb11e5-06bc-5e9f-8682-efbf63cf9b86,HIMIŞ,5,true,false,2026-08-02T00:00:00Z,,,Zemberek master-dictionary + FrequencyWords tr_50k
85ac6fbc-e175-596a-b57b-08f69c6e833f,HIRBO,5,true,false,2026-08-02T00:00:00Z,,,Zemberek master-dictionary + FrequencyWords tr_50k
7dd67eb8-00a4-574f-9fef-de19c8d4391f,HIRIL,5,true,false,2026-08-02T00:00:00Z,,,Zemberek master-dictionary + FrequencyWords tr_50k
0771acfc-a69e-5ff5-af75-b242019f04ef,HIRKA,5,true,false,2026-08-02T00:00:00Z,214,49545,Zemberek master-dictionary + FrequencyWords tr_50k
929b9ac8-4d42-51bc-9fb5-cc6064aa44e1,HIRTI,5,true,false,2026-08-02T00:00:00Z,,,Zemberek master-dictionary + FrequencyWords tr_50k
7b04d97d-9e9f-57ae-b807-458c3e1ffcf9,HISIM,5,true,false,2026-08-02T00:00:00Z,,,Zemberek master-dictionary + FrequencyWords tr_50k
52b03667-1c20-5c05-8749-b3bc1e3e229a,HIYAR,5,true,true,2026-08-02T00:00:00Z,1630,10274,Zemberek master-dictionary + FrequencyWords tr_50k
7b3b9929-fba7-5c76-a807-344820c60d2e,HIZAR,5,true,false,2026-08-02T00:00:00Z,,,Zemberek master-dictionary + FrequencyWords tr_50k
4af270a1-9195-5d6c-8e10-fd90fbdaea2a,HIZLA,5,true,true,2026-08-02T00:00:00Z,6582,2969,Zemberek master-dictionary + FrequencyWords tr_50k
1722eaf1-761b-5f37-9651-52ae43b1f083,HIZLI,5,true,true,2026-08-02T00:00:00Z,45233,474,Zemberek master-dictionary + FrequencyWords tr_50k
4c54c743-8f18-563e-80c9-c1fb87eb14a9,HIŞIL,5,true,false,2026-08-02T00:00:00Z,,,Zemberek master-dictionary + FrequencyWords tr_50k
6ef70f03-8520-5ef3-be8b-4627c5fd1ee1,HIŞIM,5,true,false,2026-08-02T00:00:00Z,,,Zemberek master-dictionary + FrequencyWords tr_50k
b37a6306-6a8e-5b4e-a2a4-a4bfe40c51f1,HIŞIR,5,true,false,2026-08-02T00:00:00Z,,,Zemberek master-dictionary + FrequencyWords tr_50k
1991e702-9278-54b9-a511-65eed29e7c20,HODAN,5,true,false,2026-08-02T00:00:00Z,,,Zemberek master-dictionary + FrequencyWords tr_50k
8c763f69-b025-5c9c-8896-fa6747ec5af1,HODRİ,5,true,false,2026-08-02T00:00:00Z,,,Zemberek master-dictionary + FrequencyWords tr_50k
11aaeed5-32ed-5ccc-bb8b-0aa7b9b4bdf7,HOKEY,5,true,true,2026-08-02T00:00:00Z,2033,8503,Zemberek master-dictionary + FrequencyWords tr_50k
224650bf-150a-5c1a-b0e4-64d76c1ff255,HOKKA,5,true,false,2026-08-02T00:00:00Z,,,Zemberek master-dictionary + FrequencyWords tr_50k
55f89d6b-9771-52ee-9de2-da135bf93f7f,HOMUR,5,true,false,2026-08-02T00:00:00Z,,,Zemberek master-dictionary + FrequencyWords tr_50k
47b5a9e8-ae23-5e7d-b4e2-7e256c1708f6,HOPPA,5,true,false,2026-08-02T00:00:00Z,222,48300,Zemberek master-dictionary + FrequencyWords tr_50k
8aed9a65-cd3a-513e-8a51-a07e56a6f91e,HORON,5,true,false,2026-08-02T00:00:00Z,,,Zemberek master-dictionary + FrequencyWords tr_50k
fc2fda6e-db5d-5fb2-87bf-62e7d1f661ec,HOROZ,5,true,true,2026-08-02T00:00:00Z,1158,13619,Zemberek master-dictionary + FrequencyWords tr_50k
4e114277-9d05-5a76-9609-1258abba9cbc,HORST,5,true,false,2026-08-02T00:00:00Z,,,Zemberek master-dictionary + FrequencyWords tr_50k
76a93baf-3d7b-5c29-828a-bf48ebc59d18,HORUL,5,true,false,2026-08-02T00:00:00Z,,,Zemberek master-dictionary + FrequencyWords tr_50k
59d4cf02-869a-5216-83fb-d073b00e2ebc,HOTOZ,5,true,false,2026-08-02T00:00:00Z,,,Zemberek master-dictionary + FrequencyWords tr_50k
f74ab874-32b8-5640-af37-5599540ff1c3,HOYUK,5,true,false,2026-08-02T00:00:00Z,,,Zemberek master-dictionary + FrequencyWords tr_50k
46ce9cea-8a82-5076-8505-ee1180e65bde,HOZAN,5,true,false,2026-08-02T00:00:00Z,,,Zemberek master-dictionary + FrequencyWords tr_50k
463a9645-31fd-5e8d-b27a-898ff3985c52,HOŞAF,5,true,false,2026-08-02T00:00:00Z,,,Zemberek master-dictionary + FrequencyWords tr_50k
586036d0-1d4a-5c73-adc3-ef76199125ce,HOŞUR,5,true,false,2026-08-02T00:00:00Z,,,Zemberek master-dictionary + FrequencyWords tr_50k
f3ab5b58-6523-504e-9dcd-b22645a57c9a,HUDUT,5,true,false,2026-08-02T00:00:00Z,,,Zemberek master-dictionary + FrequencyWords tr_50k
7a2fc473-6b0d-5b99-b056-d3b521c4a0d2,HUKUK,5,true,true,2026-08-02T00:00:00Z,5431,3568,Zemberek master-dictionary + FrequencyWords tr_50k
dea71b45-459d-5999-9118-74043e88b539,HULUL,5,true,false,2026-08-02T00:00:00Z,,,Zemberek master-dictionary + FrequencyWords tr_50k
0ca7a068-1a48-5e3b-b101-6dac6b843fa3,HULUS,5,true,false,2026-08-02T00:00:00Z,,,Zemberek master-dictionary + FrequencyWords tr_50k
645b200d-0066-52bc-b27a-d266e840faf4,HULYA,5,true,false,2026-08-02T00:00:00Z,,,Zemberek master-dictionary + FrequencyWords tr_50k
fd141efa-394d-5390-875b-ebc3000152f6,HUMAR,5,true,false,2026-08-02T00:00:00Z,,,Zemberek master-dictionary + FrequencyWords tr_50k
08a54d0c-7068-5680-afb0-ef1164f2d867,HUMMA,5,true,false,2026-08-02T00:00:00Z,,,Zemberek master-dictionary + FrequencyWords tr_50k
7ceea1e2-4254-596e-a83c-5d8bfcaa6800,HUMOR,5,true,false,2026-08-02T00:00:00Z,,,Zemberek master-dictionary + FrequencyWords tr_50k
4029f442-63f0-5dd5-b47c-2fd9f92f3706,HUMUS,5,true,false,2026-08-02T00:00:00Z,,,Zemberek master-dictionary + FrequencyWords tr_50k
6d374efa-20f7-5b8d-8ddd-b6bc122eb83a,HUPUR,5,true,false,2026-08-02T00:00:00Z,,,Zemberek master-dictionary + FrequencyWords tr_50k
913517fd-f4cd-5f39-8fb4-1bfaf75d52dc,HURDA,5,true,true,2026-08-02T00:00:00Z,1221,13066,Zemberek master-dictionary + FrequencyWords tr_50k
a15ce643-76cd-5e56-b934-e205289b494e,HURMA,5,true,false,2026-08-02T00:00:00Z,,,Zemberek master-dictionary + FrequencyWords tr_50k
ffef4a54-aa6f-5a7e-be0b-0432b5131eba,HURRA,5,true,false,2026-08-02T00:00:00Z,324,36620,Zemberek master-dictionary + FrequencyWords tr_50k
5c241437-9f0a-5d93-bc40-0fb003f700bb,HURUÇ,5,true,false,2026-08-02T00:00:00Z,,,Zemberek master-dictionary + FrequencyWords tr_50k
2a3ca3c5-6797-5ec9-bbf0-672185fb8007,HUSUF,5,true,false,2026-08-02T00:00:00Z,,,Zemberek master-dictionary + FrequencyWords tr_50k
7da0e213-d15b-58c6-b53c-733c4cc22647,HUSUL,5,true,false,2026-08-02T00:00:00Z,,,Zemberek master-dictionary + FrequencyWords tr_50k
18380264-d2b0-5811-b1a5-24a1b9439006,HUSUS,5,true,false,2026-08-02T00:00:00Z,290,39761,Zemberek master-dictionary + FrequencyWords tr_50k
55a2a5f3-caa8-5140-af1e-cbf9597c90b4,HUSYE,5,true,false,2026-08-02T00:00:00Z,,,Zemberek master-dictionary + FrequencyWords tr_50k
3ba1ca4b-b429-5163-9ec2-32fdedc642cb,HUTBE,5,true,false,2026-08-02T00:00:00Z,,,Zemberek master-dictionary + FrequencyWords tr_50k
4fcea8ae-cedd-53bd-bc84-fc592d2a8687,HUTUR,5,true,false,2026-08-02T00:00:00Z,,,Zemberek master-dictionary + FrequencyWords tr_50k
2cb7799d-8bcb-5b9f-839b-748d060b2885,HUTUT,5,true,false,2026-08-02T00:00:00Z,,,Zemberek master-dictionary + FrequencyWords tr_50k
8303f9ed-1c83-5440-98dc-e589be03569e,HUZUR,5,true,true,2026-08-02T00:00:00Z,8244,2377,Zemberek master-dictionary + FrequencyWords tr_50k
c08f9741-f169-5778-8a82-d287dd002064,HÖDÜK,5,true,true,2026-08-02T00:00:00Z,704,20374,Zemberek master-dictionary + FrequencyWords tr_50k
81e66d0d-9469-570e-87b0-0f54141f364a,HÖPÜR,5,true,false,2026-08-02T00:00:00Z,,,Zemberek master-dictionary + FrequencyWords tr_50k
26684d63-14ba-5181-9e81-e1d074018b9e,HÖYÜK,5,true,false,2026-08-02T00:00:00Z,,,Zemberek master-dictionary + FrequencyWords tr_50k
0a4ded59-ec4d-5276-a564-c6008d71904a,HÜCRE,5,true,true,2026-08-02T00:00:00Z,3445,5337,Zemberek master-dictionary + FrequencyWords tr_50k
44246c39-0e40-5996-a8f0-66ab784e19ae,HÜCUM,5,true,false,2026-08-02T00:00:00Z,1816,9350,Zemberek master-dictionary + FrequencyWords tr_50k
a452448e-6568-526f-aabf-048eeabd9810,HÜKÜM,5,true,true,2026-08-02T00:00:00Z,3322,5550,Zemberek master-dictionary + FrequencyWords tr_50k
bbe182ff-98f3-5b3e-a5fb-b3cf629d437d,HÜLLE,5,true,false,2026-08-02T00:00:00Z,,,Zemberek master-dictionary + FrequencyWords tr_50k
3212dd4a-3377-5d53-b311-1cae1634561a,HÜLYA,5,true,false,2026-08-02T00:00:00Z,,,Zemberek master-dictionary + FrequencyWords tr_50k
0f81dbdf-5b4d-51d8-8bb4-7eb8d40391cb,HÜNER,5,true,false,2026-08-02T00:00:00Z,,,Zemberek master-dictionary + FrequencyWords tr_50k
4db1664f-d6fb-5612-9fcb-6db3adc520d0,HÜNSA,5,true,false,2026-08-02T00:00:00Z,,,Zemberek master-dictionary + FrequencyWords tr_50k
a866fdac-b00b-5af2-b322-2993ba7ee52c,HÜRLE,5,true,false,2026-08-02T00:00:00Z,,,Zemberek master-dictionary + FrequencyWords tr_50k
d3362b1c-3b62-5daa-a7d3-19e5f8cddaac,HÜRYA,5,true,false,2026-08-02T00:00:00Z,,,Zemberek master-dictionary + FrequencyWords tr_50k
eaee6528-2c2e-5d5d-8513-cbe8e0a80719,HÜSÜN,5,true,false,2026-08-02T00:00:00Z,,,Zemberek master-dictionary + FrequencyWords tr_50k
1126fd3f-aab7-5800-b2f9-8218aecc1237,HÜZME,5,true,false,2026-08-02T00:00:00Z,,,Zemberek master-dictionary + FrequencyWords tr_50k
18626880-86a8-53bf-8fc5-aeabec5289c0,HÜZÜN,5,true,true,2026-08-02T00:00:00Z,675,21026,Zemberek master-dictionary + FrequencyWords tr_50k
f4d3b15c-c3af-538c-a399-3ca7580628af,HİCAP,5,true,false,2026-08-02T00:00:00Z,,,Zemberek master-dictionary + FrequencyWords tr_50k
20710508-441e-576e-a3e4-7c729929af12,HİCAZ,5,true,false,2026-08-02T00:00:00Z,,,Zemberek master-dictionary + FrequencyWords tr_50k
3cbe95f9-b1eb-5ef0-8f48-1c38ebcb4e4c,HİCİV,5,true,false,2026-08-02T00:00:00Z,,,Zemberek master-dictionary + FrequencyWords tr_50k
d1d71d77-7049-5766-9413-f5360e9dc3b1,HİDRA,5,true,false,2026-08-02T00:00:00Z,,,Zemberek master-dictionary + FrequencyWords tr_50k
c3115d34-0e99-51bb-8f16-74d94ab89ffa,HİDİV,5,true,false,2026-08-02T00:00:00Z,,,Zemberek master-dictionary + FrequencyWords tr_50k
521c7f1e-5dd8-5608-bdcc-7727e6ddd9c4,HİKEM,5,true,false,2026-08-02T00:00:00Z,,,Zemberek master-dictionary + FrequencyWords tr_50k
8b147ea0-c0dc-51ca-87cd-c35aed88f472,HİLAT,5,true,false,2026-08-02T00:00:00Z,,,Zemberek master-dictionary + FrequencyWords tr_50k
ad6335ec-4bae-5a9d-9311-6c55cc2d959c,HİLYE,5,true,false,2026-08-02T00:00:00Z,,,Zemberek master-dictionary + FrequencyWords tr_50k
7ffb5068-1fdc-58aa-ad35-d13d5eef7edb,HİMEN,5,true,false,2026-08-02T00:00:00Z,,,Zemberek master-dictionary + FrequencyWords tr_50k
35512827-4da6-52d2-b962-033285290874,HİNDİ,5,true,true,2026-08-02T00:00:00Z,2494,7143,Zemberek master-dictionary + FrequencyWords tr_50k
e2502933-a313-5e30-b52d-9b2a658f5f93,HİPPİ,5,true,true,2026-08-02T00:00:00Z,942,16101,Zemberek master-dictionary + FrequencyWords tr_50k
73481076-c7f6-5ecf-b59a-ce92d777f112,HİSAR,5,true,false,2026-08-02T00:00:00Z,,,Zemberek master-dictionary + FrequencyWords tr_50k
87ecbe54-9ffb-54f0-b3c0-b074fd20ec70,HİSSE,5,true,true,2026-08-02T00:00:00Z,2621,6855,Zemberek master-dictionary + FrequencyWords tr_50k
41d3f7e1-d18c-5cb9-a844-8e5a183c33a9,HİTAM,5,true,false,2026-08-02T00:00:00Z,,,Zemberek master-dictionary + FrequencyWords tr_50k
ee97996b-916d-5c65-a17e-f766637fde17,HİTAN,5,true,false,2026-08-02T00:00:00Z,,,Zemberek master-dictionary + FrequencyWords tr_50k
12ffedee-8210-594c-9856-e6faaea3f44d,HİTAP,5,true,true,2026-08-02T00:00:00Z,3525,5234,Zemberek master-dictionary + FrequencyWords tr_50k
f8014e02-a011-5b4d-a924-0bb5d89a5328,HİZİP,5,true,false,2026-08-02T00:00:00Z,,,Zemberek master-dictionary + FrequencyWords tr_50k
b2814969-9f2f-51c0-9183-4e6ba7f2abb4,IHMAK,5,true,false,2026-08-02T00:00:00Z,,,Zemberek master-dictionary + FrequencyWords tr_50k
69905094-a825-516c-bcb7-4fb55cc40213,IKINA,5,true,false,2026-08-02T00:00:00Z,,,Zemberek master-dictionary + FrequencyWords tr_50k
fc692ed3-5304-5a31-b6d9-f8026541a28a,ILGAR,5,true,false,2026-08-02T00:00:00Z,,,Zemberek master-dictionary + FrequencyWords tr_50k
15403192-557d-5503-9bbb-a3fbbddd552f,ILGIM,5,true,false,2026-08-02T00:00:00Z,,,Zemberek master-dictionary + FrequencyWords tr_50k
cb549075-40bb-5658-81f2-409b14c62728,ILGIN,5,true,false,2026-08-02T00:00:00Z,,,Zemberek master-dictionary + FrequencyWords tr_50k
9eb98532-6e0a-54c2-ad8f-77c75c281efb,ILGIT,5,true,false,2026-08-02T00:00:00Z,,,Zemberek master-dictionary + FrequencyWords tr_50k
4911c73c-c6fd-5b55-be21-4c6f14e8a5ca,ILICA,5,true,false,2026-08-02T00:00:00Z,,,Zemberek master-dictionary + FrequencyWords tr_50k
7183ca67-0653-5eeb-bb48-1b97bb81d305,ILTAR,5,true,false,2026-08-02T00:00:00Z,,,Zemberek master-dictionary + FrequencyWords tr_50k
119c01b4-94d4-5f95-95a7-bd51cf74d7e3,IRGAT,5,true,false,2026-08-02T00:00:00Z,,,Zemberek master-dictionary + FrequencyWords tr_50k
d62178f3-b6d9-53d7-94f0-e0fd6219bb25,IRMAK,5,true,false,2026-08-02T00:00:00Z,,,Zemberek master-dictionary + FrequencyWords tr_50k
da733434-1bb4-5bda-8f22-eeaf78e68ed2,ISKAT,5,true,false,2026-08-02T00:00:00Z,,,Zemberek master-dictionary + FrequencyWords tr_50k
66d90ebd-5b94-5ab8-87d0-1e0f9c54de84,ISLAH,5,true,true,2026-08-02T00:00:00Z,605,22891,Zemberek master-dictionary + FrequencyWords tr_50k
b6560541-25b1-5450-aef7-ec04f8c9d68f,ISLAK,5,true,true,2026-08-02T00:00:00Z,2942,6163,Zemberek master-dictionary + FrequencyWords tr_50k
6a1a1ccf-3d51-547d-b2f7-e7b5a2f9f204,ISLIK,5,true,true,2026-08-02T00:00:00Z,884,16949,Zemberek master-dictionary + FrequencyWords tr_50k
7d38cc53-8a54-56fd-b49f-f8e03c1c6009,ISRAR,5,true,true,2026-08-02T00:00:00Z,6031,3239,Zemberek master-dictionary + FrequencyWords tr_50k
4b179777-3be2-5845-a215-feb162590787,ISSIZ,5,true,true,2026-08-02T00:00:00Z,1660,10128,Zemberek master-dictionary + FrequencyWords tr_50k
dce762c4-3fef-5f7c-a0ef-f598a9accfbf,ISTAR,5,true,false,2026-08-02T00:00:00Z,,,Zemberek master-dictionary + FrequencyWords tr_50k
6cab424e-a4da-5003-ae12-be10d5b9821e,ITLAK,5,true,false,2026-08-02T00:00:00Z,,,Zemberek master-dictionary + FrequencyWords tr_50k
34d1d2a2-9a74-5cbf-aeef-31fa7d027c7b,ITRAH,5,true,false,2026-08-02T00:00:00Z,,,Zemberek master-dictionary + FrequencyWords tr_50k
bc121f77-dca4-54a6-a3a2-d1861040ac01,IZGIN,5,true,false,2026-08-02T00:00:00Z,,,Zemberek master-dictionary + FrequencyWords tr_50k
75db88c3-59f8-5b05-b285-606b2d93da4c,IZRAR,5,true,false,2026-08-02T00:00:00Z,,,Zemberek master-dictionary + FrequencyWords tr_50k
9413e331-4a1e-5908-ab14-a529da1532d4,IĞRIP,5,true,false,2026-08-02T00:00:00Z,,,Zemberek master-dictionary + FrequencyWords tr_50k
448a7d5f-8a82-50a3-bb45-bd787dc5256b,IŞKIN,5,true,false,2026-08-02T00:00:00Z,,,Zemberek master-dictionary + FrequencyWords tr_50k
6e7edf12-dda3-513e-8350-677ec015bbbc,IŞTIR,5,true,false,2026-08-02T00:00:00Z,,,Zemberek master-dictionary + FrequencyWords tr_50k
09583395-8f7a-5739-9975-81e78fcff27c,JAKAR,5,true,false,2026-08-02T00:00:00Z,,,Zemberek master-dictionary + FrequencyWords tr_50k
4ef1c7c6-6c3a-5357-b679-df63855c5530,JARSE,5,true,false,2026-08-02T00:00:00Z,,,Zemberek master-dictionary + FrequencyWords tr_50k
8353b70a-7078-5953-9d7a-95070f436b0b,JELOZ,5,true,false,2026-08-02T00:00:00Z,,,Zemberek master-dictionary + FrequencyWords tr_50k
5df23305-a192-557c-a355-11efb6b2d4bf,JETON,5,true,true,2026-08-02T00:00:00Z,324,36641,Zemberek master-dictionary + FrequencyWords tr_50k
282ae3b5-4cc9-557c-83b4-c32b23b54e1e,JOKER,5,true,true,2026-08-02T00:00:00Z,865,17237,Zemberek master-dictionary + FrequencyWords tr_50k
61a6e2d8-30ba-5512-a8c9-74c2b8eaeeca,JOKEY,5,true,true,2026-08-02T00:00:00Z,322,36813,Zemberek master-dictionary + FrequencyWords tr_50k
a054b9cf-019d-5a17-bda6-95bf59bacd71,JÜPON,5,true,false,2026-08-02T00:00:00Z,,,Zemberek master-dictionary + FrequencyWords tr_50k
3b6d0b3b-4b69-564b-a900-0a90f228a7de,JİKLE,5,true,false,2026-08-02T00:00:00Z,,,Zemberek master-dictionary + FrequencyWords tr_50k
bd8b920a-1a83-5616-9514-e4977befccd2,JİLET,5,true,true,2026-08-02T00:00:00Z,615,22638,Zemberek master-dictionary + FrequencyWords tr_50k
994ebc04-f29b-5e86-a085-7f538cfbb641,KABAK,5,true,true,2026-08-02T00:00:00Z,935,16195,Zemberek master-dictionary + FrequencyWords tr_50k
07ceb16c-b365-50b7-b80b-b460a6868784,KABAN,5,true,false,2026-08-02T00:00:00Z,,,Zemberek master-dictionary + FrequencyWords tr_50k
d0546b2c-afa9-5cbe-aa61-7a422ac6b37d,KABIZ,5,true,false,2026-08-02T00:00:00Z,251,44144,Zemberek master-dictionary + FrequencyWords tr_50k
906f5894-9dd9-594d-ac46-2fd6c1caa8df,KABLO,5,true,true,2026-08-02T00:00:00Z,2046,8454,Zemberek master-dictionary + FrequencyWords tr_50k
058e93ec-ca01-5d71-9e28-bcc08f2a3cd6,KABUK,5,true,true,2026-08-02T00:00:00Z,845,17581,Zemberek master-dictionary + FrequencyWords tr_50k
717c94e5-4299-5e5f-afae-7f51a43b744e,KABUL,5,true,false,2026-08-02T00:00:00Z,82015,270,Zemberek master-dictionary + FrequencyWords tr_50k
1ad4ff8e-e328-542a-bed2-bad96f57cec0,KABZA,5,true,false,2026-08-02T00:00:00Z,,,Zemberek master-dictionary + FrequencyWords tr_50k
f93c9f66-ab57-589c-8a72-39abe24a5ac5,KABİL,5,true,true,2026-08-02T00:00:00Z,649,21688,Zemberek master-dictionary + FrequencyWords tr_50k
b6a2feb4-e01b-5ccb-90bb-bb0a73082c7c,KABİN,5,true,true,2026-08-02T00:00:00Z,716,20117,Zemberek master-dictionary + FrequencyWords tr_50k
4cc8a961-7aac-523d-8d43-e7bfcc7808b2,KABİR,5,true,true,2026-08-02T00:00:00Z,551,24577,Zemberek master-dictionary + FrequencyWords tr_50k
b3f21c9c-3501-52fd-8712-c897c548cdd2,KADAR,5,true,false,2026-08-02T00:00:00Z,740712,21,Zemberek master-dictionary + FrequencyWords tr_50k
e98ade3d-c3d2-530e-bab1-7f8ad54d1a33,KADEH,5,true,true,2026-08-02T00:00:00Z,6384,3084,Zemberek master-dictionary + FrequencyWords tr_50k
de25158d-0aff-5ce2-a037-ef98cff3e11f,KADEM,5,true,false,2026-08-02T00:00:00Z,268,42152,Zemberek master-dictionary + FrequencyWords tr_50k
fc77113b-e4ac-5c0a-80e8-e1b8822ee1dc,KADER,5,true,true,2026-08-02T00:00:00Z,4826,3972,Zemberek master-dictionary + FrequencyWords tr_50k
5e66e973-3a4f-5970-bd76-b3843c8c3a84,KADIN,5,true,true,2026-08-02T00:00:00Z,88872,256,Zemberek master-dictionary + FrequencyWords tr_50k
48ef152a-d51d-54a1-9196-42aa47af0b54,KADRO,5,true,true,2026-08-02T00:00:00Z,381,32527,Zemberek master-dictionary + FrequencyWords tr_50k
29d899aa-9bea-55de-8a27-bc1bce3bc249,KADÜK,5,true,false,2026-08-02T00:00:00Z,,,Zemberek master-dictionary + FrequencyWords tr_50k
bd3e6c65-8be2-5727-933a-6629b151b5ec,KADİM,5,true,true,2026-08-02T00:00:00Z,1069,14548,Zemberek master-dictionary + FrequencyWords tr_50k
ad324921-49fa-525d-ae0f-85670414c6dc,KADİR,5,true,true,2026-08-02T00:00:00Z,630,22202,Zemberek master-dictionary + FrequencyWords tr_50k
330f4ad5-f7e3-58fc-83f8-2cdb35cd7d83,KADİT,5,true,false,2026-08-02T00:00:00Z,,,Zemberek master-dictionary + FrequencyWords tr_50k
e374237a-ac0c-5d4e-97dc-93cbbf4f5df0,KAFES,5,true,true,2026-08-02T00:00:00Z,806,18301,Zemberek master-dictionary + FrequencyWords tr_50k
b69d7da6-580f-5724-87e5-d755cf0fa6ca,KAHIR,5,true,false,2026-08-02T00:00:00Z,,,Zemberek master-dictionary + FrequencyWords tr_50k
8477ff9e-4e62-5308-aa05-d0d0c6ad0eb5,KAHVE,5,true,true,2026-08-02T00:00:00Z,28905,715,Zemberek master-dictionary + FrequencyWords tr_50k
4acd5ea6-fba9-5b39-9692-9d4d8f4eaf2c,KAHİR,5,true,false,2026-08-02T00:00:00Z,,,Zemberek master-dictionary + FrequencyWords tr_50k
8e11975e-fe0e-5af7-9dad-167c14d8ed44,KAKAO,5,true,true,2026-08-02T00:00:00Z,547,24727,Zemberek master-dictionary + FrequencyWords tr_50k
0aa82826-a978-5361-a8ab-de57f2d02aa4,KAKAÇ,5,true,false,2026-08-02T00:00:00Z,,,Zemberek master-dictionary + FrequencyWords tr_50k
6ea6fa92-c261-50d1-b923-3fe0db01889d,KAKIM,5,true,false,2026-08-02T00:00:00Z,,,Zemberek master-dictionary + FrequencyWords tr_50k
93caafca-0fa3-58b2-bccf-797232862b5d,KAKIR,5,true,false,2026-08-02T00:00:00Z,,,Zemberek master-dictionary + FrequencyWords tr_50k
e2fb5c44-5efb-5c95-b1e7-0267fe0a6060,KAKIÇ,5,true,false,2026-08-02T00:00:00Z,,,Zemberek master-dictionary + FrequencyWords tr_50k
f76ef5e9-0139-5b5d-b486-c16cbd9f5c0e,KAKMA,5,true,false,2026-08-02T00:00:00Z,,,Zemberek master-dictionary + FrequencyWords tr_50k
b9128932-8a3a-525b-9ab3-0f469ead485a,KAKUM,5,true,false,2026-08-02T00:00:00Z,,,Zemberek master-dictionary + FrequencyWords tr_50k
b1bec26f-2808-5764-bdc4-cb365c9bef9c,KALAK,5,true,false,2026-08-02T00:00:00Z,,,Zemberek master-dictionary + FrequencyWords tr_50k
4a578c5e-5fe5-538f-8879-10ee67a7e84b,KALAS,5,true,false,2026-08-02T00:00:00Z,,,Zemberek master-dictionary + FrequencyWords tr_50k
0ede3e95-dc1f-5efd-abae-6b90f625d2d2,KALAY,5,true,false,2026-08-02T00:00:00Z,,,Zemberek master-dictionary + FrequencyWords tr_50k
784b5154-cabc-5007-91c4-744528d53db7,KALEM,5,true,true,2026-08-02T00:00:00Z,4166,4529,Zemberek master-dictionary + FrequencyWords tr_50k
51db5bf8-1725-59d1-b0a7-28ee280d2275,KALFA,5,true,false,2026-08-02T00:00:00Z,,,Zemberek master-dictionary + FrequencyWords tr_50k
61a135c1-d4b7-58d8-8912-aa66ddde1857,KALIM,5,true,true,2026-08-02T00:00:00Z,809,18260,Zemberek master-dictionary + FrequencyWords tr_50k
a50894a4-f546-5913-91e0-57e52fcd7649,KALIN,5,true,true,2026-08-02T00:00:00Z,19156,1048,Zemberek master-dictionary + FrequencyWords tr_50k
a9d1a8df-4af9-5f51-a7bb-c435a0e90e56,KALIP,5,true,true,2026-08-02T00:00:00Z,8060,2438,Zemberek master-dictionary + FrequencyWords tr_50k
56d76ce7-ec5c-51c9-9f37-65f4dc1eb8d3,KALIT,5,true,false,2026-08-02T00:00:00Z,,,Zemberek master-dictionary + FrequencyWords tr_50k
0ea8edf1-6c10-541c-af29-69875f46edf0,KALIÇ,5,true,false,2026-08-02T00:00:00Z,,,Zemberek master-dictionary + FrequencyWords tr_50k
a8888b5d-0d0b-5934-a61d-8144817ae120,KALYA,5,true,false,2026-08-02T00:00:00Z,,,Zemberek master-dictionary + FrequencyWords tr_50k
4eaa2a8b-8d71-59fb-9dd6-053f552e1641,KALÇA,5,true,true,2026-08-02T00:00:00Z,1243,12890,Zemberek master-dictionary + FrequencyWords tr_50k
e0bc96e4-5d9a-59f5-91f7-e5710cb96748,KAMER,5,true,false,2026-08-02T00:00:00Z,,,Zemberek master-dictionary + FrequencyWords tr_50k
f9f17383-595e-5926-8104-e4c261fa2285,KAMET,5,true,false,2026-08-02T00:00:00Z,,,Zemberek master-dictionary + FrequencyWords tr_50k
f7691c31-276c-5d8c-8a25-75db1d08d515,KAMGA,5,true,false,2026-08-02T00:00:00Z,,,Zemberek master-dictionary + FrequencyWords tr_50k
02f56088-c0dc-529d-bdcd-8b6809ec3a9e,KAMIŞ,5,true,true,2026-08-02T00:00:00Z,310,37790,Zemberek master-dictionary + FrequencyWords tr_50k
a3540a63-b91c-5212-871f-2bdd3953da2b,KAMUS,5,true,false,2026-08-02T00:00:00Z,,,Zemberek master-dictionary + FrequencyWords tr_50k
d9c892d2-15ba-5510-968a-468a8d7ef9ba,KAMÇI,5,true,false,2026-08-02T00:00:00Z,,,Zemberek master-dictionary + FrequencyWords tr_50k
9f091505-69f8-57f9-ba83-d8a9b08c0956,KANAL,5,true,true,2026-08-02T00:00:00Z,3607,5117,Zemberek master-dictionary + FrequencyWords tr_50k
5bcdd827-66ca-51a8-ad93-496f65fb447d,KANAT,5,true,true,2026-08-02T00:00:00Z,2089,8322,Zemberek master-dictionary + FrequencyWords tr_50k
05c156c8-92d2-5392-9b23-81de5f420b5a,KANCA,5,true,true,2026-08-02T00:00:00Z,848,17529,Zemberek master-dictionary + FrequencyWords tr_50k
41adfefe-7a56-5e96-b2ea-935b79694337,KANIK,5,true,false,2026-08-02T00:00:00Z,,,Zemberek master-dictionary + FrequencyWords tr_50k
81c14405-9cb7-5505-acc6-e2095bb19760,KANIT,5,true,true,2026-08-02T00:00:00Z,13808,1446,Zemberek master-dictionary + FrequencyWords tr_50k
9c3ddbb4-b978-5fbb-adc9-0468ac4d33d6,KANKA,5,true,true,2026-08-02T00:00:00Z,4491,4230,Zemberek master-dictionary + FrequencyWords tr_50k
28b64124-3820-5839-83c9-47644db373de,KANON,5,true,false,2026-08-02T00:00:00Z,,,Zemberek master-dictionary + FrequencyWords tr_50k
42c9fe4c-782a-5d60-827e-0018f57f172e,KANTO,5,true,false,2026-08-02T00:00:00Z,,,Zemberek master-dictionary + FrequencyWords tr_50k
81ecc3aa-4f13-5cbb-92fe-5dedd5132b4f,KANUN,5,true,true,2026-08-02T00:00:00Z,5551,3504,Zemberek master-dictionary + FrequencyWords tr_50k
d1c19b2d-50cc-5db0-bcb4-8b37f4379f79,KANİŞ,5,true,false,2026-08-02T00:00:00Z,,,Zemberek master-dictionary + FrequencyWords tr_50k
2bcbf041-8527-5774-ae8b-8d7e66835879,KAPAK,5,true,true,2026-08-02T00:00:00Z,2049,8444,Zemberek master-dictionary + FrequencyWords tr_50k
b61c833f-045e-5657-b59b-758675639f21,KAPAN,5,true,true,2026-08-02T00:00:00Z,533,25217,Zemberek master-dictionary + FrequencyWords tr_50k
36d5591f-71bc-527f-aa69-443c006dffc3,KAPUT,5,true,false,2026-08-02T00:00:00Z,,,Zemberek master-dictionary + FrequencyWords tr_50k
d0e05e72-4299-55ed-9063-bb1452aa0058,KAPUZ,5,true,false,2026-08-02T00:00:00Z,,,Zemberek master-dictionary + FrequencyWords tr_50k
07a404d5-b24c-5c95-a5d9-a5f2d3420a98,KAPİK,5,true,false,2026-08-02T00:00:00Z,,,Zemberek master-dictionary + FrequencyWords tr_50k
f615b412-5ac3-5144-826f-1df459aa3dee,KARAR,5,true,true,2026-08-02T00:00:00Z,60467,349,Zemberek master-dictionary + FrequencyWords tr_50k
7d6b74a9-2919-597f-8e0f-ef2b2b2e8784,KARGA,5,true,true,2026-08-02T00:00:00Z,852,17464,Zemberek master-dictionary + FrequencyWords tr_50k
0334dcd9-c510-5b70-a1d3-98a7ba14ac86,KARGI,5,true,false,2026-08-02T00:00:00Z,,,Zemberek master-dictionary + FrequencyWords tr_50k
d6bad0ea-8fe3-52a1-bb72-c3c527f2c3c6,KARGO,5,true,true,2026-08-02T00:00:00Z,2162,8086,Zemberek master-dictionary + FrequencyWords tr_50k
dc719e1c-d0f1-5494-943a-fba08616349d,KARHA,5,true,false,2026-08-02T00:00:00Z,,,Zemberek master-dictionary + FrequencyWords tr_50k
a0b39293-4d10-527f-ad11-5eca6252f6a0,KARIK,5,true,false,2026-08-02T00:00:00Z,,,Zemberek master-dictionary + FrequencyWords tr_50k
db2d2f63-7fc1-50cc-b120-73c0dc6ea23e,KARIN,5,true,true,2026-08-02T00:00:00Z,11248,1745,Zemberek master-dictionary + FrequencyWords tr_50k
a4b7bbd1-ca74-519b-9697-f3f24b01ea05,KARIŞ,5,true,true,2026-08-02T00:00:00Z,770,19014,Zemberek master-dictionary + FrequencyWords tr_50k
576402e8-d964-5b3a-a4f2-d069a0d5c65a,KARMA,5,true,true,2026-08-02T00:00:00Z,1788,9490,Zemberek master-dictionary + FrequencyWords tr_50k
24831036-115a-5e52-bac9-f0fde4135d41,KARNE,5,true,false,2026-08-02T00:00:00Z,,,Zemberek master-dictionary + FrequencyWords tr_50k
a62ed513-f960-5762-aa44-b962da0312ed,KARNİ,5,true,false,2026-08-02T00:00:00Z,,,Zemberek master-dictionary + FrequencyWords tr_50k
ad65056b-c0ac-5da7-94d3-153137cddfa1,KARST,5,true,false,2026-08-02T00:00:00Z,,,Zemberek master-dictionary + FrequencyWords tr_50k
b580dfcf-9961-5c6d-bd73-ef4e4e57dbd1,KARYE,5,true,false,2026-08-02T00:00:00Z,,,Zemberek master-dictionary + FrequencyWords tr_50k
de0469a9-1276-566d-b36e-1e302f097826,KARŞI,5,true,false,2026-08-02T00:00:00Z,94187,246,Zemberek master-dictionary + FrequencyWords tr_50k
4228a46d-6d34-5b6d-b8ef-ac471f193cb6,KASAP,5,true,true,2026-08-02T00:00:00Z,1602,10424,Zemberek master-dictionary + FrequencyWords tr_50k
3a061086-dd7d-5058-9234-c02d729409c4,KASEM,5,true,false,2026-08-02T00:00:00Z,,,Zemberek master-dictionary + FrequencyWords tr_50k
0f958546-5472-5c00-9f59-276d59a5a234,KASET,5,true,true,2026-08-02T00:00:00Z,2664,6748,Zemberek master-dictionary + FrequencyWords tr_50k
72b6b6a0-ec6f-575c-9b6e-c59b90f0ea21,KASIK,5,true,true,2026-08-02T00:00:00Z,652,21601,Zemberek master-dictionary + FrequencyWords tr_50k
0de7cb1a-f63b-5552-90f0-1ec198fe0e03,KASIM,5,true,true,2026-08-02T00:00:00Z,2818,6427,Zemberek master-dictionary + FrequencyWords tr_50k
64c01eab-8ce7-5d02-8918-aab198e881a3,KASIR,5,true,false,2026-08-02T00:00:00Z,,,Zemberek master-dictionary + FrequencyWords tr_50k
a8ccfe69-f616-5ded-8a0b-b31b81837099,KASIT,5,true,false,2026-08-02T00:00:00Z,,,Zemberek master-dictionary + FrequencyWords tr_50k
747a42da-601c-50d2-bf1b-a07bba259424,KASKO,5,true,false,2026-08-02T00:00:00Z,,,Zemberek master-dictionary + FrequencyWords tr_50k
f5f4179a-8202-5247-a3d0-cf1a5ff773ac,KASNI,5,true,false,2026-08-02T00:00:00Z,,,Zemberek master-dictionary + FrequencyWords tr_50k
2ada8652-bf6f-5ed9-87a5-a47f5cd74799,KASİS,5,true,false,2026-08-02T00:00:00Z,,,Zemberek master-dictionary + FrequencyWords tr_50k
db2fa436-0fcc-5dca-8d72-b53c43f695ef,KATAR,5,true,true,2026-08-02T00:00:00Z,380,32568,Zemberek master-dictionary + FrequencyWords tr_50k
0f9b63d8-1233-5cc2-ab12-a99b37c9d37d,KATIK,5,true,false,2026-08-02T00:00:00Z,,,Zemberek master-dictionary + FrequencyWords tr_50k
2ded924d-8558-5531-ae85-98d89a286c49,KATIM,5,true,false,2026-08-02T00:00:00Z,,,Zemberek master-dictionary + FrequencyWords tr_50k
86330666-f791-5344-802d-6b7dba2893ce,KATIR,5,true,true,2026-08-02T00:00:00Z,629,22243,Zemberek master-dictionary + FrequencyWords tr_50k
c1048d1d-71f0-5c40-ac92-a4447c89ccbb,KATKI,5,true,true,2026-08-02T00:00:00Z,771,18988,Zemberek master-dictionary + FrequencyWords tr_50k
062a27b6-0142-5b59-8063-ba418c74642b,KATOT,5,true,false,2026-08-02T00:00:00Z,,,Zemberek master-dictionary + FrequencyWords tr_50k
e73fedd6-1d35-58b2-881c-2292172e1a92,KATRE,5,true,false,2026-08-02T00:00:00Z,,,Zemberek master-dictionary + FrequencyWords tr_50k
76adf3c3-d16b-5fd1-8286-7db5ff30f726,KATUR,5,true,false,2026-08-02T00:00:00Z,,,Zemberek master-dictionary + FrequencyWords tr_50k
8b9988de-0f18-53af-bd6c-15eafe36bfe5,KATİL,5,true,true,2026-08-02T00:00:00Z,23408,879,Zemberek master-dictionary + FrequencyWords tr_50k
6bed76cb-600c-54cf-85bb-94cc9b9b982b,KAVAF,5,true,false,2026-08-02T00:00:00Z,,,Zemberek master-dictionary + FrequencyWords tr_50k
2fc4b1e2-56ad-5904-bec5-d580f4004bd0,KAVAK,5,true,false,2026-08-02T00:00:00Z,,,Zemberek master-dictionary + FrequencyWords tr_50k
b794eab6-7cc1-5cf7-9f9a-8df41bb21a19,KAVAL,5,true,true,2026-08-02T00:00:00Z,332,36032,Zemberek master-dictionary + FrequencyWords tr_50k
9a3f1bca-0c71-5ddb-a780-4af89c07b718,KAVAS,5,true,false,2026-08-02T00:00:00Z,,,Zemberek master-dictionary + FrequencyWords tr_50k
2ea3f4c1-b1e8-5217-8940-da3733be48ab,KAVAT,5,true,false,2026-08-02T00:00:00Z,,,Zemberek master-dictionary + FrequencyWords tr_50k
bf619bc2-15fd-5da3-8ea9-8be02463ace7,KAVGA,5,true,true,2026-08-02T00:00:00Z,21116,962,Zemberek master-dictionary + FrequencyWords tr_50k
cebc9984-b107-59b2-97e2-ad3f3c996bda,KAVKI,5,true,false,2026-08-02T00:00:00Z,,,Zemberek master-dictionary + FrequencyWords tr_50k
8bafeae7-7da7-528c-ad10-9bfd191025f1,KAVUK,5,true,false,2026-08-02T00:00:00Z,,,Zemberek master-dictionary + FrequencyWords tr_50k
ff5fe157-0256-5c0c-a487-e7e564489138,KAVUN,5,true,true,2026-08-02T00:00:00Z,503,26381,Zemberek master-dictionary + FrequencyWords tr_50k
432b650a-762e-59b5-ab8d-de8cc85a915e,KAVUT,5,true,false,2026-08-02T00:00:00Z,,,Zemberek master-dictionary + FrequencyWords tr_50k
483f58c1-61b8-5812-ae99-cd2f5ed9e7c5,KAVUZ,5,true,false,2026-08-02T00:00:00Z,,,Zemberek master-dictionary + FrequencyWords tr_50k
28845e7d-17f3-52ab-a7e8-cdd77c66148d,KAVİL,5,true,false,2026-08-02T00:00:00Z,,,Zemberek master-dictionary + FrequencyWords tr_50k
f19340ee-9815-5155-a3fa-eff3caef096c,KAVİM,5,true,false,2026-08-02T00:00:00Z,,,Zemberek master-dictionary + FrequencyWords tr_50k
713e052f-d14e-5bc6-acc2-afea8865cbcd,KAVİS,5,true,false,2026-08-02T00:00:00Z,,,Zemberek master-dictionary + FrequencyWords tr_50k
86303837-13af-5194-9e8f-05c040a902b9,KAYAK,5,true,true,2026-08-02T00:00:00Z,1866,9118,Zemberek master-dictionary + FrequencyWords tr_50k
417ff074-bd90-5cc4-8a70-902b675e8036,KAYAN,5,true,true,2026-08-02T00:00:00Z,484,27135,Zemberek master-dictionary + FrequencyWords tr_50k
e4c2c697-e872-5a2c-bed5-0991b8d44973,KAYAR,5,true,true,2026-08-02T00:00:00Z,356,34163,Zemberek master-dictionary + FrequencyWords tr_50k
43027b10-4538-5ec9-aaf6-22f30ec578f6,KAYAÇ,5,true,false,2026-08-02T00:00:00Z,,,Zemberek master-dictionary + FrequencyWords tr_50k
5fa1f08a-725b-5453-ad19-6bbed2d463d2,KAYGI,5,true,true,2026-08-02T00:00:00Z,511,26049,Zemberek master-dictionary + FrequencyWords tr_50k
38037930-9d4c-5c46-bfaf-c22d9ac0b04d,KAYIK,5,true,true,2026-08-02T00:00:00Z,501,26408,Zemberek master-dictionary + FrequencyWords tr_50k
ce429efb-def5-5818-89d2-18c6723cb0f1,KAYIN,5,true,true,2026-08-02T00:00:00Z,629,22238,Zemberek master-dictionary + FrequencyWords tr_50k
ed5ef9af-5049-5df5-8d1c-0d82dc69b70a,KAYIP,5,true,true,2026-08-02T00:00:00Z,22666,906,Zemberek master-dictionary + FrequencyWords tr_50k
5af5345b-62b6-5a62-85eb-a3a719d854a9,KAYIR,5,true,false,2026-08-02T00:00:00Z,,,Zemberek master-dictionary + FrequencyWords tr_50k
ea5c97c9-6ae5-5df0-9225-59fb71f6908c,KAYIT,5,true,true,2026-08-02T00:00:00Z,10651,1846,Zemberek master-dictionary + FrequencyWords tr_50k
1c1c7fd3-6243-5666-865a-5cadc0d00620,KAYIŞ,5,true,false,2026-08-02T00:00:00Z,228,47279,Zemberek master-dictionary + FrequencyWords tr_50k
a691d490-aef6-5eda-8bf0-eadd0767b6cf,KAYME,5,true,false,2026-08-02T00:00:00Z,,,Zemberek master-dictionary + FrequencyWords tr_50k
81ca09ec-8afe-566d-b6f3-a5cb6b279d05,KAYRA,5,true,false,2026-08-02T00:00:00Z,,,Zemberek master-dictionary + FrequencyWords tr_50k
396a961e-907c-5c39-ae72-676c7b651988,KAYŞA,5,true,false,2026-08-02T00:00:00Z,,,Zemberek master-dictionary + FrequencyWords tr_50k
c9e7bb5b-9387-5cf3-baf5-cd1cb57a44da,KAZAK,5,true,true,2026-08-02T00:00:00Z,1251,12820,Zemberek master-dictionary + FrequencyWords tr_50k
5c2c947a-764c-5811-b314-3c495cf5461d,KAZAN,5,true,true,2026-08-02T00:00:00Z,2334,7585,Zemberek master-dictionary + FrequencyWords tr_50k
97d78610-a450-5fd6-af37-018e97aa18f5,KAZAZ,5,true,false,2026-08-02T00:00:00Z,,,Zemberek master-dictionary + FrequencyWords tr_50k
504141fe-fb22-5950-a999-2816fe4230a6,KAZIK,5,true,true,2026-08-02T00:00:00Z,1822,9330,Zemberek master-dictionary + FrequencyWords tr_50k
bbfaa29a-29cb-514e-b983-e10ac99d5e09,KAZIL,5,true,false,2026-08-02T00:00:00Z,,,Zemberek master-dictionary + FrequencyWords tr_50k
189dcc8c-1028-594b-a4d8-48d4a0604f5f,KAZIM,5,true,false,2026-08-02T00:00:00Z,,,Zemberek master-dictionary + FrequencyWords tr_50k
550a76c8-7ee4-529f-b01b-2fcbd61acda4,KAÇAK,5,true,true,2026-08-02T00:00:00Z,5550,3506,Zemberek master-dictionary + FrequencyWords tr_50k
f1c90e9b-5c2a-58a2-8f7a-a4dde8417d6c,KAÇAR,5,true,true,2026-08-02T00:00:00Z,1872,9096,Zemberek master-dictionary + FrequencyWords tr_50k
2c8509d5-5c67-596a-b7de-3d8964db222f,KAÇIK,5,true,true,2026-08-02T00:00:00Z,3516,5247,Zemberek master-dictionary + FrequencyWords tr_50k
1532cdd7-5977-5204-9139-5db95656b725,KAÇTA,5,true,true,2026-08-02T00:00:00Z,3190,5743,Zemberek master-dictionary + FrequencyWords tr_50k
7a7211e5-fff5-5bd2-a926-cee7e8a0178f,KAĞAN,5,true,false,2026-08-02T00:00:00Z,,,Zemberek master-dictionary + FrequencyWords tr_50k
037920c0-8e42-5bb6-b44b-e9a1f211f276,KAĞNI,5,true,false,2026-08-02T00:00:00Z,,,Zemberek master-dictionary + FrequencyWords tr_50k
095c1c3a-cc74-51d9-bb7c-4f1c05c82e26,KAİDE,5,true,true,2026-08-02T00:00:00Z,657,21484,Zemberek master-dictionary + FrequencyWords tr_50k
fc87f492-e2a6-5b14-99ca-249ff6e64313,KAİME,5,true,false,2026-08-02T00:00:00Z,,,Zemberek master-dictionary + FrequencyWords tr_50k
f80ba1bb-9900-5280-bc9d-0a93bbd79ef8,KAŞAN,5,true,false,2026-08-02T00:00:00Z,,,Zemberek master-dictionary + FrequencyWords tr_50k
3816e10c-b8f1-59fb-8d49-4961ad5d49c7,KAŞAR,5,true,true,2026-08-02T00:00:00Z,578,23689,Zemberek master-dictionary + FrequencyWords tr_50k
1da0e1e5-3bf4-5e61-b61f-3a6347e08fad,KAŞIK,5,true,true,2026-08-02T00:00:00Z,1563,10649,Zemberek master-dictionary + FrequencyWords tr_50k
05bdc4c7-6b15-5a43-95a4-4d5e0a9541f0,KEBAP,5,true,true,2026-08-02T00:00:00Z,362,33785,Zemberek master-dictionary + FrequencyWords tr_50k
6a307ddc-77a1-5290-8f26-38721bf2160d,KEBZE,5,true,false,2026-08-02T00:00:00Z,,,Zemberek master-dictionary + FrequencyWords tr_50k
77ba5534-2378-58fb-bdb1-58c1b032656a,KEBİR,5,true,false,2026-08-02T00:00:00Z,,,Zemberek master-dictionary + FrequencyWords tr_50k
e650a7c4-1bb1-5953-bbde-b4a66960e692,KEDER,5,true,true,2026-08-02T00:00:00Z,1112,14094,Zemberek master-dictionary + FrequencyWords tr_50k
9ec2fcbc-9e0b-5492-862d-3d68618e4a6b,KEFAL,5,true,false,2026-08-02T00:00:00Z,,,Zemberek master-dictionary + FrequencyWords tr_50k
5c1ebf81-7289-5780-9878-1c00cb71370c,KEFEK,5,true,false,2026-08-02T00:00:00Z,,,Zemberek master-dictionary + FrequencyWords tr_50k
0b6f3746-fc5b-59be-be18-948726da7b53,KEFEN,5,true,false,2026-08-02T00:00:00Z,,,Zemberek master-dictionary + FrequencyWords tr_50k
40a6118c-90cd-586b-8d3b-5ddc6ac7f05d,KEFNE,5,true,false,2026-08-02T00:00:00Z,,,Zemberek master-dictionary + FrequencyWords tr_50k
17e95d58-41a3-5e0e-b2cb-8c4b92c66de6,KEFİL,5,true,true,2026-08-02T00:00:00Z,1046,14812,Zemberek master-dictionary + FrequencyWords tr_50k
de70a927-688a-536c-b653-a4f13097314e,KEFİR,5,true,false,2026-08-02T00:00:00Z,,,Zemberek master-dictionary + FrequencyWords tr_50k
e5b235fb-17bd-5ae5-8bab-535236da52c0,KEHLE,5,true,false,2026-08-02T00:00:00Z,,,Zemberek master-dictionary + FrequencyWords tr_50k
2c50ed97-5b6d-5389-9b8c-9007496d7e45,KEKEÇ,5,true,false,2026-08-02T00:00:00Z,,,Zemberek master-dictionary + FrequencyWords tr_50k
eb344583-2edb-5526-8393-afa365882e56,KEKRE,5,true,false,2026-08-02T00:00:00Z,,,Zemberek master-dictionary + FrequencyWords tr_50k
1022c349-1a58-54a9-a589-7c8bf9f79785,KEKİK,5,true,false,2026-08-02T00:00:00Z,,,Zemberek master-dictionary + FrequencyWords tr_50k
ef5c7838-c3ef-592f-9186-04bf50beb046,KELEK,5,true,false,2026-08-02T00:00:00Z,,,Zemberek master-dictionary + FrequencyWords tr_50k
5ef604b0-abe4-5036-aa41-32a6b9324d8f,KELEM,5,true,false,2026-08-02T00:00:00Z,,,Zemberek master-dictionary + FrequencyWords tr_50k
3388a6b3-9048-565b-8fef-15ae6bcb5755,KELEP,5,true,false,2026-08-02T00:00:00Z,,,Zemberek master-dictionary + FrequencyWords tr_50k
eb0a977e-72ee-546b-80e3-0527b516904f,KELER,5,true,false,2026-08-02T00:00:00Z,,,Zemberek master-dictionary + FrequencyWords tr_50k
cf92e9cc-ae2a-5759-86c4-4f96603186a2,KELEŞ,5,true,false,2026-08-02T00:00:00Z,,,Zemberek master-dictionary + FrequencyWords tr_50k
d4db2caf-630a-515f-90e4-0e6ab5cebe7f,KELLE,5,true,true,2026-08-02T00:00:00Z,830,17838,Zemberek master-dictionary + FrequencyWords tr_50k
e0aad26b-12b3-5d8e-8215-331f47978447,KELİK,5,true,false,2026-08-02T00:00:00Z,,,Zemberek master-dictionary + FrequencyWords tr_50k
06608aea-42cb-5b37-9a63-091c91c9a220,KEMAL,5,true,true,2026-08-02T00:00:00Z,742,19558,Zemberek master-dictionary + FrequencyWords tr_50k
b53ad627-54b5-5a65-9d56-a8553adb75e3,KEMAN,5,true,true,2026-08-02T00:00:00Z,1193,13300,Zemberek master-dictionary + FrequencyWords tr_50k
57ffd189-7e9c-5b3a-bc76-709b2919cf8a,KEMER,5,true,true,2026-08-02T00:00:00Z,1356,12000,Zemberek master-dictionary + FrequencyWords tr_50k
ca4170f5-6ca2-5f3e-be1e-2bea646e43d1,KEMHA,5,true,false,2026-08-02T00:00:00Z,,,Zemberek master-dictionary + FrequencyWords tr_50k
9bf68151-77e4-5337-b1ab-b29d409e85c9,KEMRE,5,true,false,2026-08-02T00:00:00Z,,,Zemberek master-dictionary + FrequencyWords tr_50k
eb4c8130-6888-5466-8bee-098cc9267428,KEMİK,5,true,true,2026-08-02T00:00:00Z,4854,3947,Zemberek master-dictionary + FrequencyWords tr_50k
91bd73ca-b972-5041-9ba3-0e5746133e7d,KENAR,5,true,true,2026-08-02T00:00:00Z,954,15958,Zemberek master-dictionary + FrequencyWords tr_50k
a89692b4-eefc-50f9-8824-41b29a424639,KENDİ,5,true,false,2026-08-02T00:00:00Z,144193,143,Zemberek master-dictionary + FrequencyWords tr_50k
6bfc8995-6408-595e-8873-5f216c49f188,KENEF,5,true,false,2026-08-02T00:00:00Z,,,Zemberek master-dictionary + FrequencyWords tr_50k
6173f121-8bcf-598f-adb2-714272a14f3a,KENET,5,true,false,2026-08-02T00:00:00Z,,,Zemberek master-dictionary + FrequencyWords tr_50k
8fbbada3-fff9-5e8a-a1ab-9c6fb98a8128,KEPEK,5,true,false,2026-08-02T00:00:00Z,,,Zemberek master-dictionary + FrequencyWords tr_50k
3e21c612-8905-58e7-b660-8b136a60fff1,KEPEZ,5,true,false,2026-08-02T00:00:00Z,,,Zemberek master-dictionary + FrequencyWords tr_50k
66ba2ece-86cd-55b4-b0b8-f996d18611ff,KEPÇE,5,true,true,2026-08-02T00:00:00Z,309,37856,Zemberek master-dictionary + FrequencyWords tr_50k
f2702998-f863-56da-922c-edd89d064eb0,KEPİR,5,true,false,2026-08-02T00:00:00Z,,,Zemberek master-dictionary + FrequencyWords tr_50k
7d90a0f8-a24a-5315-847e-2f69e79122b5,KERDE,5,true,false,2026-08-02T00:00:00Z,,,Zemberek master-dictionary + FrequencyWords tr_50k
23a8190c-947a-559f-a66e-4d3076091884,KEREM,5,true,false,2026-08-02T00:00:00Z,,,Zemberek master-dictionary + FrequencyWords tr_50k
23f82157-cdeb-5a4c-be55-628f97e22957,KERES,5,true,false,2026-08-02T00:00:00Z,,,Zemberek master-dictionary + FrequencyWords tr_50k
66d17820-875f-5c60-968f-43686fececf8,KERKİ,5,true,false,2026-08-02T00:00:00Z,,,Zemberek master-dictionary + FrequencyWords tr_50k
82b63e1a-3e04-5d64-b1fd-40c75e5c5303,KERTE,5,true,false,2026-08-02T00:00:00Z,,,Zemberek master-dictionary + FrequencyWords tr_50k
2285be7f-4259-5b33-9c71-7e93e36746f8,KERTİ,5,true,false,2026-08-02T00:00:00Z,,,Zemberek master-dictionary + FrequencyWords tr_50k
444f9c60-e6f0-5ff6-b2ea-be44975eb7e4,KERİH,5,true,false,2026-08-02T00:00:00Z,,,Zemberek master-dictionary + FrequencyWords tr_50k
4e61f218-6d0e-5e9b-83b9-a35b5e383db1,KERİM,5,true,true,2026-08-02T00:00:00Z,341,35329,Zemberek master-dictionary + FrequencyWords tr_50k
3f6e911b-f7d9-524d-b8a6-11caef9bb92f,KERİZ,5,true,false,2026-08-02T00:00:00Z,,,Zemberek master-dictionary + FrequencyWords tr_50k
ec7c7722-091c-5e46-afff-75259c6337dd,KESAT,5,true,false,2026-08-02T00:00:00Z,229,47173,Zemberek master-dictionary + FrequencyWords tr_50k
bf6dd486-6a59-583f-a1eb-ae9444d1bcd1,KESEK,5,true,false,2026-08-02T00:00:00Z,,,Zemberek master-dictionary + FrequencyWords tr_50k
f6b27b48-9da4-5c84-9782-a59849b76e02,KESEL,5,true,false,2026-08-02T00:00:00Z,,,Zemberek master-dictionary + FrequencyWords tr_50k
b9f14771-00cb-57b6-80b3-a8cd69548f04,KESER,5,true,true,2026-08-02T00:00:00Z,4376,4340,Zemberek master-dictionary + FrequencyWords tr_50k
715e9191-bd03-5236-b0ef-7071e798c34c,KESKİ,5,true,false,2026-08-02T00:00:00Z,,,Zemberek master-dictionary + FrequencyWords tr_50k
884505cf-2b3f-5b1c-b07d-9fe7048b5cd0,KESME,5,true,true,2026-08-02T00:00:00Z,1941,8849,Zemberek master-dictionary + FrequencyWords tr_50k
45f74f01-3682-533b-8ebc-4834ee798299,KESRE,5,true,false,2026-08-02T00:00:00Z,,,Zemberek master-dictionary + FrequencyWords tr_50k
c13b137e-8c45-59a9-bbec-f96e39364ef7,KESİF,5,true,false,2026-08-02T00:00:00Z,,,Zemberek master-dictionary + FrequencyWords tr_50k
7168e654-0c8e-58f1-96fd-520eb7024a7d,KESİK,5,true,true,2026-08-02T00:00:00Z,2848,6356,Zemberek master-dictionary + FrequencyWords tr_50k
dc592c1d-a311-5ec1-ad26-b2af8ba96aec,KESİM,5,true,true,2026-08-02T00:00:00Z,809,18252,Zemberek master-dictionary + FrequencyWords tr_50k
624e8b01-1293-54c1-998e-630a42ed3d7f,KESİN,5,true,true,2026-08-02T00:00:00Z,39189,536,Zemberek master-dictionary + FrequencyWords tr_50k
8d61163c-e808-5561-bc4b-ee207de0828e,KESİR,5,true,false,2026-08-02T00:00:00Z,,,Zemberek master-dictionary + FrequencyWords tr_50k
1b1eb647-e75f-541b-b14a-02c575a33e10,KESİT,5,true,false,2026-08-02T00:00:00Z,,,Zemberek master-dictionary + FrequencyWords tr_50k
fc45f4a6-0c66-5c80-85aa-60e3f1980304,KETAL,5,true,false,2026-08-02T00:00:00Z,,,Zemberek master-dictionary + FrequencyWords tr_50k
6de937a3-36eb-5fb2-9d2a-0360b0c47b0d,KETEN,5,true,true,2026-08-02T00:00:00Z,360,33915,Zemberek master-dictionary + FrequencyWords tr_50k
37c486c4-c5ea-5bb8-a8aa-01cbe2c6c032,KETON,5,true,false,2026-08-02T00:00:00Z,,,Zemberek master-dictionary + FrequencyWords tr_50k
b0f3ecaa-25fe-5659-b66d-f65f2d49e3f2,KETUM,5,true,false,2026-08-02T00:00:00Z,264,42635,Zemberek master-dictionary + FrequencyWords tr_50k
06f2a244-a707-5c97-b077-1d4f25064f0b,KEVEL,5,true,false,2026-08-02T00:00:00Z,,,Zemberek master-dictionary + FrequencyWords tr_50k
40a2d99d-865f-51a9-a61f-d2f5855f073d,KEVEN,5,true,false,2026-08-02T00:00:00Z,,,Zemberek master-dictionary + FrequencyWords tr_50k
667c3c7c-12ef-58fa-8c13-143e7fff3594,KEYİF,5,true,true,2026-08-02T00:00:00Z,3545,5207,Zemberek master-dictionary + FrequencyWords tr_50k
ea61d4f8-13e4-5d40-9d7c-fc7bff79a3d4,KEŞEN,5,true,false,2026-08-02T00:00:00Z,,,Zemberek master-dictionary + FrequencyWords tr_50k
653df639-6b27-588b-8807-361d12fc3983,KEŞKE,5,true,false,2026-08-02T00:00:00Z,30010,691,Zemberek master-dictionary + FrequencyWords tr_50k
1d24eb55-9bd2-5605-8048-31b5104468cc,KEŞKİ,5,true,false,2026-08-02T00:00:00Z,,,Zemberek master-dictionary + FrequencyWords tr_50k
c9dc1ef9-736b-5de2-9535-370281c9d327,KEŞİF,5,true,true,2026-08-02T00:00:00Z,3018,6039,Zemberek master-dictionary + FrequencyWords tr_50k
ee027d89-7941-5fff-993e-259b6c0bcd85,KEŞİK,5,true,false,2026-08-02T00:00:00Z,,,Zemberek master-dictionary + FrequencyWords tr_50k
98797be5-b5f3-562f-895b-c8a0b9aa0e4d,KEŞİŞ,5,true,true,2026-08-02T00:00:00Z,1253,12801,Zemberek master-dictionary + FrequencyWords tr_50k
d1ca6176-b39f-50b3-8cbe-58cf60c6a93b,KIBLE,5,true,false,2026-08-02T00:00:00Z,,,Zemberek master-dictionary + FrequencyWords tr_50k
d25bc178-bccc-57c4-9c6f-73377fb56f8a,KIDEM,5,true,false,2026-08-02T00:00:00Z,,,Zemberek master-dictionary + FrequencyWords tr_50k
8fb60470-cb76-5d52-8f1c-a672ec62031d,KIDIM,5,true,false,2026-08-02T00:00:00Z,,,Zemberek master-dictionary + FrequencyWords tr_50k
7bbf648b-72e0-57c5-a9fe-2fbd66722e10,KIKIR,5,true,false,2026-08-02T00:00:00Z,,,Zemberek master-dictionary + FrequencyWords tr_50k
284bf870-de16-5c98-8413-5a4e45d6df1a,KILGI,5,true,false,2026-08-02T00:00:00Z,,,Zemberek master-dictionary + FrequencyWords tr_50k
67daff3c-cc05-5836-b7c7-db9c0adaf503,KILIF,5,true,true,2026-08-02T00:00:00Z,362,33759,Zemberek master-dictionary + FrequencyWords tr_50k
952e9c7e-757c-5805-a763-ffa3d530a380,KILIK,5,true,true,2026-08-02T00:00:00Z,1245,12880,Zemberek master-dictionary + FrequencyWords tr_50k
a234dc32-b46a-543c-a707-b5bfa8fcc5e5,KILIR,5,true,false,2026-08-02T00:00:00Z,,,Zemberek master-dictionary + FrequencyWords tr_50k
b0db4215-c307-5b11-90e9-7db7f9f89f7f,KILIÇ,5,true,true,2026-08-02T00:00:00Z,5631,3458,Zemberek master-dictionary + FrequencyWords tr_50k
fa8b8720-8ed0-519d-b6ce-7462353b1b0d,KILIŞ,5,true,false,2026-08-02T00:00:00Z,,,Zemberek master-dictionary + FrequencyWords tr_50k
dc6ab8a2-de39-5498-a4c6-a539c79335b4,KIMIL,5,true,false,2026-08-02T00:00:00Z,,,Zemberek master-dictionary + FrequencyWords tr_50k
9361e9e8-ac27-5e75-a63c-39ee3f6f3ccc,KIMIZ,5,true,false,2026-08-02T00:00:00Z,,,Zemberek master-dictionary + FrequencyWords tr_50k
a9d241a3-fa20-543b-9bf3-050a1575b461,KIPIK,5,true,false,2026-08-02T00:00:00Z,,,Zemberek master-dictionary + FrequencyWords tr_50k
5e112010-00ab-522c-b339-d0d77e38b3a7,KIPIR,5,true,true,2026-08-02T00:00:00Z,604,22940,Zemberek master-dictionary + FrequencyWords tr_50k
85be07af-65f6-5db1-a7de-9965418badb2,KIRAN,5,true,true,2026-08-02T00:00:00Z,816,18121,Zemberek master-dictionary + FrequencyWords tr_50k
e221a32a-fca8-5cdf-b4f5-53d0f92ea776,KIRAT,5,true,false,2026-08-02T00:00:00Z,,,Zemberek master-dictionary + FrequencyWords tr_50k
b68dc79a-c291-50f2-9b35-94cf52365b07,KIRAY,5,true,false,2026-08-02T00:00:00Z,,,Zemberek master-dictionary + FrequencyWords tr_50k
9cfc0ada-0f70-57b6-8244-8104c04903fb,KIRAÇ,5,true,false,2026-08-02T00:00:00Z,,,Zemberek master-dictionary + FrequencyWords tr_50k
1c2438e8-fbea-5da7-abc5-dce4edb9e26d,KIRBA,5,true,false,2026-08-02T00:00:00Z,,,Zemberek master-dictionary + FrequencyWords tr_50k
552d1f3a-ef0c-5ed3-b9c8-98dd275a9dbc,KIRCI,5,true,false,2026-08-02T00:00:00Z,,,Zemberek master-dictionary + FrequencyWords tr_50k
629f36a2-fe13-557c-89c6-1cf2fbcba825,KIRIK,5,true,true,2026-08-02T00:00:00Z,6653,2934,Zemberek master-dictionary + FrequencyWords tr_50k
77c51369-babb-5f26-913e-5bbc35791fa0,KIRIM,5,true,false,2026-08-02T00:00:00Z,,,Zemberek master-dictionary + FrequencyWords tr_50k
3098ae05-513d-5f67-92ca-e83f41cf08d7,KIRIN,5,true,true,2026-08-02T00:00:00Z,520,25684,Zemberek master-dictionary + FrequencyWords tr_50k
a56a61dc-1a1d-5688-8b95-e8981f8ad05f,KIRKI,5,true,false,2026-08-02T00:00:00Z,,,Zemberek master-dictionary + FrequencyWords tr_50k
0d07e3ac-2718-51a8-a190-6d0feb16fc36,KIRMA,5,true,true,2026-08-02T00:00:00Z,935,16188,Zemberek master-dictionary + FrequencyWords tr_50k
f5c1e1e8-bc9b-5d74-bcac-acb6fc96247c,KISAS,5,true,false,2026-08-02T00:00:00Z,,,Zemberek master-dictionary + FrequencyWords tr_50k
4a9757c0-d9c7-5552-b502-b537f77a7fbe,KISIK,5,true,true,2026-08-02T00:00:00Z,406,31041,Zemberek master-dictionary + FrequencyWords tr_50k
6592f0c0-39e0-534b-82ae-9372310e94a0,KISIM,5,true,true,2026-08-02T00:00:00Z,3435,5351,Zemberek master-dictionary + FrequencyWords tr_50k
f82d26a3-dbf7-581c-a347-8eab5e9a876a,KISIR,5,true,true,2026-08-02T00:00:00Z,690,20677,Zemberek master-dictionary + FrequencyWords tr_50k
193a4c6c-a570-5fa4-8ae2-158940c8cf19,KISIT,5,true,false,2026-08-02T00:00:00Z,,,Zemberek master-dictionary + FrequencyWords tr_50k
f9618973-4bb8-5fe4-b9d2-a74b69adfd24,KISIŞ,5,true,false,2026-08-02T00:00:00Z,,,Zemberek master-dictionary + FrequencyWords tr_50k
562e6d6b-8cca-5be2-a4a5-5c069e85bd44,KISKA,5,true,false,2026-08-02T00:00:00Z,,,Zemberek master-dictionary + FrequencyWords tr_50k
3b0dc9a1-37d4-5d69-aa4d-eb6a04acaefd,KISKI,5,true,false,2026-08-02T00:00:00Z,,,Zemberek master-dictionary + FrequencyWords tr_50k
f588638f-5b20-5c1d-b335-8899d32048cb,KISSA,5,true,false,2026-08-02T00:00:00Z,,,Zemberek master-dictionary + FrequencyWords tr_50k
c941dbda-0572-5a3b-8220-8d11d63f9b23,KITAL,5,true,false,2026-08-02T00:00:00Z,,,Zemberek master-dictionary + FrequencyWords tr_50k
e1563f94-94cc-580a-b16e-ca46ceda6431,KITIK,5,true,false,2026-08-02T00:00:00Z,,,Zemberek master-dictionary + FrequencyWords tr_50k
0a88650d-5f10-55fc-9763-83d3dcfef605,KITIR,5,true,true,2026-08-02T00:00:00Z,453,28548,Zemberek master-dictionary + FrequencyWords tr_50k
1299aacc-778d-541b-abe3-b24ec7238994,KIVAM,5,true,false,2026-08-02T00:00:00Z,,,Zemberek master-dictionary + FrequencyWords tr_50k
5109360d-1c1e-5b18-ac08-587e204d8b50,KIVIL,5,true,false,2026-08-02T00:00:00Z,,,Zemberek master-dictionary + FrequencyWords tr_50k
7eacebac-9a76-589f-b12e-7fdfe4d2a8f8,KIVIR,5,true,true,2026-08-02T00:00:00Z,357,34087,Zemberek master-dictionary + FrequencyWords tr_50k
ce9b8ba7-4e5d-5cc5-a4b5-3de81fb2897f,KIYAK,5,true,true,2026-08-02T00:00:00Z,1088,14364,Zemberek master-dictionary + FrequencyWords tr_50k
8541a1a7-94ef-57ae-b3f0-e6de9ce8b752,KIYAM,5,true,false,2026-08-02T00:00:00Z,,,Zemberek master-dictionary + FrequencyWords tr_50k
5e65c172-584c-59e0-b835-c180ae0c34e2,KIYAS,5,true,false,2026-08-02T00:00:00Z,,,Zemberek master-dictionary + FrequencyWords tr_50k
57b78ecd-d4fa-5431-8ea8-0268f9ee09fb,KIYGI,5,true,false,2026-08-02T00:00:00Z,,,Zemberek master-dictionary + FrequencyWords tr_50k
899a5636-0e7d-5389-9428-a630fc724005,KIYIK,5,true,false,2026-08-02T00:00:00Z,,,Zemberek master-dictionary + FrequencyWords tr_50k
1e63f953-5f83-5cd0-9c32-6e82e71fb512,KIYIM,5,true,false,2026-08-02T00:00:00Z,254,43746,Zemberek master-dictionary + FrequencyWords tr_50k
8d2587e5-2188-5a11-9309-e0bcc7b28efa,KIYIN,5,true,false,2026-08-02T00:00:00Z,,,Zemberek master-dictionary + FrequencyWords tr_50k
860c39b3-0c06-5974-9e4a-528c33cb93e0,KIYMA,5,true,true,2026-08-02T00:00:00Z,348,34792,Zemberek master-dictionary + FrequencyWords tr_50k
75f19e77-e0c9-5cab-9b6c-f19c762b2f08,KIYYE,5,true,false,2026-08-02T00:00:00Z,,,Zemberek master-dictionary + FrequencyWords tr_50k
6be0ab55-2dd4-5246-a136-8dbd03411574,KIZAK,5,true,true,2026-08-02T00:00:00Z,486,27060,Zemberek master-dictionary + FrequencyWords tr_50k
1c3699c4-bfd4-578c-909d-0b302621f1c4,KIZAN,5,true,false,2026-08-02T00:00:00Z,,,Zemberek master-dictionary + FrequencyWords tr_50k
11e9d318-4416-56ea-828c-81709c8f78a7,KIZIL,5,true,true,2026-08-02T00:00:00Z,7572,2586,Zemberek master-dictionary + FrequencyWords tr_50k
88010779-e507-5495-b781-d1a2d09e2931,KIŞIN,5,true,true,2026-08-02T00:00:00Z,1458,11283,Zemberek master-dictionary + FrequencyWords tr_50k
7578c09e-0184-515d-afea-56c482bd72e3,KIŞIR,5,true,false,2026-08-02T00:00:00Z,,,Zemberek master-dictionary + FrequencyWords tr_50k
45cb458f-d8fd-58a0-aff1-f3a7e598971c,KIŞLA,5,true,false,2026-08-02T00:00:00Z,,,Zemberek master-dictionary + FrequencyWords tr_50k
d0c14012-785b-5c1b-8c42-9c30e8993066,KLİMA,5,true,true,2026-08-02T00:00:00Z,717,20093,Zemberek master-dictionary + FrequencyWords tr_50k
1f105394-1b8d-52e0-82b8-d9e489e3ad43,KLİPS,5,true,false,2026-08-02T00:00:00Z,,,Zemberek master-dictionary + FrequencyWords tr_50k
b85a1667-fbcb-5b63-8051-0793a7f12f60,KLİŞE,5,true,true,2026-08-02T00:00:00Z,1020,15109,Zemberek master-dictionary + FrequencyWords tr_50k
4a642bd8-bc39-511d-8584-584895a2c71a,KOALA,5,true,false,2026-08-02T00:00:00Z,,,Zemberek master-dictionary + FrequencyWords tr_50k
8c73596a-48f0-588e-aa3d-83ec5fc8e050,KOBAY,5,true,true,2026-08-02T00:00:00Z,435,29427,Zemberek master-dictionary + FrequencyWords tr_50k
3897a453-7281-5ade-b0ea-120c55aa7d8e,KOBRA,5,true,true,2026-08-02T00:00:00Z,751,19360,Zemberek master-dictionary + FrequencyWords tr_50k
b1bcfb3c-758a-5035-9820-37641b639573,KODES,5,true,false,2026-08-02T00:00:00Z,,,Zemberek master-dictionary + FrequencyWords tr_50k
fb2cd954-bf98-5b00-b36b-15f5bc2cd2b0,KODOŞ,5,true,false,2026-08-02T00:00:00Z,,,Zemberek master-dictionary + FrequencyWords tr_50k
fea09e4a-3d74-5f30-867f-46089ed025ff,KOFRA,5,true,false,2026-08-02T00:00:00Z,,,Zemberek master-dictionary + FrequencyWords tr_50k
06ef3187-840b-57bf-a61e-753b1bd5b891,KOFTİ,5,true,false,2026-08-02T00:00:00Z,,,Zemberek master-dictionary + FrequencyWords tr_50k
5397db69-168d-5381-a004-fd5defae5fc7,KOFUL,5,true,false,2026-08-02T00:00:00Z,,,Zemberek master-dictionary + FrequencyWords tr_50k
af47cc26-b748-55ce-8187-8219e51d9954,KOKAK,5,true,false,2026-08-02T00:00:00Z,,,Zemberek master-dictionary + FrequencyWords tr_50k
79ec62cb-54b8-572c-ba26-0239b630389b,KOKET,5,true,false,2026-08-02T00:00:00Z,,,Zemberek master-dictionary + FrequencyWords tr_50k
ef8c6048-229c-5bc5-9fac-3736819516de,KOKOT,5,true,false,2026-08-02T00:00:00Z,,,Zemberek master-dictionary + FrequencyWords tr_50k
3abbe617-ad41-5242-b5e7-54c41c1b8569,KOKOZ,5,true,false,2026-08-02T00:00:00Z,,,Zemberek master-dictionary + FrequencyWords tr_50k
dfd7b3eb-a116-5cf7-82eb-5c48a5e6a624,KOKOŞ,5,true,false,2026-08-02T00:00:00Z,,,Zemberek master-dictionary + FrequencyWords tr_50k
ff752843-d2dd-5dc0-955d-8c75fe1cf28e,KOLAN,5,true,false,2026-08-02T00:00:00Z,,,Zemberek master-dictionary + FrequencyWords tr_50k
a915e01a-9e6c-541b-a23a-a7585ec5c053,KOLAY,5,true,true,2026-08-02T00:00:00Z,51730,403,Zemberek master-dictionary + FrequencyWords tr_50k
40dcef6e-4bc4-5270-ab1e-cd5d65d66393,KOLCU,5,true,false,2026-08-02T00:00:00Z,,,Zemberek master-dictionary + FrequencyWords tr_50k
2ff4dcce-5342-5589-a98c-909677e862e3,KOLEJ,5,true,true,2026-08-02T00:00:00Z,982,15574,Zemberek master-dictionary + FrequencyWords tr_50k
0b7c5d3b-3250-50c3-a5c3-693c17a045cf,KOLON,5,true,false,2026-08-02T00:00:00Z,233,46616,Zemberek master-dictionary + FrequencyWords tr_50k
c3b3862d-dc5e-5b92-af00-a492d0977823,KOLPO,5,true,false,2026-08-02T00:00:00Z,,,Zemberek master-dictionary + FrequencyWords tr_50k
59b9c76c-485f-5fff-a395-e722e37ab2f7,KOLYE,5,true,true,2026-08-02T00:00:00Z,1811,9372,Zemberek master-dictionary + FrequencyWords tr_50k
66e4e5b0-cedd-5189-a5bd-870e435a0043,KOLZA,5,true,false,2026-08-02T00:00:00Z,,,Zemberek master-dictionary + FrequencyWords tr_50k
deb68f51-90d3-5d73-9d99-41bf3acab31f,KOLİK,5,true,false,2026-08-02T00:00:00Z,,,Zemberek master-dictionary + FrequencyWords tr_50k
6a75ee3b-705c-5781-ab69-56523c5781af,KOLİT,5,true,false,2026-08-02T00:00:00Z,,,Zemberek master-dictionary + FrequencyWords tr_50k
d3b2fbfb-f38b-5bfe-9bd1-83f391228152,KOMAR,5,true,false,2026-08-02T00:00:00Z,,,Zemberek master-dictionary + FrequencyWords tr_50k
8dfca6f6-2eed-5fa9-bfd2-29f29fe14c00,KOMBİ,5,true,false,2026-08-02T00:00:00Z,,,Zemberek master-dictionary + FrequencyWords tr_50k
3e7951f8-8518-57a3-9faa-45b250c849ef,KOMOT,5,true,false,2026-08-02T00:00:00Z,,,Zemberek master-dictionary + FrequencyWords tr_50k
a473bf17-e5fb-5497-ae43-bdca3253a677,KOMUT,5,true,true,2026-08-02T00:00:00Z,404,31157,Zemberek master-dictionary + FrequencyWords tr_50k
e40ff6fd-2f2a-51a6-b9b3-184a82266229,KOMÜN,5,true,false,2026-08-02T00:00:00Z,272,41744,Zemberek master-dictionary + FrequencyWords tr_50k
62cb24ae-4c78-51a5-b8a6-64b2d07696d7,KOMİK,5,true,true,2026-08-02T00:00:00Z,39134,538,Zemberek master-dictionary + FrequencyWords tr_50k
b60397a4-3967-5c0c-b917-69d4d774865e,KOMŞU,5,true,true,2026-08-02T00:00:00Z,2886,6268,Zemberek master-dictionary + FrequencyWords tr_50k
b242878f-5442-5343-b056-bbde5f79aa3c,KONAK,5,true,false,2026-08-02T00:00:00Z,290,39785,Zemberek master-dictionary + FrequencyWords tr_50k
d831a475-c5e4-5b3d-bf34-ac8f9765f0d2,KONDU,5,true,true,2026-08-02T00:00:00Z,692,20622,Zemberek master-dictionary + FrequencyWords tr_50k
2292e73d-7b93-52e1-8735-567b47292cd3,KONJE,5,true,false,2026-08-02T00:00:00Z,,,Zemberek master-dictionary + FrequencyWords tr_50k
e41e5aa2-5ec0-58c7-bff2-ab053638ac49,KONSA,5,true,false,2026-08-02T00:00:00Z,,,Zemberek master-dictionary + FrequencyWords tr_50k
541446da-7df7-5130-aa18-d6f212d1596a,KONUK,5,true,true,2026-08-02T00:00:00Z,2192,7992,Zemberek master-dictionary + FrequencyWords tr_50k
bb6f9d49-edf6-50df-bf4a-3eabbdc26910,KONUM,5,true,true,2026-08-02T00:00:00Z,1197,13270,Zemberek master-dictionary + FrequencyWords tr_50k
d623acb9-8f5c-5dc0-bdd1-eeb31cf204f7,KONUR,5,true,false,2026-08-02T00:00:00Z,,,Zemberek master-dictionary + FrequencyWords tr_50k
4117d3d3-2cf5-59da-a2a9-d0d9622e3cdc,KONUT,5,true,true,2026-08-02T00:00:00Z,490,26860,Zemberek master-dictionary + FrequencyWords tr_50k
7fa33832-c2c5-5057-a29d-56708917a8ae,KONİK,5,true,false,2026-08-02T00:00:00Z,,,Zemberek master-dictionary + FrequencyWords tr_50k
ecad72a6-f20a-5c57-873f-27b0535c548a,KOPAL,5,true,false,2026-08-02T00:00:00Z,,,Zemberek master-dictionary + FrequencyWords tr_50k
9d4f4964-207c-5712-9c4d-e9e8d31d3d01,KOPEK,5,true,false,2026-08-02T00:00:00Z,,,Zemberek master-dictionary + FrequencyWords tr_50k
aaf067b9-e33e-5be5-8228-20b1263a3832,KOPOY,5,true,false,2026-08-02T00:00:00Z,,,Zemberek master-dictionary + FrequencyWords tr_50k
7c07d42e-1c9e-5f55-9655-3184a24a7227,KOPUK,5,true,true,2026-08-02T00:00:00Z,343,35161,Zemberek master-dictionary + FrequencyWords tr_50k
a5cbde16-b749-5df8-8ca5-763ad6bd7150,KOPUZ,5,true,false,2026-08-02T00:00:00Z,,,Zemberek master-dictionary + FrequencyWords tr_50k
5ea6b54c-d846-5606-93c3-8b7c06de57a4,KOPYA,5,true,true,2026-08-02T00:00:00Z,2897,6240,Zemberek master-dictionary + FrequencyWords tr_50k
0e4e56b5-8700-50b2-af8d-6fea252d400f,KOPÇA,5,true,false,2026-08-02T00:00:00Z,,,Zemberek master-dictionary + FrequencyWords tr_50k
9fc2d8cd-fbf2-569b-a67c-cafbb38f6efc,KOPİL,5,true,false,2026-08-02T00:00:00Z,,,Zemberek master-dictionary + FrequencyWords tr_50k
5e664866-1f66-5109-aa68-941465bff434,KORAL,5,true,false,2026-08-02T00:00:00Z,,,Zemberek master-dictionary + FrequencyWords tr_50k
0f6cf1ab-7d84-5cf1-b035-463a5dab5e5c,KORKU,5,true,true,2026-08-02T00:00:00Z,9030,2169,Zemberek master-dictionary + FrequencyWords tr_50k
2fae2989-ac83-56f1-a258-5bd0acbf8f07,KORNA,5,true,true,2026-08-02T00:00:00Z,692,20626,Zemberek master-dictionary + FrequencyWords tr_50k
3af06de1-7391-5763-8f2c-8b3ed9e5b3b2,KORNO,5,true,false,2026-08-02T00:00:00Z,,,Zemberek master-dictionary + FrequencyWords tr_50k
c4c49414-2909-59bb-82bb-2141300dcf18,KORSE,5,true,false,2026-08-02T00:00:00Z,265,42485,Zemberek master-dictionary + FrequencyWords tr_50k
1bf9f3b3-c8eb-554e-a30f-4ff3175e45ec,KORTE,5,true,false,2026-08-02T00:00:00Z,,,Zemberek master-dictionary + FrequencyWords tr_50k
6d8c979b-168e-5f1a-ad10-f410f85e734a,KORUK,5,true,false,2026-08-02T00:00:00Z,,,Zemberek master-dictionary + FrequencyWords tr_50k
13207f35-99c6-5af8-a8fd-de098edadd16,KORUN,5,true,false,2026-08-02T00:00:00Z,,,Zemberek master-dictionary + FrequencyWords tr_50k
3204ece1-6bea-5ba2-90c7-e357ac00d365,KORZA,5,true,false,2026-08-02T00:00:00Z,,,Zemberek master-dictionary + FrequencyWords tr_50k
444155b7-e10b-5ede-924d-0247b8b8116f,KOTAN,5,true,false,2026-08-02T00:00:00Z,,,Zemberek master-dictionary + FrequencyWords tr_50k
6441de7b-3fac-5f20-8c44-595601529a57,KOTON,5,true,false,2026-08-02T00:00:00Z,,,Zemberek master-dictionary + FrequencyWords tr_50k
ffc3cc89-ece7-5652-8d25-ea78c0492084,KOTRA,5,true,false,2026-08-02T00:00:00Z,,,Zemberek master-dictionary + FrequencyWords tr_50k
782636b4-b040-56ba-958d-448a7d600295,KOVAN,5,true,true,2026-08-02T00:00:00Z,973,15699,Zemberek master-dictionary + FrequencyWords tr_50k
42b38a3d-4419-5909-a90a-7424acdeb0c1,KOVCU,5,true,false,2026-08-02T00:00:00Z,,,Zemberek master-dictionary + FrequencyWords tr_50k
75921c70-712d-5570-86fe-9132163e3647,KOVUK,5,true,false,2026-08-02T00:00:00Z,,,Zemberek master-dictionary + FrequencyWords tr_50k
88626c47-252c-5d2f-82ab-55528b1b4a3d,KOYAK,5,true,false,2026-08-02T00:00:00Z,,,Zemberek master-dictionary + FrequencyWords tr_50k
ec1baf50-03fc-5a45-835d-8a3fdbccd1c4,KOYAR,5,true,true,2026-08-02T00:00:00Z,2072,8375,Zemberek master-dictionary + FrequencyWords tr_50k
689b6c89-4913-50c6-8632-7706233e15dd,KOYUN,5,true,true,2026-08-02T00:00:00Z,6992,2806,Zemberek master-dictionary + FrequencyWords tr_50k
f42d6e5f-48d2-5d7c-8126-5048b92a7e67,KOYUT,5,true,false,2026-08-02T00:00:00Z,,,Zemberek master-dictionary + FrequencyWords tr_50k
f0f6035c-4079-516a-8358-0488410ca411,KOZAK,5,true,false,2026-08-02T00:00:00Z,,,Zemberek master-dictionary + FrequencyWords tr_50k
1caa97ad-689a-5a17-936a-fb6b98aa0e35,KOÇAK,5,true,false,2026-08-02T00:00:00Z,,,Zemberek master-dictionary + FrequencyWords tr_50k
df541efa-1920-5b0a-9efd-103496233c10,KOÇAN,5,true,false,2026-08-02T00:00:00Z,,,Zemberek master-dictionary + FrequencyWords tr_50k
c1af3c69-c87a-54a7-b171-0b2429585158,KOĞUŞ,5,true,false,2026-08-02T00:00:00Z,289,39899,Zemberek master-dictionary + FrequencyWords tr_50k
3970699d-92de-5327-83c8-ed5bb7901cb5,KOŞAM,5,true,false,2026-08-02T00:00:00Z,,,Zemberek master-dictionary + FrequencyWords tr_50k
f3d9c2d6-8353-5b50-a94d-b62d727e240a,KOŞAÇ,5,true,false,2026-08-02T00:00:00Z,,,Zemberek master-dictionary + FrequencyWords tr_50k
b92b6f71-9960-59e9-a4b8-26f7cec42f75,KOŞUK,5,true,false,2026-08-02T00:00:00Z,,,Zemberek master-dictionary + FrequencyWords tr_50k
628d0ed5-841b-51fe-87eb-2ad60a9c3d4b,KOŞUL,5,true,true,2026-08-02T00:00:00Z,325,36591,Zemberek master-dictionary + FrequencyWords tr_50k
24103c9c-eccd-5bae-a18e-f9943a53b1b0,KOŞUM,5,true,false,2026-08-02T00:00:00Z,,,Zemberek master-dictionary + FrequencyWords tr_50k
50317ec1-a4fb-5e4c-bed2-5e743b1b2013,KOŞUN,5,true,true,2026-08-02T00:00:00Z,3367,5482,Zemberek master-dictionary + FrequencyWords tr_50k
5a0b6bb4-c34b-5764-adbf-6612215a5c23,KOŞUT,5,true,false,2026-08-02T00:00:00Z,,,Zemberek master-dictionary + FrequencyWords tr_50k
e87e02e3-0e32-5a20-a5de-0f410a15e2e2,KOŞİN,5,true,false,2026-08-02T00:00:00Z,,,Zemberek master-dictionary + FrequencyWords tr_50k
59f1752e-d212-533f-a831-d3d3e768baa9,KRAMP,5,true,true,2026-08-02T00:00:00Z,794,18524,Zemberek master-dictionary + FrequencyWords tr_50k
ac098698-3ae1-5ef6-b72d-fe4e05299e94,KRANK,5,true,false,2026-08-02T00:00:00Z,,,Zemberek master-dictionary + FrequencyWords tr_50k
6336e519-d279-56b4-a976-1acc011e0aaf,KRAVL,5,true,false,2026-08-02T00:00:00Z,,,Zemberek master-dictionary + FrequencyWords tr_50k
172133b5-f834-533f-96dc-97e062438b5e,KREDİ,5,true,true,2026-08-02T00:00:00Z,9753,2008,Zemberek master-dictionary + FrequencyWords tr_50k
9b0d0cf2-0531-5b74-ad4f-82acef23cdd9,KREMA,5,true,true,2026-08-02T00:00:00Z,1383,11785,Zemberek master-dictionary + FrequencyWords tr_50k
04f1ef02-96de-5427-9704-8d3aa1443186,KROKİ,5,true,false,2026-08-02T00:00:00Z,,,Zemberek master-dictionary + FrequencyWords tr_50k
ee0351be-0ef8-5756-b59b-78e9c8e997a5,KROŞE,5,true,false,2026-08-02T00:00:00Z,249,44450,Zemberek master-dictionary + FrequencyWords tr_50k
6dd586fa-ce0d-5315-84b0-f290f4f3dcad,KRİKO,5,true,false,2026-08-02T00:00:00Z,,,Zemberek master-dictionary + FrequencyWords tr_50k
b5eea014-a6d8-5366-8a86-1ec9dd2fce1a,KUBAT,5,true,false,2026-08-02T00:00:00Z,,,Zemberek master-dictionary + FrequencyWords tr_50k
10096e33-c3ba-535b-bef1-2a12d3747ec7,KUBBE,5,true,true,2026-08-02T00:00:00Z,872,17125,Zemberek master-dictionary + FrequencyWords tr_50k
c60836f3-f92d-543e-b52d-63d34f602dea,KUBUR,5,true,false,2026-08-02T00:00:00Z,,,Zemberek master-dictionary + FrequencyWords tr_50k
f7bea39d-a535-5ccb-bede-fd167e539be1,KUCAK,5,true,true,2026-08-02T00:00:00Z,1276,12603,Zemberek master-dictionary + FrequencyWords tr_50k
00ecf69d-b2bf-5626-81a0-4cc365ac1cd1,KUDAS,5,true,false,2026-08-02T00:00:00Z,,,Zemberek master-dictionary + FrequencyWords tr_50k
9ebb1f87-e9a2-505c-9aac-17e84307ba55,KUDUZ,5,true,true,2026-08-02T00:00:00Z,1005,15273,Zemberek master-dictionary + FrequencyWords tr_50k
e55830a1-ad41-5fd1-a4b3-34c69d43f3c3,KUDÜM,5,true,false,2026-08-02T00:00:00Z,,,Zemberek master-dictionary + FrequencyWords tr_50k
6e2bb71e-2cf8-55df-8624-12616e98efbd,KUKLA,5,true,true,2026-08-02T00:00:00Z,1762,9618,Zemberek master-dictionary + FrequencyWords tr_50k
c622e078-e6b0-550e-9b48-d1349f083f1b,KULAK,5,true,true,2026-08-02T00:00:00Z,16703,1199,Zemberek master-dictionary + FrequencyWords tr_50k
96dbe9a3-0341-5423-9ae2-fb986eeb8fad,KULAÇ,5,true,false,2026-08-02T00:00:00Z,,,Zemberek master-dictionary + FrequencyWords tr_50k
3ff47274-6528-54f8-a0a7-c72dd3bab3fb,KULUN,5,true,false,2026-08-02T00:00:00Z,,,Zemberek master-dictionary + FrequencyWords tr_50k
862bb1b7-e6bd-5876-8e8e-0a23b2614aa1,KULÜP,5,true,true,2026-08-02T00:00:00Z,3584,5149,Zemberek master-dictionary + FrequencyWords tr_50k
b005b0e9-1edd-5f53-81e1-70c903da963f,KULİS,5,true,false,2026-08-02T00:00:00Z,,,Zemberek master-dictionary + FrequencyWords tr_50k
f6f765b0-e441-5781-8189-c13e541af2cc,KUMAR,5,true,false,2026-08-02T00:00:00Z,5465,3546,Zemberek master-dictionary + FrequencyWords tr_50k
176ed3aa-920a-574e-a690-c2ba3381107c,KUMAŞ,5,true,true,2026-08-02T00:00:00Z,1295,12456,Zemberek master-dictionary + FrequencyWords tr_50k
9705aa3a-2e17-56b6-8ffa-3e8aa40e93cc,KUMLA,5,true,false,2026-08-02T00:00:00Z,,,Zemberek master-dictionary + FrequencyWords tr_50k
d6f05a74-7d0b-5f48-b055-c50e2b1dba2b,KUMRU,5,true,false,2026-08-02T00:00:00Z,,,Zemberek master-dictionary + FrequencyWords tr_50k
d3929a0b-ae16-5947-be80-59353c52da9b,KUMUL,5,true,false,2026-08-02T00:00:00Z,,,Zemberek master-dictionary + FrequencyWords tr_50k
bf53066c-6d86-5cfd-a188-bbb25ed3967d,KUMUÇ,5,true,false,2026-08-02T00:00:00Z,,,Zemberek master-dictionary + FrequencyWords tr_50k
feff11b6-6522-5c7a-9f4a-47ccdd3795db,KUNDA,5,true,false,2026-08-02T00:00:00Z,,,Zemberek master-dictionary + FrequencyWords tr_50k
c765ebae-2d8e-5923-9f4e-fda108123990,KUPES,5,true,false,2026-08-02T00:00:00Z,,,Zemberek master-dictionary + FrequencyWords tr_50k
55b7de3a-fea0-5376-be6d-a6267fcba9ae,KUPLE,5,true,false,2026-08-02T00:00:00Z,,,Zemberek master-dictionary + FrequencyWords tr_50k
e7626e8d-f45e-5f1a-af29-f6acf11a6982,KUPON,5,true,true,2026-08-02T00:00:00Z,418,30405,Zemberek master-dictionary + FrequencyWords tr_50k
bae96a6a-dc15-5660-bd4f-1a6983cd04dc,KUPÜR,5,true,false,2026-08-02T00:00:00Z,,,Zemberek master-dictionary + FrequencyWords tr_50k
76037f56-634b-5e27-b741-2afb139b89ca,KURAK,5,true,true,2026-08-02T00:00:00Z,509,26102,Zemberek master-dictionary + FrequencyWords tr_50k
e97221c4-818a-55bf-8836-ce0f242dfeaa,KURAL,5,true,true,2026-08-02T00:00:00Z,6625,2950,Zemberek master-dictionary + FrequencyWords tr_50k
ffc406ee-9676-54a3-a38d-4f3fb3747262,KURAM,5,true,false,2026-08-02T00:00:00Z,,,Zemberek master-dictionary + FrequencyWords tr_50k
d2e39f8e-ad0b-56d3-b75d-9c5e66068e15,KURCA,5,true,false,2026-08-02T00:00:00Z,,,Zemberek master-dictionary + FrequencyWords tr_50k
f22ceaca-ff73-5671-b3d4-c1de60364ca8,KURGU,5,true,true,2026-08-02T00:00:00Z,1295,12452,Zemberek master-dictionary + FrequencyWords tr_50k
1284fe0c-8eab-5638-8a40-c4bc70084b85,KURNA,5,true,false,2026-08-02T00:00:00Z,,,Zemberek master-dictionary + FrequencyWords tr_50k
8e28a92a-0d99-5382-9f79-686366952eeb,KURON,5,true,false,2026-08-02T00:00:00Z,,,Zemberek master-dictionary + FrequencyWords tr_50k
2e55bf8f-e479-5c8b-8236-1cf1f64955fd,KURUL,5,true,true,2026-08-02T00:00:00Z,1427,11471,Zemberek master-dictionary + FrequencyWords tr_50k
8a49ccab-f550-582d-b6ae-3481a5b11ac7,KURUM,5,true,true,2026-08-02T00:00:00Z,808,18269,Zemberek master-dictionary + FrequencyWords tr_50k
b9fc4ba8-1a3d-529a-b599-16d057968cee,KURUT,5,true,false,2026-08-02T00:00:00Z,,,Zemberek master-dictionary + FrequencyWords tr_50k
61587861-cde6-599e-9be9-f523de954b71,KURUŞ,5,true,true,2026-08-02T00:00:00Z,2796,6479,Zemberek master-dictionary + FrequencyWords tr_50k
99541b6a-e97e-5fb4-8d0c-236a491c679b,KURYA,5,true,false,2026-08-02T00:00:00Z,,,Zemberek master-dictionary + FrequencyWords tr_50k
39e55c70-d1f5-5393-b675-cb2c0549b16c,KURYE,5,true,true,2026-08-02T00:00:00Z,957,15924,Zemberek master-dictionary + FrequencyWords tr_50k
b9e3b31a-8911-53e2-83a8-9be17d47f308,KUSUR,5,true,true,2026-08-02T00:00:00Z,928,16307,Zemberek master-dictionary + FrequencyWords tr_50k
7c8a7e00-dff6-5c14-b3aa-9c0255601858,KUTAN,5,true,false,2026-08-02T00:00:00Z,,,Zemberek master-dictionary + FrequencyWords tr_50k
510cc9df-6806-55e5-8f91-0ce7b16d5cc5,KUTLU,5,true,true,2026-08-02T00:00:00Z,4080,4606,Zemberek master-dictionary + FrequencyWords tr_50k
1662eeca-fbc7-53e1-b1df-dc90465b3ec2,KUTNU,5,true,false,2026-08-02T00:00:00Z,,,Zemberek master-dictionary + FrequencyWords tr_50k
e77620b0-0353-5582-b732-9da3270f3aa5,KUTUP,5,true,true,2026-08-02T00:00:00Z,1729,9797,Zemberek master-dictionary + FrequencyWords tr_50k
69eb4233-1444-598b-ab0a-246213916f1e,KUTUR,5,true,false,2026-08-02T00:00:00Z,,,Zemberek master-dictionary + FrequencyWords tr_50k
123c7659-5944-5a19-9ea5-55268519a68e,KUVER,5,true,false,2026-08-02T00:00:00Z,,,Zemberek master-dictionary + FrequencyWords tr_50k
874a2c9f-5526-51d9-8014-5689e6f0ea2e,KUVVE,5,true,false,2026-08-02T00:00:00Z,,,Zemberek master-dictionary + FrequencyWords tr_50k
c0bf7243-883a-5d51-9cef-2f538430b70f,KUVÖZ,5,true,false,2026-08-02T00:00:00Z,,,Zemberek master-dictionary + FrequencyWords tr_50k
b4fd743f-561d-5ec0-95d6-f63f3f96dc85,KUYTU,5,true,false,2026-08-02T00:00:00Z,,,Zemberek master-dictionary + FrequencyWords tr_50k
ed66b5a0-5faa-5f7a-a80a-aeb0d338b904,KUYUM,5,true,false,2026-08-02T00:00:00Z,,,Zemberek master-dictionary + FrequencyWords tr_50k
d649065e-f45c-5893-b4d2-f53be58d3b92,KUYUT,5,true,false,2026-08-02T00:00:00Z,,,Zemberek master-dictionary + FrequencyWords tr_50k
0725aaa3-be8c-5e31-af01-aa042d44938c,KUZEN,5,true,true,2026-08-02T00:00:00Z,2997,6075,Zemberek master-dictionary + FrequencyWords tr_50k
0dfec1e8-f24d-5f83-b822-a92310ff3fdd,KUZEY,5,true,true,2026-08-02T00:00:00Z,13041,1527,Zemberek master-dictionary + FrequencyWords tr_50k
6c6a4f8f-56ff-5cca-aec1-959f000f354b,KUZİN,5,true,false,2026-08-02T00:00:00Z,,,Zemberek master-dictionary + FrequencyWords tr_50k
4b48e839-395b-59c7-b7ec-46cfdc0bc24b,KUŞAK,5,true,true,2026-08-02T00:00:00Z,805,18324,Zemberek master-dictionary + FrequencyWords tr_50k
49272d82-5268-57ae-a780-949f97f45e5d,KUŞET,5,true,false,2026-08-02T00:00:00Z,,,Zemberek master-dictionary + FrequencyWords tr_50k
7a5a345b-f5aa-5110-b96c-01ad69ee6774,KUŞKU,5,true,true,2026-08-02T00:00:00Z,1004,15295,Zemberek master-dictionary + FrequencyWords tr_50k
d0a828e8-6d7d-527e-9175-f4d0be22dd95,KÖFTE,5,true,true,2026-08-02T00:00:00Z,1321,12251,Zemberek master-dictionary + FrequencyWords tr_50k
4b42a8e5-51bd-5e5d-bb0f-5ac96f15d193,KÖHNE,5,true,false,2026-08-02T00:00:00Z,265,42438,Zemberek master-dictionary + FrequencyWords tr_50k
03ab0c36-2426-5c6a-9baf-e67f4e0263db,KÖKEN,5,true,true,2026-08-02T00:00:00Z,306,38195,Zemberek master-dictionary + FrequencyWords tr_50k
fda0b617-075b-5ecc-b404-8bd63257af84,KÖMBE,5,true,false,2026-08-02T00:00:00Z,,,Zemberek master-dictionary + FrequencyWords tr_50k
200c5041-bfe5-5a58-8afe-a57a4a2fefe9,KÖMEÇ,5,true,false,2026-08-02T00:00:00Z,,,Zemberek master-dictionary + FrequencyWords tr_50k
fb849666-2809-5ed0-8171-84fb0ee2c79d,KÖMÜR,5,true,true,2026-08-02T00:00:00Z,1851,9178,Zemberek master-dictionary + FrequencyWords tr_50k
8d6cba14-4d0c-5648-85b7-593065bf3897,KÖMÜŞ,5,true,false,2026-08-02T00:00:00Z,,,Zemberek master-dictionary + FrequencyWords tr_50k
80a73eee-d4f7-50c1-a20e-3d7f01a1de4e,KÖPEK,5,true,true,2026-08-02T00:00:00Z,27038,754,Zemberek master-dictionary + FrequencyWords tr_50k
282081d2-a0b2-526f-be68-cc652d698340,KÖPRÜ,5,true,true,2026-08-02T00:00:00Z,4206,4502,Zemberek master-dictionary + FrequencyWords tr_50k
3182ae3f-9203-53ae-acbd-8e26b98b8c6b,KÖPÜK,5,true,true,2026-08-02T00:00:00Z,856,17410,Zemberek master-dictionary + FrequencyWords tr_50k
417d3b92-7d4b-59f6-960f-ecbc6ae8cd79,KÖRPE,5,true,false,2026-08-02T00:00:00Z,,,Zemberek master-dictionary + FrequencyWords tr_50k
87080ca7-04f4-5a7d-89da-96952322abaf,KÖRÜK,5,true,false,2026-08-02T00:00:00Z,,,Zemberek master-dictionary + FrequencyWords tr_50k
c60248b3-b3e2-50f1-95db-8124309e088d,KÖSEM,5,true,false,2026-08-02T00:00:00Z,,,Zemberek master-dictionary + FrequencyWords tr_50k
e7adf8ab-91ca-59f2-b85b-5a365c9aed16,KÖSNÜ,5,true,false,2026-08-02T00:00:00Z,,,Zemberek master-dictionary + FrequencyWords tr_50k
09b8ec3e-8030-51e7-b4e5-dcfdc78cb8d0,KÖTEK,5,true,false,2026-08-02T00:00:00Z,,,Zemberek master-dictionary + FrequencyWords tr_50k
b287ba39-e3b1-52a9-aeb6-d3a8d25e7be1,KÖÇEK,5,true,false,2026-08-02T00:00:00Z,,,Zemberek master-dictionary + FrequencyWords tr_50k
f30570d3-0315-5096-8f28-b9bad028b1c8,KÖŞEK,5,true,false,2026-08-02T00:00:00Z,,,Zemberek master-dictionary + FrequencyWords tr_50k
c315ed6e-9dc7-5884-ab36-a5a0e1ceb780,KÜBİK,5,true,false,2026-08-02T00:00:00Z,,,Zemberek master-dictionary + FrequencyWords tr_50k
98b3d9a3-3c65-5c14-b8b8-53198e2ac05c,KÜFÜR,5,true,true,2026-08-02T00:00:00Z,2234,7858,Zemberek master-dictionary + FrequencyWords tr_50k
b3b48087-a6f7-51a9-87c8-5646d18aa49b,KÜKRE,5,true,false,2026-08-02T00:00:00Z,,,Zemberek master-dictionary + FrequencyWords tr_50k
42b4432c-15b9-5c71-b45d-aef68352aed6,KÜLEK,5,true,false,2026-08-02T00:00:00Z,,,Zemberek master-dictionary + FrequencyWords tr_50k
1f0ec0c7-5a1e-54e2-abcc-e9a20dace53b,KÜLOT,5,true,true,2026-08-02T00:00:00Z,748,19431,Zemberek master-dictionary + FrequencyWords tr_50k
07dc05a3-d291-517f-9b14-ab071d050031,KÜLTE,5,true,false,2026-08-02T00:00:00Z,,,Zemberek master-dictionary + FrequencyWords tr_50k
3661eff2-71c6-5c8e-8673-18f6a14d74b7,KÜLÇE,5,true,true,2026-08-02T00:00:00Z,311,37714,Zemberek master-dictionary + FrequencyWords tr_50k
0a1d07f2-94f9-5eab-b7d5-0775ad73747f,KÜMES,5,true,true,2026-08-02T00:00:00Z,292,39577,Zemberek master-dictionary + FrequencyWords tr_50k
138f8083-a539-53ab-b8a5-701d2e4d3eb1,KÜNCÜ,5,true,false,2026-08-02T00:00:00Z,,,Zemberek master-dictionary + FrequencyWords tr_50k
92cfe2fd-6c0f-545f-ab38-79a2e4d8ccbe,KÜNDE,5,true,false,2026-08-02T00:00:00Z,,,Zemberek master-dictionary + FrequencyWords tr_50k
76e0341a-55e5-5659-bd55-72d5fca86550,KÜNYE,5,true,false,2026-08-02T00:00:00Z,,,Zemberek master-dictionary + FrequencyWords tr_50k
96abd1d4-04c6-5f61-bcc1-27c00122cf6d,KÜRAR,5,true,false,2026-08-02T00:00:00Z,,,Zemberek master-dictionary + FrequencyWords tr_50k
841bfc9d-f81b-527c-8fa7-726809d116db,KÜREK,5,true,true,2026-08-02T00:00:00Z,2430,7318,Zemberek master-dictionary + FrequencyWords tr_50k
d4bd0fa0-443d-5cdf-ad86-5815c12dac60,KÜRSÜ,5,true,false,2026-08-02T00:00:00Z,,,Zemberek master-dictionary + FrequencyWords tr_50k
ac091901-7e8c-595e-baeb-5ba3e108be74,KÜRİT,5,true,false,2026-08-02T00:00:00Z,,,Zemberek master-dictionary + FrequencyWords tr_50k
03126264-7da1-5996-80a8-9852ff511aa7,KÜSKÜ,5,true,false,2026-08-02T00:00:00Z,,,Zemberek master-dictionary + FrequencyWords tr_50k
e2a208fe-4c54-53fa-8082-225597273a98,KÜSPE,5,true,false,2026-08-02T00:00:00Z,,,Zemberek master-dictionary + FrequencyWords tr_50k
7bfe48e3-f871-54e6-b5f4-6f6602cf8355,KÜSUF,5,true,false,2026-08-02T00:00:00Z,,,Zemberek master-dictionary + FrequencyWords tr_50k
7eff0856-faee-56be-b2a9-d2410e8356d9,KÜSUR,5,true,false,2026-08-02T00:00:00Z,265,42484,Zemberek master-dictionary + FrequencyWords tr_50k
d8d6f403-392a-539f-8d2a-1b349577d41b,KÜTLE,5,true,true,2026-08-02T00:00:00Z,882,16969,Zemberek master-dictionary + FrequencyWords tr_50k
11c66167-a692-5201-b3f9-dc19a8ab872a,KÜTÜK,5,true,true,2026-08-02T00:00:00Z,839,17681,Zemberek master-dictionary + FrequencyWords tr_50k
1cb5d142-8b2c-52c4-9c0d-23cacf98a8d3,KÜTÜR,5,true,false,2026-08-02T00:00:00Z,,,Zemberek master-dictionary + FrequencyWords tr_50k
752a3697-d23e-52d1-aa4e-97b0b203c5b3,KÜTİN,5,true,false,2026-08-02T00:00:00Z,,,Zemberek master-dictionary + FrequencyWords tr_50k
2852ce39-92b4-5985-83f1-0149e3f58f06,KÜVET,5,true,true,2026-08-02T00:00:00Z,534,25170,Zemberek master-dictionary + FrequencyWords tr_50k
c821a780-0176-5835-b575-63085de0714f,KÜÇÜK,5,true,true,2026-08-02T00:00:00Z,155767,129,Zemberek master-dictionary + FrequencyWords tr_50k
52921f54-d9f0-57c4-a558-62c1fe325995,KÜŞAT,5,true,false,2026-08-02T00:00:00Z,,,Zemberek master-dictionary + FrequencyWords tr_50k
ba6ac80e-ad37-52e6-a04d-ee65c09144a9,KÜŞNE,5,true,false,2026-08-02T00:00:00Z,,,Zemberek master-dictionary + FrequencyWords tr_50k
cc660c49-f3ea-5391-a2fa-72eea21a6d7e,KÜŞÜM,5,true,false,2026-08-02T00:00:00Z,,,Zemberek master-dictionary + FrequencyWords tr_50k
7da6a8f9-f321-54c3-b25c-e7336d3ab097,KİBAR,5,true,true,2026-08-02T00:00:00Z,6497,3019,Zemberek master-dictionary + FrequencyWords tr_50k
ae4c8d56-167c-58a2-a83e-39a9149e97bd,KİBİR,5,true,true,2026-08-02T00:00:00Z,570,23939,Zemberek master-dictionary + FrequencyWords tr_50k
642bdc43-9c03-5840-a2d1-6900c27ef7c2,KİFAF,5,true,false,2026-08-02T00:00:00Z,,,Zemberek master-dictionary + FrequencyWords tr_50k
e29bfc31-72fc-5b1c-9902-c9724661d12f,KİLER,5,true,false,2026-08-02T00:00:00Z,234,46417,Zemberek master-dictionary + FrequencyWords tr_50k
18585970-c76a-50f4-957e-5245cd7e5095,KİLÜS,5,true,false,2026-08-02T00:00:00Z,,,Zemberek master-dictionary + FrequencyWords tr_50k
e7059764-333b-5773-a357-eae23bced251,KİLİM,5,true,false,2026-08-02T00:00:00Z,,,Zemberek master-dictionary + FrequencyWords tr_50k
97bc7a60-c4a5-5d85-a5d3-53e62ccaf0bc,KİLİT,5,true,true,2026-08-02T00:00:00Z,3888,4802,Zemberek master-dictionary + FrequencyWords tr_50k
b1a5b297-a350-5af6-91a1-6947f7ed0d3a,KİLİZ,5,true,false,2026-08-02T00:00:00Z,,,Zemberek master-dictionary + FrequencyWords tr_50k
dc4869f4-3b09-5f11-9c1e-2e0d3d20329c,KİMSE,5,true,false,2026-08-02T00:00:00Z,125176,166,Zemberek master-dictionary + FrequencyWords tr_50k
6581f203-db24-576e-a57e-0d6066c2e114,KİMYA,5,true,true,2026-08-02T00:00:00Z,1779,9528,Zemberek master-dictionary + FrequencyWords tr_50k
9f5ff4f5-5029-5627-a03e-86eb0bdefb21,KİMÜS,5,true,false,2026-08-02T00:00:00Z,,,Zemberek master-dictionary + FrequencyWords tr_50k
45d654b1-67a2-5f3d-ad2a-36026271117c,KİNCİ,5,true,false,2026-08-02T00:00:00Z,275,41401,Zemberek master-dictionary + FrequencyWords tr_50k
81447c2c-6959-57fc-b1d0-45fe2e451799,KİNİK,5,true,false,2026-08-02T00:00:00Z,,,Zemberek master-dictionary + FrequencyWords tr_50k
dac5416f-fb58-5863-ad6c-be8f3d917e9d,KİNİN,5,true,false,2026-08-02T00:00:00Z,,,Zemberek master-dictionary + FrequencyWords tr_50k
433fb546-4bb7-519e-98a5-08ab5292d7a3,KİNİŞ,5,true,false,2026-08-02T00:00:00Z,,,Zemberek master-dictionary + FrequencyWords tr_50k
d36cdfce-df9b-5dfc-8af7-6356c73064ab,KİRAZ,5,true,true,2026-08-02T00:00:00Z,1156,13642,Zemberek master-dictionary + FrequencyWords tr_50k
ead31d2b-e6d2-5911-8b79-92980967273c,KİRDE,5,true,false,2026-08-02T00:00:00Z,,,Zemberek master-dictionary + FrequencyWords tr_50k
98648e63-da5e-52a7-88a5-188588b93d76,KİREÇ,5,true,true,2026-08-02T00:00:00Z,389,31994,Zemberek master-dictionary + FrequencyWords tr_50k
a029ccf5-f798-5c9e-89d1-3766add4e545,KİRPİ,5,true,true,2026-08-02T00:00:00Z,424,30064,Zemberek master-dictionary + FrequencyWords tr_50k
bfd8311b-b5ad-5b64-b20e-6f9327a896bc,KİRVE,5,true,false,2026-08-02T00:00:00Z,,,Zemberek master-dictionary + FrequencyWords tr_50k
2346e762-494c-5e82-8aad-f5ccf1b03404,KİRİK,5,true,false,2026-08-02T00:00:00Z,,,Zemberek master-dictionary + FrequencyWords tr_50k
7e278171-6e28-53c8-9f2b-a8877a76e460,KİRİŞ,5,true,false,2026-08-02T00:00:00Z,,,Zemberek master-dictionary + FrequencyWords tr_50k
27aa60e4-4efa-5bce-b2b5-b89c27746638,KİSVE,5,true,false,2026-08-02T00:00:00Z,,,Zemberek master-dictionary + FrequencyWords tr_50k
4459ada8-6352-5b37-b9dc-9b5e05274edc,KİTAP,5,true,true,2026-08-02T00:00:00Z,18706,1075,Zemberek master-dictionary + FrequencyWords tr_50k
a639565b-2083-5f4d-aac8-438728c01c2b,KİTLE,5,true,true,2026-08-02T00:00:00Z,1089,14350,Zemberek master-dictionary + FrequencyWords tr_50k
f557327f-2c26-5d8a-970b-eeacdbe02b51,KİTRE,5,true,false,2026-08-02T00:00:00Z,,,Zemberek master-dictionary + FrequencyWords tr_50k
bbf1a01f-51a2-51f5-b10f-fc370e1c74ba,KİTİN,5,true,false,2026-08-02T00:00:00Z,,,Zemberek master-dictionary + FrequencyWords tr_50k
219a3533-b6c0-597f-9cf7-4649514e2dba,KİZİR,5,true,false,2026-08-02T00:00:00Z,,,Zemberek master-dictionary + FrequencyWords tr_50k
1f6fc668-6b58-52fe-b498-b443c3e77dfc,LADEN,5,true,false,2026-08-02T00:00:00Z,,,Zemberek master-dictionary + FrequencyWords tr_50k
50533a9b-dd36-5633-8f6b-6c28582ef8a8,LADES,5,true,false,2026-08-02T00:00:00Z,,,Zemberek master-dictionary + FrequencyWords tr_50k
bd8bd924-c912-553c-8893-5f64a4f23e86,LADİN,5,true,true,2026-08-02T00:00:00Z,600,23053,Zemberek master-dictionary + FrequencyWords tr_50k
4a22c452-58e0-5f1c-b350-720bdeac60fc,LAFIZ,5,true,false,2026-08-02T00:00:00Z,,,Zemberek master-dictionary + FrequencyWords tr_50k
cf170722-84b2-5e11-82df-f3aec081a419,LAGAR,5,true,false,2026-08-02T00:00:00Z,,,Zemberek master-dictionary + FrequencyWords tr_50k
4ef6123e-b892-5852-8dda-2fa9f889c247,LAGOS,5,true,false,2026-08-02T00:00:00Z,,,Zemberek master-dictionary + FrequencyWords tr_50k
59b53052-e807-5494-bab6-023b0bc80ae7,LAGÜN,5,true,false,2026-08-02T00:00:00Z,,,Zemberek master-dictionary + FrequencyWords tr_50k
cc906302-2304-5bbb-8628-c089ab495dc2,LAHOS,5,true,false,2026-08-02T00:00:00Z,,,Zemberek master-dictionary + FrequencyWords tr_50k
9a80474e-cb81-5a45-88a4-44ec7f596724,LAHUT,5,true,false,2026-08-02T00:00:00Z,,,Zemberek master-dictionary + FrequencyWords tr_50k
b8385517-1aec-5411-8ace-0a19d3fe51a9,LAHZA,5,true,false,2026-08-02T00:00:00Z,,,Zemberek master-dictionary + FrequencyWords tr_50k
b259ab1c-91f3-5880-bad3-5de62e79d04b,LAHİT,5,true,false,2026-08-02T00:00:00Z,,,Zemberek master-dictionary + FrequencyWords tr_50k
15cf493a-5ee7-5307-9b1d-9501189b69db,LAKAP,5,true,true,2026-08-02T00:00:00Z,602,22980,Zemberek master-dictionary + FrequencyWords tr_50k
2c86e2e9-f1b2-5a04-ba73-7fad08b39143,LAKOZ,5,true,false,2026-08-02T00:00:00Z,,,Zemberek master-dictionary + FrequencyWords tr_50k
3d893ea7-bb64-5312-929c-a09da178ca8d,LAKİN,5,true,true,2026-08-02T00:00:00Z,2847,6359,Zemberek master-dictionary + FrequencyWords tr_50k
030134a9-5a87-5052-a894-664c3ecb0f24,LAMBA,5,true,true,2026-08-02T00:00:00Z,1295,12453,Zemberek master-dictionary + FrequencyWords tr_50k
0c669709-803b-5f8b-9402-c4afa9911253,LAMEL,5,true,false,2026-08-02T00:00:00Z,,,Zemberek master-dictionary + FrequencyWords tr_50k
45fc778a-1ca4-53ca-87b5-6108f4702b46,LANDO,5,true,false,2026-08-02T00:00:00Z,,,Zemberek master-dictionary + FrequencyWords tr_50k
819199af-e858-5d38-a7d8-94640293bdb1,LANET,5,true,false,2026-08-02T00:00:00Z,96771,239,Zemberek master-dictionary + FrequencyWords tr_50k
8d45be07-df9a-5c80-b0aa-9c4a551ac63e,LANOZ,5,true,false,2026-08-02T00:00:00Z,,,Zemberek master-dictionary + FrequencyWords tr_50k
47947b58-b97a-51e6-a0bb-eb8b38a63635,LANSE,5,true,false,2026-08-02T00:00:00Z,,,Zemberek master-dictionary + FrequencyWords tr_50k
61d48223-a27e-56bc-892f-30e0c9a6c52f,LARGO,5,true,false,2026-08-02T00:00:00Z,256,43619,Zemberek master-dictionary + FrequencyWords tr_50k
117d6ac9-e020-5fa5-bd25-43295b894313,LARVA,5,true,false,2026-08-02T00:00:00Z,214,49533,Zemberek master-dictionary + FrequencyWords tr_50k
35d85789-8bb3-5892-b7e4-87f8f2f3be76,LASKİ,5,true,false,2026-08-02T00:00:00Z,,,Zemberek master-dictionary + FrequencyWords tr_50k
a2f19d66-9f75-5d50-a9b9-522f49a0c7c5,LASTA,5,true,false,2026-08-02T00:00:00Z,,,Zemberek master-dictionary + FrequencyWords tr_50k
185e33dd-491b-5ed4-8e4f-7789a40875a5,LATİF,5,true,false,2026-08-02T00:00:00Z,273,41587,Zemberek master-dictionary + FrequencyWords tr_50k
8f3df69c-0de3-512c-ab1b-a9065d162189,LAVAJ,5,true,false,2026-08-02T00:00:00Z,,,Zemberek master-dictionary + FrequencyWords tr_50k
7a27c3e8-c959-546d-887a-db4b473bf0cb,LAVAŞ,5,true,false,2026-08-02T00:00:00Z,,,Zemberek master-dictionary + FrequencyWords tr_50k
527f997f-2ed5-5fc7-97bf-ddc6db362f39,LAVTA,5,true,false,2026-08-02T00:00:00Z,,,Zemberek master-dictionary + FrequencyWords tr_50k
55c9bd63-fa45-5814-bd97-db22bebb248f,LAVUK,5,true,false,2026-08-02T00:00:00Z,,,Zemberek master-dictionary + FrequencyWords tr_50k
a1a63aee-aac5-56e2-b0e7-fcc3fce91699,LAYIK,5,true,true,2026-08-02T00:00:00Z,2737,6596,Zemberek master-dictionary + FrequencyWords tr_50k
bcfb688a-2864-5bab-9423-c6e3f0923552,LAZER,5,true,true,2026-08-02T00:00:00Z,1961,8783,Zemberek master-dictionary + FrequencyWords tr_50k
70968802-405c-53b9-882c-99101fe3f77e,LAZIM,5,true,false,2026-08-02T00:00:00Z,111879,200,Zemberek master-dictionary + FrequencyWords tr_50k
dd8876b5-3044-5b8f-b728-aa597633e6e1,LAZUT,5,true,false,2026-08-02T00:00:00Z,,,Zemberek master-dictionary + FrequencyWords tr_50k
9d5fd69f-3626-5c98-ba2d-c9d84c061f67,LAÇIN,5,true,false,2026-08-02T00:00:00Z,,,Zemberek master-dictionary + FrequencyWords tr_50k
d0df544a-fd45-5c6e-8548-8c936fa7fa6a,LAÇKA,5,true,false,2026-08-02T00:00:00Z,,,Zemberek master-dictionary + FrequencyWords tr_50k
9daca834-2b68-50df-abcd-497fd2666391,LAĞIM,5,true,true,2026-08-02T00:00:00Z,752,19336,Zemberek master-dictionary + FrequencyWords tr_50k
3d93f29c-3d2c-5ccb-aba7-28013a03fb87,LAĞIV,5,true,false,2026-08-02T00:00:00Z,,,Zemberek master-dictionary + FrequencyWords tr_50k
f92eaf36-ca69-5716-99ab-9e9b4c7ae734,LEDÜN,5,true,false,2026-08-02T00:00:00Z,,,Zemberek master-dictionary + FrequencyWords tr_50k
842dc7b1-1fb2-5c5b-a3c2-8a0d54f8ce5d,LEGAL,5,true,false,2026-08-02T00:00:00Z,,,Zemberek master-dictionary + FrequencyWords tr_50k
87cc5d6d-d4b0-51ea-9225-35105bc67e60,LEHÇE,5,true,false,2026-08-02T00:00:00Z,,,Zemberek master-dictionary + FrequencyWords tr_50k
267961f9-89d2-508e-aaaf-5641798e60f1,LEHİM,5,true,false,2026-08-02T00:00:00Z,,,Zemberek master-dictionary + FrequencyWords tr_50k
6cc26c7c-30fe-557d-af61-3059270541d7,LEMİS,5,true,false,2026-08-02T00:00:00Z,,,Zemberek master-dictionary + FrequencyWords tr_50k
2a254206-553d-51e0-80f1-ba9a69291e5a,LENFA,5,true,false,2026-08-02T00:00:00Z,,,Zemberek master-dictionary + FrequencyWords tr_50k
8ca674cb-e932-569e-8c35-aaf24c24c156,LENTO,5,true,false,2026-08-02T00:00:00Z,,,Zemberek master-dictionary + FrequencyWords tr_50k
a74e4b8a-d8af-55a9-9d3a-781f9d9943ce,LEPRA,5,true,false,2026-08-02T00:00:00Z,,,Zemberek master-dictionary + FrequencyWords tr_50k
70bb8479-15cb-514b-a771-e70fcc33530a,LERZE,5,true,false,2026-08-02T00:00:00Z,,,Zemberek master-dictionary + FrequencyWords tr_50k
24bd660b-cd13-5509-864a-b5fab9d11e2c,LEVHA,5,true,true,2026-08-02T00:00:00Z,422,30161,Zemberek master-dictionary + FrequencyWords tr_50k
a84d8141-332b-50b7-a1c2-288d72a2e62e,LEVYE,5,true,false,2026-08-02T00:00:00Z,274,41452,Zemberek master-dictionary + FrequencyWords tr_50k
2ca56b7e-2b88-5053-955a-92622f80736e,LEZAR,5,true,false,2026-08-02T00:00:00Z,,,Zemberek master-dictionary + FrequencyWords tr_50k
fd3e5dc2-9efb-5925-8c69-4c497354cb75,LEZİZ,5,true,true,2026-08-02T00:00:00Z,1876,9075,Zemberek master-dictionary + FrequencyWords tr_50k
e4cbe0be-7f96-5953-a8ec-5770b187de0a,LEÇEK,5,true,false,2026-08-02T00:00:00Z,,,Zemberek master-dictionary + FrequencyWords tr_50k
32397b30-add0-597b-995d-a816cbbc9793,LEĞEN,5,true,true,2026-08-02T00:00:00Z,376,32839,Zemberek master-dictionary + FrequencyWords tr_50k
ca515637-9796-5bbc-ae96-55aabfa8c3c9,LIKIR,5,true,false,2026-08-02T00:00:00Z,,,Zemberek master-dictionary + FrequencyWords tr_50k
d47fe4fd-1bd0-5b5f-b1bd-3ac58c7be6ef,LOBUT,5,true,false,2026-08-02T00:00:00Z,,,Zemberek master-dictionary + FrequencyWords tr_50k
3e26360e-06e7-5161-b19c-c954582b51fe,LODOS,5,true,false,2026-08-02T00:00:00Z,,,Zemberek master-dictionary + FrequencyWords tr_50k
a2e68da8-800a-5feb-a244-4783c24c1db4,LOGOS,5,true,false,2026-08-02T00:00:00Z,,,Zemberek master-dictionary + FrequencyWords tr_50k
112ddb48-bc47-5f6f-9beb-c45add4fc8e4,LOJİK,5,true,false,2026-08-02T00:00:00Z,,,Zemberek master-dictionary + FrequencyWords tr_50k
96f59287-a412-55ad-b3bf-971c864a6fff,LOKAL,5,true,false,2026-08-02T00:00:00Z,262,42915,Zemberek master-dictionary + FrequencyWords tr_50k
e9a5b883-7bde-5f4d-a1cc-855a5ac50e4c,LOKMA,5,true,true,2026-08-02T00:00:00Z,1443,11375,Zemberek master-dictionary + FrequencyWords tr_50k
f087d1f4-6584-567f-b350-a788c1c80a49,LOKUM,5,true,false,2026-08-02T00:00:00Z,,,Zemberek master-dictionary + FrequencyWords tr_50k
f0d68928-0d61-5eb7-885f-af7660afd867,LONCA,5,true,false,2026-08-02T00:00:00Z,,,Zemberek master-dictionary + FrequencyWords tr_50k
39651db1-5804-5362-8976-2b6f7a02abb8,LONGA,5,true,false,2026-08-02T00:00:00Z,,,Zemberek master-dictionary + FrequencyWords tr_50k
1608ccf3-3e71-5b46-a887-b6978b418b8a,LOPUR,5,true,false,2026-08-02T00:00:00Z,,,Zemberek master-dictionary + FrequencyWords tr_50k
34838a35-7a0f-5584-9028-bdd06e249b35,LORTA,5,true,false,2026-08-02T00:00:00Z,,,Zemberek master-dictionary + FrequencyWords tr_50k
03a971b2-1bb5-5edb-814a-fa20749df1fd,LOTUS,5,true,true,2026-08-02T00:00:00Z,478,27396,Zemberek master-dictionary + FrequencyWords tr_50k
03a4d23b-edc5-55c1-8f8a-da3913435d41,LÖKOZ,5,true,false,2026-08-02T00:00:00Z,,,Zemberek master-dictionary + FrequencyWords tr_50k
7ecf4100-ee7c-5941-8fa0-f09a21b57d03,LÖPÜR,5,true,false,2026-08-02T00:00:00Z,,,Zemberek master-dictionary + FrequencyWords tr_50k
bf4ba75c-7964-5a58-bcf7-edba95c13a0e,LÜFER,5,true,false,2026-08-02T00:00:00Z,,,Zemberek master-dictionary + FrequencyWords tr_50k
a7f61d2a-c7fc-54ed-a866-c1e7950194a4,LÜGAT,5,true,false,2026-08-02T00:00:00Z,,,Zemberek master-dictionary + FrequencyWords tr_50k
5d26dd79-9f26-5dc8-911a-151415337c8f,LÜGOL,5,true,false,2026-08-02T00:00:00Z,,,Zemberek master-dictionary + FrequencyWords tr_50k
d0f516f2-47cc-5e8f-bfd1-9b3775acf740,LÜMEN,5,true,false,2026-08-02T00:00:00Z,,,Zemberek master-dictionary + FrequencyWords tr_50k
5b47dc0b-ad23-59d0-bd89-51677c64610d,LÜNET,5,true,false,2026-08-02T00:00:00Z,,,Zemberek master-dictionary + FrequencyWords tr_50k
3d5b2fd9-fd06-5159-9de0-7d0dfbb2c4d5,LÜTUF,5,true,true,2026-08-02T00:00:00Z,732,19750,Zemberek master-dictionary + FrequencyWords tr_50k
7486d025-6913-5091-b653-6ab5c05c6a5c,LÜZUM,5,true,true,2026-08-02T00:00:00Z,639,21951,Zemberek master-dictionary + FrequencyWords tr_50k
3edc5be4-32ca-599c-94b3-66709a590a3f,LİBAS,5,true,false,2026-08-02T00:00:00Z,,,Zemberek master-dictionary + FrequencyWords tr_50k
5c822e9f-4329-5c73-8c3e-a7aa5a7106d1,LİBOŞ,5,true,false,2026-08-02T00:00:00Z,,,Zemberek master-dictionary + FrequencyWords tr_50k
8ddb976b-eb6a-52c4-8011-5170fecaf89f,LİBRE,5,true,false,2026-08-02T00:00:00Z,,,Zemberek master-dictionary + FrequencyWords tr_50k
d36cb828-f525-5ceb-8138-11d189e3f617,LİDER,5,true,true,2026-08-02T00:00:00Z,4327,4385,Zemberek master-dictionary + FrequencyWords tr_50k
765c831b-8c7e-5fec-8b79-d2cc3caa46c6,LİGHT,5,true,true,2026-08-02T00:00:00Z,1160,13599,Zemberek master-dictionary + FrequencyWords tr_50k
310cef95-8d8e-5b3b-88ff-020cbf46a522,LİKEN,5,true,false,2026-08-02T00:00:00Z,,,Zemberek master-dictionary + FrequencyWords tr_50k
a59a903c-17d2-55e0-b071-6c1c3b54d325,LİKÖR,5,true,true,2026-08-02T00:00:00Z,769,19018,Zemberek master-dictionary + FrequencyWords tr_50k
9bf355cf-c1dd-524c-942e-2a1212169ec9,LİKİT,5,true,false,2026-08-02T00:00:00Z,,,Zemberek master-dictionary + FrequencyWords tr_50k
fd741dfd-f30b-5ba8-9e57-da7332c50d5f,LİMAN,5,true,true,2026-08-02T00:00:00Z,1670,10076,Zemberek master-dictionary + FrequencyWords tr_50k
81fb68eb-15d4-532e-9a12-b8494ae51079,LİMBO,5,true,false,2026-08-02T00:00:00Z,,,Zemberek master-dictionary + FrequencyWords tr_50k
577e1927-4cd5-5e06-bf25-a6fe76affefe,LİMON,5,true,true,2026-08-02T00:00:00Z,1842,9227,Zemberek master-dictionary + FrequencyWords tr_50k
4a70049d-3ec7-582d-8f12-86fd5a1bfe19,LİMİT,5,true,true,2026-08-02T00:00:00Z,299,38850,Zemberek master-dictionary + FrequencyWords tr_50k
6161aadb-8cde-58a7-9462-10ff97d61190,LİNET,5,true,false,2026-08-02T00:00:00Z,,,Zemberek master-dictionary + FrequencyWords tr_50k
6b9a5af6-783b-5afa-b63e-873759b58991,LİNİN,5,true,false,2026-08-02T00:00:00Z,,,Zemberek master-dictionary + FrequencyWords tr_50k
32f47ee6-ed1d-5bdb-a73e-5471882f9147,LİPOM,5,true,false,2026-08-02T00:00:00Z,,,Zemberek master-dictionary + FrequencyWords tr_50k
582b49a8-a73f-54c7-a145-f158ce684176,LİPİT,5,true,false,2026-08-02T00:00:00Z,,,Zemberek master-dictionary + FrequencyWords tr_50k
61ea05d1-4cef-5fa2-8328-df3a9ccabf28,LİRET,5,true,true,2026-08-02T00:00:00Z,440,29166,Zemberek master-dictionary + FrequencyWords tr_50k
0f8c46ac-41cf-5c27-8c30-abea3fb76694,LİRİK,5,true,false,2026-08-02T00:00:00Z,,,Zemberek master-dictionary + FrequencyWords tr_50k
f127ae3c-0780-5cb6-aeca-eb1d93118cc6,LİSAN,5,true,false,2026-08-02T00:00:00Z,219,48751,Zemberek master-dictionary + FrequencyWords tr_50k
9f513a63-e3dd-56ab-9b8c-04adcbb1f918,LİSTE,5,true,true,2026-08-02T00:00:00Z,3723,4974,Zemberek master-dictionary + FrequencyWords tr_50k
128e1a5a-f6bf-5127-8bec-2c89e69f097d,LİTRE,5,true,true,2026-08-02T00:00:00Z,1779,9529,Zemberek master-dictionary + FrequencyWords tr_50k
c6b99232-5571-5717-9ab3-9404ee2b6d82,LİVAR,5,true,false,2026-08-02T00:00:00Z,,,Zemberek master-dictionary + FrequencyWords tr_50k
13510884-23f8-5a2a-b96e-dfef4a8b74d3,LİZOL,5,true,false,2026-08-02T00:00:00Z,,,Zemberek master-dictionary + FrequencyWords tr_50k
164f82f5-19f4-51a5-83cf-599ac1d0ae1f,LİZÖZ,5,true,false,2026-08-02T00:00:00Z,,,Zemberek master-dictionary + FrequencyWords tr_50k
55219edc-6770-5b49-980e-16a46f9dac87,MAADA,5,true,false,2026-08-02T00:00:00Z,,,Zemberek master-dictionary + FrequencyWords tr_50k
fbb6d11b-2af4-5ad3-a113-eac97bcf3f0a,MABAT,5,true,false,2026-08-02T00:00:00Z,,,Zemberek master-dictionary + FrequencyWords tr_50k
e40c0214-bfb7-5d53-89e3-8571d2a8f623,MABET,5,true,false,2026-08-02T00:00:00Z,,,Zemberek master-dictionary + FrequencyWords tr_50k
394919a9-0709-5bb6-b694-3f46804f8621,MABUT,5,true,false,2026-08-02T00:00:00Z,,,Zemberek master-dictionary + FrequencyWords tr_50k
68fceb7e-9ebd-5d26-9179-60a45a6d9fc9,MACUN,5,true,false,2026-08-02T00:00:00Z,,,Zemberek master-dictionary + FrequencyWords tr_50k
d368fe90-1f9b-5aea-a18e-65ffc95ecfb7,MADAM,5,true,true,2026-08-02T00:00:00Z,9713,2012,Zemberek master-dictionary + FrequencyWords tr_50k
a52700b5-7858-56fe-a610-20a50ff3de56,MADDE,5,true,true,2026-08-02T00:00:00Z,6367,3094,Zemberek master-dictionary + FrequencyWords tr_50k
515e8d62-8ba7-5af5-bc4d-fc399bb6d2e9,MADEM,5,true,true,2026-08-02T00:00:00Z,12716,1569,Zemberek master-dictionary + FrequencyWords tr_50k
7a8fe56c-2459-5351-8e40-88178e4fb69e,MADEN,5,true,true,2026-08-02T00:00:00Z,2344,7556,Zemberek master-dictionary + FrequencyWords tr_50k
e6e5021b-3060-50fe-91d0-e2dc99900059,MADER,5,true,false,2026-08-02T00:00:00Z,,,Zemberek master-dictionary + FrequencyWords tr_50k
2422e701-2c1c-5524-8572-b262a060afc8,MADUN,5,true,false,2026-08-02T00:00:00Z,,,Zemberek master-dictionary + FrequencyWords tr_50k
1ba67d1c-183c-5a6f-8840-a7a2c3c1cadf,MADİK,5,true,false,2026-08-02T00:00:00Z,,,Zemberek master-dictionary + FrequencyWords tr_50k
9814d1b3-80df-55dc-8ced-80eb0eb2e736,MAFYA,5,true,true,2026-08-02T00:00:00Z,2257,7797,Zemberek master-dictionary + FrequencyWords tr_50k
39cdd044-2ffa-513d-8e0b-a9b16a190eff,MAFİŞ,5,true,false,2026-08-02T00:00:00Z,,,Zemberek master-dictionary + FrequencyWords tr_50k
b356cd39-21cb-5e33-8974-3cde2ee7b5d3,MAGMA,5,true,false,2026-08-02T00:00:00Z,,,Zemberek master-dictionary + FrequencyWords tr_50k
f91d4546-05e3-548e-bb72-ff9524c1f562,MAGRİ,5,true,false,2026-08-02T00:00:00Z,,,Zemberek master-dictionary + FrequencyWords tr_50k
ceaa531e-63f8-5684-9746-f1776d66bd80,MAHAL,5,true,true,2026-08-02T00:00:00Z,614,22650,Zemberek master-dictionary + FrequencyWords tr_50k
f52f4c4c-23b3-58ab-a080-63d71c74bd47,MAHFE,5,true,false,2026-08-02T00:00:00Z,,,Zemberek master-dictionary + FrequencyWords tr_50k
bc8b138b-848f-5eef-8277-d1cbe5aa3b08,MAHFİ,5,true,false,2026-08-02T00:00:00Z,,,Zemberek master-dictionary + FrequencyWords tr_50k
4248397f-97ba-53c6-bc52-fda9c64e6164,MAHIV,5,true,false,2026-08-02T00:00:00Z,,,Zemberek master-dictionary + FrequencyWords tr_50k
998e89d0-1de4-5932-822b-b5741867c198,MAHNA,5,true,false,2026-08-02T00:00:00Z,,,Zemberek master-dictionary + FrequencyWords tr_50k
a5045fff-3af8-55b2-bdee-40d44d5da9fd,MAHRA,5,true,false,2026-08-02T00:00:00Z,,,Zemberek master-dictionary + FrequencyWords tr_50k
ea5a58ca-89f4-5874-9c85-572ffa5b9ac7,MAHUR,5,true,false,2026-08-02T00:00:00Z,,,Zemberek master-dictionary + FrequencyWords tr_50k
54cd7236-92f4-5b54-9291-022056012f10,MAHUT,5,true,false,2026-08-02T00:00:00Z,,,Zemberek master-dictionary + FrequencyWords tr_50k
1f623f17-9292-5869-b299-bc44130e8b1b,MAHYA,5,true,false,2026-08-02T00:00:00Z,,,Zemberek master-dictionary + FrequencyWords tr_50k
246b01bc-ee0a-5d59-8d1b-a8849bdba142,MAHİR,5,true,false,2026-08-02T00:00:00Z,,,Zemberek master-dictionary + FrequencyWords tr_50k
48be50c4-67f7-51ab-9246-b240def571fa,MAJÖR,5,true,false,2026-08-02T00:00:00Z,,,Zemberek master-dictionary + FrequencyWords tr_50k
595659e9-2249-5d1d-90cd-2a5e37cd22bd,MAKAK,5,true,false,2026-08-02T00:00:00Z,,,Zemberek master-dictionary + FrequencyWords tr_50k
8e78a778-0ec0-5132-af03-e3db2e7b2c48,MAKAM,5,true,false,2026-08-02T00:00:00Z,250,44280,Zemberek master-dictionary + FrequencyWords tr_50k
71ec92f7-f920-5cc2-87b9-662f9504164d,MAKAS,5,true,true,2026-08-02T00:00:00Z,1425,11481,Zemberek master-dictionary + FrequencyWords tr_50k
937ff601-d621-5bba-aa7c-77fc2b527052,MAKAT,5,true,false,2026-08-02T00:00:00Z,,,Zemberek master-dictionary + FrequencyWords tr_50k
7638bd3d-5f4d-5f12-8b30-722545d76cb7,MAKET,5,true,true,2026-08-02T00:00:00Z,392,31843,Zemberek master-dictionary + FrequencyWords tr_50k
60603d2e-de6b-51e0-afa1-b9cb09547e97,MAKRO,5,true,false,2026-08-02T00:00:00Z,,,Zemberek master-dictionary + FrequencyWords tr_50k
5757ae60-ed97-5473-b37d-b1d81b29c268,MAKSİ,5,true,false,2026-08-02T00:00:00Z,,,Zemberek master-dictionary + FrequencyWords tr_50k
9bf5ca1c-a15d-52bf-bd39-f3ffeb9c514c,MAKTA,5,true,false,2026-08-02T00:00:00Z,,,Zemberek master-dictionary + FrequencyWords tr_50k
4b91ee4a-2039-56ae-b276-351df736c653,MAKTU,5,true,false,2026-08-02T00:00:00Z,,,Zemberek master-dictionary + FrequencyWords tr_50k
eaf32d33-90bf-5e9a-b71f-9e152764302f,MAKUL,5,true,true,2026-08-02T00:00:00Z,3582,5151,Zemberek master-dictionary + FrequencyWords tr_50k
0b00bc0a-b6f3-5f77-a70e-f26180c058a8,MALAK,5,true,false,2026-08-02T00:00:00Z,,,Zemberek master-dictionary + FrequencyWords tr_50k
d09c71f4-a6d3-5369-a822-b470c335dab6,MALAZ,5,true,false,2026-08-02T00:00:00Z,,,Zemberek master-dictionary + FrequencyWords tr_50k
b2e0329e-ee9b-5716-9f69-c497a954fccb,MALCA,5,true,false,2026-08-02T00:00:00Z,,,Zemberek master-dictionary + FrequencyWords tr_50k
27743c1e-9100-5f3a-a765-3d0d95ef064a,MALEN,5,true,false,2026-08-02T00:00:00Z,,,Zemberek master-dictionary + FrequencyWords tr_50k
30ece17c-ece0-5911-a583-f703977fec0e,MALUL,5,true,false,2026-08-02T00:00:00Z,,,Zemberek master-dictionary + FrequencyWords tr_50k
66729795-0ff7-5881-b3bf-02778a933430,MALUM,5,true,true,2026-08-02T00:00:00Z,2032,8505,Zemberek master-dictionary + FrequencyWords tr_50k
7327c18c-a514-5dc9-b8b4-d47171f5f908,MALYA,5,true,false,2026-08-02T00:00:00Z,,,Zemberek master-dictionary + FrequencyWords tr_50k
7a6a63f4-1d86-5d98-910b-39b1976c45db,MALİK,5,true,true,2026-08-02T00:00:00Z,1289,12495,Zemberek master-dictionary + FrequencyWords tr_50k
6939ccd4-4805-5cce-9400-cd2fbb6e04f3,MAMBO,5,true,false,2026-08-02T00:00:00Z,245,44993,Zemberek master-dictionary + FrequencyWords tr_50k
6bd51fc5-46bc-5109-8bff-7a2b187c0c46,MAMUL,5,true,false,2026-08-02T00:00:00Z,,,Zemberek master-dictionary + FrequencyWords tr_50k
be41c321-71d4-5909-9168-4b40862acca8,MAMUR,5,true,false,2026-08-02T00:00:00Z,,,Zemberek master-dictionary + FrequencyWords tr_50k
c64fc55c-ca99-533b-86e0-cc932261705d,MAMUT,5,true,false,2026-08-02T00:00:00Z,240,45566,Zemberek master-dictionary + FrequencyWords tr_50k
fcf3e0a4-7c32-5e2d-9a28-f969c93478f0,MANAS,5,true,false,2026-08-02T00:00:00Z,,,Zemberek master-dictionary + FrequencyWords tr_50k
3f5345b1-e13c-584f-b186-f080f9390ac7,MANAT,5,true,false,2026-08-02T00:00:00Z,,,Zemberek master-dictionary + FrequencyWords tr_50k
86a94e92-9e07-55de-ab6f-3b11ff9f2a1a,MANAV,5,true,true,2026-08-02T00:00:00Z,332,36031,Zemberek master-dictionary + FrequencyWords tr_50k
b40582e1-68c1-563b-9859-5a1fcded9efb,MANCA,5,true,false,2026-08-02T00:00:00Z,,,Zemberek master-dictionary + FrequencyWords tr_50k
b56d653e-409b-57ae-8ffa-8047532eb86f,MANDA,5,true,false,2026-08-02T00:00:00Z,,,Zemberek master-dictionary + FrequencyWords tr_50k
839c2dde-5ef9-5c81-8bc7-2e379d076e49,MANEJ,5,true,false,2026-08-02T00:00:00Z,,,Zemberek master-dictionary + FrequencyWords tr_50k
4b9fa7be-c491-5c2c-b7b4-834c051299b0,MANEN,5,true,false,2026-08-02T00:00:00Z,,,Zemberek master-dictionary + FrequencyWords tr_50k
b16cb592-e108-5347-a5f3-de023f622a70,MANGA,5,true,true,2026-08-02T00:00:00Z,734,19709,Zemberek master-dictionary + FrequencyWords tr_50k
ea5d0e40-af59-5301-b9f7-8a20d6392162,MANGO,5,true,true,2026-08-02T00:00:00Z,503,26357,Zemberek master-dictionary + FrequencyWords tr_50k
8113fe83-795d-548e-bf85-3c4bfe7fe642,MANTI,5,true,false,2026-08-02T00:00:00Z,,,Zemberek master-dictionary + FrequencyWords tr_50k
f321b54c-84ed-539b-b7a0-0e09fd78f3a7,MANTO,5,true,false,2026-08-02T00:00:00Z,,,Zemberek master-dictionary + FrequencyWords tr_50k
fad14d69-ed0f-551e-974a-fe8d122ec752,MANTİ,5,true,false,2026-08-02T00:00:00Z,,,Zemberek master-dictionary + FrequencyWords tr_50k
39bd1321-5822-5c40-8a25-d8af2c802e42,MANYA,5,true,false,2026-08-02T00:00:00Z,,,Zemberek master-dictionary + FrequencyWords tr_50k
4a111b19-caf7-5257-a8d1-4a40c3d587bf,MAPUS,5,true,false,2026-08-02T00:00:00Z,,,Zemberek master-dictionary + FrequencyWords tr_50k
d550f8a6-7305-59e8-8d63-20c030845201,MARAL,5,true,false,2026-08-02T00:00:00Z,,,Zemberek master-dictionary + FrequencyWords tr_50k
80fc07b1-2057-5de9-8b77-070e1d248206,MARAZ,5,true,false,2026-08-02T00:00:00Z,,,Zemberek master-dictionary + FrequencyWords tr_50k
dd1539e1-8c31-5fef-b65a-891bf1181c98,MARDA,5,true,false,2026-08-02T00:00:00Z,,,Zemberek master-dictionary + FrequencyWords tr_50k
663c65a7-ca6b-565b-ad94-1200604ff932,MARKA,5,true,true,2026-08-02T00:00:00Z,2573,6957,Zemberek master-dictionary + FrequencyWords tr_50k
9b0e8007-9431-5ae4-af0b-74f7237165ed,MARKE,5,true,false,2026-08-02T00:00:00Z,,,Zemberek master-dictionary + FrequencyWords tr_50k
1ae512c0-ef24-5084-802c-648a7475dbe0,MARKİ,5,true,false,2026-08-02T00:00:00Z,267,42273,Zemberek master-dictionary + FrequencyWords tr_50k
83130431-db7b-5e70-b853-84ebf4825de7,MARON,5,true,false,2026-08-02T00:00:00Z,,,Zemberek master-dictionary + FrequencyWords tr_50k
b66ddb9a-e4e4-552a-838d-53fc41896f82,MARTI,5,true,true,2026-08-02T00:00:00Z,417,30413,Zemberek master-dictionary + FrequencyWords tr_50k
cf580204-ccd0-5576-a728-07a2c65fc6a1,MARUF,5,true,false,2026-08-02T00:00:00Z,,,Zemberek master-dictionary + FrequencyWords tr_50k
fba6811e-de7a-538a-92ac-0713a8357d84,MARUL,5,true,true,2026-08-02T00:00:00Z,405,31108,Zemberek master-dictionary + FrequencyWords tr_50k
c596340b-4149-59b1-9579-b53d6cb7bf9a,MARUZ,5,true,true,2026-08-02T00:00:00Z,4400,4320,Zemberek master-dictionary + FrequencyWords tr_50k
03f3c349-ce00-5c5a-833d-323f000b4753,MARYA,5,true,false,2026-08-02T00:00:00Z,,,Zemberek master-dictionary + FrequencyWords tr_50k
340f85d9-70a8-5691-a219-4da18a9c5253,MARİZ,5,true,false,2026-08-02T00:00:00Z,,,Zemberek master-dictionary + FrequencyWords tr_50k
a7886bd6-97b4-51f9-9180-37320cadc005,MASAJ,5,true,true,2026-08-02T00:00:00Z,3019,6038,Zemberek master-dictionary + FrequencyWords tr_50k
b3f65940-b044-5430-9c5a-5c7fb98f6e7f,MASAL,5,true,true,2026-08-02T00:00:00Z,1703,9936,Zemberek master-dictionary + FrequencyWords tr_50k
3e5312aa-0bb9-5401-ba50-bc6cba44a1a1,MASAT,5,true,false,2026-08-02T00:00:00Z,,,Zemberek master-dictionary + FrequencyWords tr_50k
3cfa5cfe-c651-5038-91bf-3032fe789bcc,MASKE,5,true,true,2026-08-02T00:00:00Z,2432,7315,Zemberek master-dictionary + FrequencyWords tr_50k
b0a08b8b-a937-502d-8fba-e60858b6217e,MASNU,5,true,false,2026-08-02T00:00:00Z,,,Zemberek master-dictionary + FrequencyWords tr_50k
d1c3d2c9-11e4-58f3-93fc-7d20d7f3900b,MASON,5,true,true,2026-08-02T00:00:00Z,3904,4783,Zemberek master-dictionary + FrequencyWords tr_50k
b7dae54c-0be6-51a1-95e7-d9caa7508b99,MASTI,5,true,false,2026-08-02T00:00:00Z,,,Zemberek master-dictionary + FrequencyWords tr_50k
f9c0e26d-c088-5582-bc50-9466f21ca659,MASUM,5,true,true,2026-08-02T00:00:00Z,12983,1531,Zemberek master-dictionary + FrequencyWords tr_50k
4e52c9fe-170b-5a21-ad3c-0280eb80ea8f,MASUN,5,true,false,2026-08-02T00:00:00Z,,,Zemberek master-dictionary + FrequencyWords tr_50k
ef80324f-48b1-53de-82be-21d78920423f,MASÖR,5,true,true,2026-08-02T00:00:00Z,306,38120,Zemberek master-dictionary + FrequencyWords tr_50k
f4a5b1f9-0cf4-584d-96f4-c0dfb1c02c5d,MASÖZ,5,true,false,2026-08-02T00:00:00Z,,,Zemberek master-dictionary + FrequencyWords tr_50k
35fd66e4-baf9-5444-93bb-9699f38342cc,MASİF,5,true,false,2026-08-02T00:00:00Z,,,Zemberek master-dictionary + FrequencyWords tr_50k
47e277f9-6a15-534f-b2ac-0fd257069761,MATAH,5,true,false,2026-08-02T00:00:00Z,,,Zemberek master-dictionary + FrequencyWords tr_50k
381d922a-c1b5-5a77-a1a8-0affc06ca201,MATBU,5,true,false,2026-08-02T00:00:00Z,,,Zemberek master-dictionary + FrequencyWords tr_50k
91cda162-a89a-585c-99df-c324ed8e0053,MATEM,5,true,false,2026-08-02T00:00:00Z,225,47817,Zemberek master-dictionary + FrequencyWords tr_50k
2193f713-70f7-5403-b9be-761c1a724970,MATLA,5,true,false,2026-08-02T00:00:00Z,,,Zemberek master-dictionary + FrequencyWords tr_50k
7e4b4040-cb57-5332-98db-2bffd912b722,MATUF,5,true,false,2026-08-02T00:00:00Z,,,Zemberek master-dictionary + FrequencyWords tr_50k
2f6444f6-0ed8-5bfa-9d30-3a8aac34ebb6,MATUH,5,true,false,2026-08-02T00:00:00Z,,,Zemberek master-dictionary + FrequencyWords tr_50k
9ff2f042-69e0-5883-89de-addbff32ef1b,MATİZ,5,true,false,2026-08-02T00:00:00Z,,,Zemberek master-dictionary + FrequencyWords tr_50k
c414e26b-6254-5728-a28b-be8988969caa,MAVAL,5,true,false,2026-08-02T00:00:00Z,,,Zemberek master-dictionary + FrequencyWords tr_50k
5a2aa364-4ef4-5e2e-a2be-e32b716b1ca7,MAVNA,5,true,false,2026-08-02T00:00:00Z,,,Zemberek master-dictionary + FrequencyWords tr_50k
358d8c01-2cca-5f20-acd2-f90d5e17a8b8,MAVRA,5,true,false,2026-08-02T00:00:00Z,,,Zemberek master-dictionary + FrequencyWords tr_50k
06a477a9-a48c-52f5-bc9c-4c67c635ee2e,MAVİŞ,5,true,false,2026-08-02T00:00:00Z,,,Zemberek master-dictionary + FrequencyWords tr_50k
aa8d3c8a-823b-54dd-b38a-172e10c836c1,MAYIN,5,true,true,2026-08-02T00:00:00Z,1058,14666,Zemberek master-dictionary + FrequencyWords tr_50k
10d23e97-e5df-5c7f-a87c-3839cb0256cd,MAYIS,5,true,true,2026-08-02T00:00:00Z,3031,6018,Zemberek master-dictionary + FrequencyWords tr_50k
a81b5fe7-73ed-5f21-b507-7c614030888e,MAYNA,5,true,false,2026-08-02T00:00:00Z,,,Zemberek master-dictionary + FrequencyWords tr_50k
3c45b2c6-21b7-558a-af0e-be7ec2a7f1d3,MAZAK,5,true,false,2026-08-02T00:00:00Z,,,Zemberek master-dictionary + FrequencyWords tr_50k
3f5b6a3d-9ad5-555d-8c2a-6df95cc485f2,MAZOT,5,true,false,2026-08-02T00:00:00Z,,,Zemberek master-dictionary + FrequencyWords tr_50k
591201e3-2e93-527e-a0eb-1837d8535509,MAZUR,5,true,true,2026-08-02T00:00:00Z,1251,12823,Zemberek master-dictionary + FrequencyWords tr_50k
ac1b31ac-54c7-5138-9650-3514f2a97c16,MAİLE,5,true,false,2026-08-02T00:00:00Z,,,Zemberek master-dictionary + FrequencyWords tr_50k
1a77d6c1-8e19-5f31-b139-1a166c403679,MAŞER,5,true,false,2026-08-02T00:00:00Z,,,Zemberek master-dictionary + FrequencyWords tr_50k
08ef2cbf-af31-5cd6-b4c9-caf836abb2ad,MAŞUK,5,true,false,2026-08-02T00:00:00Z,,,Zemberek master-dictionary + FrequencyWords tr_50k
babbc6bd-5d8a-59c0-9c7d-7657bc69ce2e,MEBDE,5,true,false,2026-08-02T00:00:00Z,,,Zemberek master-dictionary + FrequencyWords tr_50k
080d2caa-5f13-5d0b-9fff-041888d8a516,MEBNİ,5,true,false,2026-08-02T00:00:00Z,,,Zemberek master-dictionary + FrequencyWords tr_50k
50e2e23c-6595-5e39-b15a-aebe296b3514,MEBUS,5,true,false,2026-08-02T00:00:00Z,,,Zemberek master-dictionary + FrequencyWords tr_50k
0326fe1d-2cd1-587b-871b-5faddb2290b7,MEBİZ,5,true,false,2026-08-02T00:00:00Z,,,Zemberek master-dictionary + FrequencyWords tr_50k
5f953579-7c54-5c98-91d5-0b3a862fc8dd,MECAL,5,true,false,2026-08-02T00:00:00Z,,,Zemberek master-dictionary + FrequencyWords tr_50k
cf8e2352-54b9-5488-91f5-b8f0bca5d359,MECAZ,5,true,false,2026-08-02T00:00:00Z,286,40178,Zemberek master-dictionary + FrequencyWords tr_50k
9675e64d-3fe2-5e8b-8a24-e1f86016943a,MECMU,5,true,false,2026-08-02T00:00:00Z,,,Zemberek master-dictionary + FrequencyWords tr_50k
3442ee51-3e22-5ed4-83eb-cddbb05d0a3b,MECRA,5,true,false,2026-08-02T00:00:00Z,,,Zemberek master-dictionary + FrequencyWords tr_50k
673d628b-bc3d-5add-a9a1-c527b3166359,MEDAR,5,true,false,2026-08-02T00:00:00Z,,,Zemberek master-dictionary + FrequencyWords tr_50k
d6a0e49d-af7f-5e6c-ac4b-e426278edaec,MEDET,5,true,false,2026-08-02T00:00:00Z,,,Zemberek master-dictionary + FrequencyWords tr_50k
79ecc9da-3a69-57e8-a4ef-21a17c4f4800,MEDYA,5,true,true,2026-08-02T00:00:00Z,2331,7593,Zemberek master-dictionary + FrequencyWords tr_50k
81c0809e-d112-5809-ab85-0d263f23b756,MEDÜZ,5,true,false,2026-08-02T00:00:00Z,,,Zemberek master-dictionary + FrequencyWords tr_50k
2467a9d9-c686-59fe-bded-d929c9819dfa,MEDİH,5,true,false,2026-08-02T00:00:00Z,,,Zemberek master-dictionary + FrequencyWords tr_50k
3483ca2a-ddf2-5fac-bb1f-da754cf19137,MEFUL,5,true,false,2026-08-02T00:00:00Z,,,Zemberek master-dictionary + FrequencyWords tr_50k
cc6fa8f7-033f-5e15-952d-0143f8cdb74b,MEHAZ,5,true,false,2026-08-02T00:00:00Z,,,Zemberek master-dictionary + FrequencyWords tr_50k
330f8442-9235-53b2-9cab-2fce5df0eaf2,MEHEL,5,true,false,2026-08-02T00:00:00Z,,,Zemberek master-dictionary + FrequencyWords tr_50k
39a5f366-d264-5595-a367-df5b7dab931e,MEHLE,5,true,false,2026-08-02T00:00:00Z,,,Zemberek master-dictionary + FrequencyWords tr_50k
58d1a26d-c151-53c3-bdb1-68abb290d668,MEHİL,5,true,false,2026-08-02T00:00:00Z,,,Zemberek master-dictionary + FrequencyWords tr_50k
3e84db95-77e8-52e3-9434-70e2b6801ede,MEKİK,5,true,true,2026-08-02T00:00:00Z,1357,11996,Zemberek master-dictionary + FrequencyWords tr_50k
27e3879f-9cb0-5295-9ea4-c327a292b05b,MELAL,5,true,false,2026-08-02T00:00:00Z,,,Zemberek master-dictionary + FrequencyWords tr_50k
7f84cdc8-90a1-5881-a90b-273f07f5333d,MELEK,5,true,true,2026-08-02T00:00:00Z,5855,3315,Zemberek master-dictionary + FrequencyWords tr_50k
d6fbd211-43e9-5ed7-9792-9fcc12770d61,MELES,5,true,false,2026-08-02T00:00:00Z,,,Zemberek master-dictionary + FrequencyWords tr_50k
ffec1a72-e339-56d1-932e-440490a67c9c,MELEZ,5,true,true,2026-08-02T00:00:00Z,1046,14820,Zemberek master-dictionary + FrequencyWords tr_50k
23d8a37d-fff5-5e40-b74b-053d4eb9689b,MELEŞ,5,true,false,2026-08-02T00:00:00Z,,,Zemberek master-dictionary + FrequencyWords tr_50k
d803b2b2-3169-52d4-b2d8-1be2975a2962,MELON,5,true,false,2026-08-02T00:00:00Z,215,49330,Zemberek master-dictionary + FrequencyWords tr_50k
72491b9f-8ec1-5c47-9c82-955a01b6bdfa,MELUL,5,true,false,2026-08-02T00:00:00Z,,,Zemberek master-dictionary + FrequencyWords tr_50k
3ad8dce7-e38c-5b56-b53e-97e61d27a5a4,MELUN,5,true,false,2026-08-02T00:00:00Z,,,Zemberek master-dictionary + FrequencyWords tr_50k
d7339518-7dcc-577b-88ba-a2da39117b93,MELÜL,5,true,false,2026-08-02T00:00:00Z,,,Zemberek master-dictionary + FrequencyWords tr_50k
208c1796-7c91-53cd-8e74-4947da13d026,MELİK,5,true,false,2026-08-02T00:00:00Z,,,Zemberek master-dictionary + FrequencyWords tr_50k
3fb2baf0-3ede-5f34-ac3d-1f520121ca46,MEMAT,5,true,false,2026-08-02T00:00:00Z,,,Zemberek master-dictionary + FrequencyWords tr_50k
0b80c58b-cffc-532b-944f-3eb189419152,MEMBA,5,true,false,2026-08-02T00:00:00Z,,,Zemberek master-dictionary + FrequencyWords tr_50k
da973297-1977-52c7-91bb-91f93db026bc,MEMNU,5,true,false,2026-08-02T00:00:00Z,,,Zemberek master-dictionary + FrequencyWords tr_50k
b348a888-d5b2-52dd-bf6a-729a2c4307f9,MEMUL,5,true,false,2026-08-02T00:00:00Z,,,Zemberek master-dictionary + FrequencyWords tr_50k
08ea5124-4159-56de-924c-903576b81d43,MEMUR,5,true,true,2026-08-02T00:00:00Z,12871,1549,Zemberek master-dictionary + FrequencyWords tr_50k
8f67f0c4-c1d6-599d-9b5e-514f4c71e8b8,MENFA,5,true,false,2026-08-02T00:00:00Z,,,Zemberek master-dictionary + FrequencyWords tr_50k
2fa0d703-1877-5c30-a3c9-28f05483f818,MENFİ,5,true,false,2026-08-02T00:00:00Z,,,Zemberek master-dictionary + FrequencyWords tr_50k
aa534b1a-300c-5d60-9265-65643a7f5298,MENUS,5,true,false,2026-08-02T00:00:00Z,,,Zemberek master-dictionary + FrequencyWords tr_50k
5b750ae5-1aad-55b3-835a-2e9ac1282b9d,MENŞE,5,true,false,2026-08-02T00:00:00Z,,,Zemberek master-dictionary + FrequencyWords tr_50k
a4c363e6-2f3d-553a-9db2-93e8f70a87aa,MERAK,5,true,true,2026-08-02T00:00:00Z,67649,322,Zemberek master-dictionary + FrequencyWords tr_50k
d4dbf6de-5e07-5575-8844-27664f9aa12c,MERAL,5,true,false,2026-08-02T00:00:00Z,,,Zemberek master-dictionary + FrequencyWords tr_50k
23440632-23a3-52f1-afa2-a9597e8b085c,MERAM,5,true,false,2026-08-02T00:00:00Z,,,Zemberek master-dictionary + FrequencyWords tr_50k
c0e1de37-1ef5-53bb-b231-70cebe7db052,MERCİ,5,true,false,2026-08-02T00:00:00Z,235,46344,Zemberek master-dictionary + FrequencyWords tr_50k
2e4d50f2-4789-5dcd-ac79-4135bcccaf92,MEREK,5,true,false,2026-08-02T00:00:00Z,,,Zemberek master-dictionary + FrequencyWords tr_50k
515721d3-8e80-505b-8bb7-858f5c8496f8,MERES,5,true,false,2026-08-02T00:00:00Z,,,Zemberek master-dictionary + FrequencyWords tr_50k
4e11959f-a6f9-52ec-9a73-c18403df6549,MERET,5,true,false,2026-08-02T00:00:00Z,,,Zemberek master-dictionary + FrequencyWords tr_50k
82234a25-7dda-5a55-bd2d-9c10d68c8c04,MERMİ,5,true,true,2026-08-02T00:00:00Z,5391,3587,Zemberek master-dictionary + FrequencyWords tr_50k
900f4b7f-3ac0-5273-bad8-1959e8016229,MESAJ,5,true,true,2026-08-02T00:00:00Z,25788,805,Zemberek master-dictionary + FrequencyWords tr_50k
fe94fe7e-3836-59ea-aa25-df7e86f3eac3,MESAİ,5,true,true,2026-08-02T00:00:00Z,2361,7514,Zemberek master-dictionary + FrequencyWords tr_50k
c0dee01a-0e73-56fb-90df-93bb3c9efcb9,MESEL,5,true,false,2026-08-02T00:00:00Z,,,Zemberek master-dictionary + FrequencyWords tr_50k
615c0065-27fd-5688-9080-d335ba617463,MESEN,5,true,false,2026-08-02T00:00:00Z,,,Zemberek master-dictionary + FrequencyWords tr_50k
e1075679-0379-500d-a8a8-e19a361e5be7,MESES,5,true,false,2026-08-02T00:00:00Z,,,Zemberek master-dictionary + FrequencyWords tr_50k
508651ec-f50d-5cc8-844a-cf10cd3f4582,MESMU,5,true,false,2026-08-02T00:00:00Z,,,Zemberek master-dictionary + FrequencyWords tr_50k
80c39817-a3fc-5640-96dd-8d0fe0faa002,MESUL,5,true,false,2026-08-02T00:00:00Z,,,Zemberek master-dictionary + FrequencyWords tr_50k
aa853d65-2b58-5433-9116-982b182301d2,MESUT,5,true,true,2026-08-02T00:00:00Z,621,22439,Zemberek master-dictionary + FrequencyWords tr_50k
e32dc408-aa93-59fe-866d-de79df1abf4c,METAL,5,true,true,2026-08-02T00:00:00Z,5457,3550,Zemberek master-dictionary + FrequencyWords tr_50k
19f1665a-b160-5be6-9698-d2aa36e0fc1d,METAN,5,true,true,2026-08-02T00:00:00Z,570,23949,Zemberek master-dictionary + FrequencyWords tr_50k
20872262-472f-54eb-a118-86ffe271abaa,METBU,5,true,false,2026-08-02T00:00:00Z,,,Zemberek master-dictionary + FrequencyWords tr_50k
87e3aa52-09fd-568a-b544-e83eb2ef0e8c,METOT,5,true,false,2026-08-02T00:00:00Z,,,Zemberek master-dictionary + FrequencyWords tr_50k
bef7827d-8e1d-5855-9219-311546026b70,METRE,5,true,true,2026-08-02T00:00:00Z,12643,1579,Zemberek master-dictionary + FrequencyWords tr_50k
57b72d52-eaca-5021-a3e1-d00a2fc69c81,METRO,5,true,true,2026-08-02T00:00:00Z,2452,7269,Zemberek master-dictionary + FrequencyWords tr_50k
632c4df7-e53d-5100-8e55-a52b4897fd29,METİL,5,true,false,2026-08-02T00:00:00Z,,,Zemberek master-dictionary + FrequencyWords tr_50k
6ebbfd6a-0c09-5782-8df0-2ffa22d29149,METİN,5,true,true,2026-08-02T00:00:00Z,1491,11058,Zemberek master-dictionary + FrequencyWords tr_50k
2d211612-a3c0-536a-b095-359df5ee17cb,METİS,5,true,false,2026-08-02T00:00:00Z,,,Zemberek master-dictionary + FrequencyWords tr_50k
5f83454c-da56-5178-8a3d-6279f6e5fc30,MEVDU,5,true,false,2026-08-02T00:00:00Z,,,Zemberek master-dictionary + FrequencyWords tr_50k
9b405725-1625-5b52-833a-5124226b073e,MEVKİ,5,true,true,2026-08-02T00:00:00Z,570,23934,Zemberek master-dictionary + FrequencyWords tr_50k
5db45c85-cf64-5ba7-8a1d-7c44450f78c7,MEVTA,5,true,false,2026-08-02T00:00:00Z,,,Zemberek master-dictionary + FrequencyWords tr_50k
321fa878-ac72-5480-a37f-10e11217c8c8,MEVUT,5,true,false,2026-08-02T00:00:00Z,,,Zemberek master-dictionary + FrequencyWords tr_50k
dd953a29-8866-5884-b600-282a9b6fc2db,MEVZU,5,true,true,2026-08-02T00:00:00Z,1470,11192,Zemberek master-dictionary + FrequencyWords tr_50k
9d938551-d171-510a-b0f1-91c8441c3258,MEVZİ,5,true,false,2026-08-02T00:00:00Z,,,Zemberek master-dictionary + FrequencyWords tr_50k
2515f74e-ab2e-5bd0-832c-5039ff8d3a26,MEYAL,5,true,true,2026-08-02T00:00:00Z,347,34875,Zemberek master-dictionary + FrequencyWords tr_50k
bdcaa3c3-3903-5c47-b67b-a97a6bf9fcb8,MEYAN,5,true,false,2026-08-02T00:00:00Z,,,Zemberek master-dictionary + FrequencyWords tr_50k
6193d612-6160-545f-9664-9475e6022298,MEYUS,5,true,false,2026-08-02T00:00:00Z,,,Zemberek master-dictionary + FrequencyWords tr_50k
30778ce6-506f-5100-9f1f-e4c0e68ad33c,MEYVE,5,true,true,2026-08-02T00:00:00Z,6281,3129,Zemberek master-dictionary + FrequencyWords tr_50k
a755b464-5d13-55d8-b20e-aa8d6eeedfe4,MEYİL,5,true,false,2026-08-02T00:00:00Z,,,Zemberek master-dictionary + FrequencyWords tr_50k
09f5f532-fc01-57f7-806f-9eaef46eb60e,MEZAR,5,true,true,2026-08-02T00:00:00Z,3384,5444,Zemberek master-dictionary + FrequencyWords tr_50k
53642dfe-c563-54f0-8d64-8aa19b8a97ad,MEZAT,5,true,false,2026-08-02T00:00:00Z,,,Zemberek master-dictionary + FrequencyWords tr_50k
8be24f24-b6b1-5f45-805e-faad6ea9972c,MEZON,5,true,false,2026-08-02T00:00:00Z,,,Zemberek master-dictionary + FrequencyWords tr_50k
52086ae1-071f-5ffc-a36d-49484de3fef5,MEZRA,5,true,false,2026-08-02T00:00:00Z,,,Zemberek master-dictionary + FrequencyWords tr_50k
3848105f-2a0a-5708-9bf7-ae58cdc4cb96,MEZRU,5,true,false,2026-08-02T00:00:00Z,,,Zemberek master-dictionary + FrequencyWords tr_50k
0125d1d8-5368-5ca4-b8e9-4e15eb904549,MEZUN,5,true,true,2026-08-02T00:00:00Z,5405,3581,Zemberek master-dictionary + FrequencyWords tr_50k
63238ced-7b51-5dd5-b25b-38485a87b1a4,MEZZO,5,true,false,2026-08-02T00:00:00Z,,,Zemberek master-dictionary + FrequencyWords tr_50k
4a496c72-43ac-5c18-9695-32887ae2070a,MEZÜR,5,true,false,2026-08-02T00:00:00Z,,,Zemberek master-dictionary + FrequencyWords tr_50k
449650d4-dda3-57cb-b907-147cc1124bf6,MEĞER,5,true,true,2026-08-02T00:00:00Z,1530,10845,Zemberek master-dictionary + FrequencyWords tr_50k
5cc4e8f1-fb5c-56f0-81fa-4afcd07579a3,MEŞBU,5,true,false,2026-08-02T00:00:00Z,,,Zemberek master-dictionary + FrequencyWords tr_50k
1238964d-b9b1-56ec-9016-0ceb8853db91,MEŞRU,5,true,true,2026-08-02T00:00:00Z,1404,11629,Zemberek master-dictionary + FrequencyWords tr_50k
5d980098-f846-58ff-a313-71d37cce4066,MEŞUM,5,true,false,2026-08-02T00:00:00Z,,,Zemberek master-dictionary + FrequencyWords tr_50k
40a5c891-ab96-5214-8e06-b9ed417af81b,MEŞİN,5,true,false,2026-08-02T00:00:00Z,,,Zemberek master-dictionary + FrequencyWords tr_50k
9d7e6cd6-2f6e-580b-9a68-a37629ebc8f3,MICIR,5,true,false,2026-08-02T00:00:00Z,,,Zemberek master-dictionary + FrequencyWords tr_50k
bd8b4084-25ab-523c-a9fa-e9e62604a146,MIGRİ,5,true,false,2026-08-02T00:00:00Z,,,Zemberek master-dictionary + FrequencyWords tr_50k
750b739d-c837-50f4-8a42-03029279ea77,MIRIL,5,true,false,2026-08-02T00:00:00Z,,,Zemberek master-dictionary + FrequencyWords tr_50k
25e14313-8a78-531c-8e37-28cf6ef7628e,MIRIN,5,true,false,2026-08-02T00:00:00Z,,,Zemberek master-dictionary + FrequencyWords tr_50k
f633a3d3-d9c9-5822-b647-634b2f622cd8,MIRRA,5,true,false,2026-08-02T00:00:00Z,,,Zemberek master-dictionary + FrequencyWords tr_50k
ede09178-decd-5499-a9c4-5e5eab7a6ac1,MISIR,5,true,true,2026-08-02T00:00:00Z,8065,2435,Zemberek master-dictionary + FrequencyWords tr_50k
eab32a9b-4bd0-5324-bcc6-cd3fd4cb2d87,MISRA,5,true,false,2026-08-02T00:00:00Z,,,Zemberek master-dictionary + FrequencyWords tr_50k
a2663a23-3e0a-5106-a820-e3cef423cf48,MIŞIL,5,true,true,2026-08-02T00:00:00Z,419,30346,Zemberek master-dictionary + FrequencyWords tr_50k
cc6427d8-9177-5fc6-b13d-43107dd4fda1,MOBİL,5,true,true,2026-08-02T00:00:00Z,550,24617,Zemberek master-dictionary + FrequencyWords tr_50k
fcec2658-6451-5a1f-9b84-0506af635c01,MODEL,5,true,true,2026-08-02T00:00:00Z,5709,3400,Zemberek master-dictionary + FrequencyWords tr_50k
58ae16bb-a664-5800-88d2-d2805323904e,MODEM,5,true,false,2026-08-02T00:00:00Z,,,Zemberek master-dictionary + FrequencyWords tr_50k
f481ba15-fdc6-54c2-9184-414e6fd37e85,MODÜL,5,true,false,2026-08-02T00:00:00Z,,,Zemberek master-dictionary + FrequencyWords tr_50k
79a5d203-aa94-5a2e-a6bd-04939a6a2450,MOHER,5,true,false,2026-08-02T00:00:00Z,,,Zemberek master-dictionary + FrequencyWords tr_50k
4987225d-5791-55e8-a720-288d2b719164,MOLAS,5,true,false,2026-08-02T00:00:00Z,,,Zemberek master-dictionary + FrequencyWords tr_50k
3345db2a-5ddd-5ddf-ad94-078a390fc982,MOLLA,5,true,false,2026-08-02T00:00:00Z,,,Zemberek master-dictionary + FrequencyWords tr_50k
df9cab25-8410-52e4-a868-c959e816c707,MOLOZ,5,true,false,2026-08-02T00:00:00Z,,,Zemberek master-dictionary + FrequencyWords tr_50k
5c352572-6336-5f46-bb37-99126278a846,MONAT,5,true,false,2026-08-02T00:00:00Z,,,Zemberek master-dictionary + FrequencyWords tr_50k
b86a92ce-1288-565b-a03b-dea9a753a80a,MONTE,5,true,true,2026-08-02T00:00:00Z,1413,11567,Zemberek master-dictionary + FrequencyWords tr_50k
0f9f5b14-6e43-5248-b584-148760810025,MOPET,5,true,false,2026-08-02T00:00:00Z,,,Zemberek master-dictionary + FrequencyWords tr_50k
edabc55b-cef7-5bb5-8bf8-8c3ea0d8df48,MORAL,5,true,true,2026-08-02T00:00:00Z,1749,9689,Zemberek master-dictionary + FrequencyWords tr_50k
04d0101d-798e-5bfe-ade2-422a72373a63,MOREN,5,true,false,2026-08-02T00:00:00Z,,,Zemberek master-dictionary + FrequencyWords tr_50k
42f0bc4c-a1cc-570d-a7bc-22c97cd5b514,MORTO,5,true,false,2026-08-02T00:00:00Z,,,Zemberek master-dictionary + FrequencyWords tr_50k
c3427816-1a92-5989-976b-7e7978acee06,MORUK,5,true,true,2026-08-02T00:00:00Z,1733,9785,Zemberek master-dictionary + FrequencyWords tr_50k
90b45a42-18f1-52a8-88b9-6b17b2c0ce8e,MOTEL,5,true,true,2026-08-02T00:00:00Z,1369,11882,Zemberek master-dictionary + FrequencyWords tr_50k
f0ba491a-4872-5615-a649-6020726a1fb6,MOTOR,5,true,true,2026-08-02T00:00:00Z,6092,3215,Zemberek master-dictionary + FrequencyWords tr_50k
398dac9c-a978-5fbd-9315-022691b8612a,MOTİF,5,true,false,2026-08-02T00:00:00Z,,,Zemberek master-dictionary + FrequencyWords tr_50k
020f4266-83ad-5a8d-99b8-241bef2db68d,MOUSE,5,true,true,2026-08-02T00:00:00Z,446,28869,Zemberek master-dictionary + FrequencyWords tr_50k
390a5df9-c33a-52ee-9a98-4c148942b8bf,MOZAK,5,true,false,2026-08-02T00:00:00Z,,,Zemberek master-dictionary + FrequencyWords tr_50k
1b781db5-22eb-5323-a557-385392ab2d65,MUARE,5,true,false,2026-08-02T00:00:00Z,,,Zemberek master-dictionary + FrequencyWords tr_50k
e4f262b9-ccaf-561d-8be2-ebdee58fc071,MUBAH,5,true,false,2026-08-02T00:00:00Z,,,Zemberek master-dictionary + FrequencyWords tr_50k
a624e79b-ff3b-5334-8c7c-41dc845dd73f,MUCUK,5,true,false,2026-08-02T00:00:00Z,,,Zemberek master-dictionary + FrequencyWords tr_50k
2d4251dd-3752-5b07-b8e8-ade42f073bed,MUCUR,5,true,false,2026-08-02T00:00:00Z,,,Zemberek master-dictionary + FrequencyWords tr_50k
abb0cf23-dc30-5e34-b0ea-93ab56b601be,MUCİP,5,true,false,2026-08-02T00:00:00Z,,,Zemberek master-dictionary + FrequencyWords tr_50k
d16adcae-c85a-5aca-ae8d-c8b6728b1e1e,MUCİR,5,true,false,2026-08-02T00:00:00Z,,,Zemberek master-dictionary + FrequencyWords tr_50k
8e81d40b-4305-51de-b03b-62f5c5133e7b,MUCİT,5,true,false,2026-08-02T00:00:00Z,229,47255,Zemberek master-dictionary + FrequencyWords tr_50k
d45b49d4-08f8-5bde-8979-6dfd212b9f92,MUDİL,5,true,false,2026-08-02T00:00:00Z,,,Zemberek master-dictionary + FrequencyWords tr_50k
a7543d8a-4e3c-586c-a5ef-c068e7c0e2cf,MUFLA,5,true,false,2026-08-02T00:00:00Z,,,Zemberek master-dictionary + FrequencyWords tr_50k
f574d381-ecb8-5eb2-9675-8072e0700dfe,MUHAL,5,true,false,2026-08-02T00:00:00Z,,,Zemberek master-dictionary + FrequencyWords tr_50k
e1174f68-69d3-5c48-a66e-7dd110390314,MUHAT,5,true,false,2026-08-02T00:00:00Z,,,Zemberek master-dictionary + FrequencyWords tr_50k
a4817f78-037f-57f7-8cb0-e244ae334cf7,MUHİK,5,true,false,2026-08-02T00:00:00Z,,,Zemberek master-dictionary + FrequencyWords tr_50k
e7f29bb5-7842-5532-bdd9-d3e629a72654,MUHİL,5,true,false,2026-08-02T00:00:00Z,,,Zemberek master-dictionary + FrequencyWords tr_50k
561a0559-e526-5140-bf1a-2524896605d9,MUHİP,5,true,false,2026-08-02T00:00:00Z,,,Zemberek master-dictionary + FrequencyWords tr_50k
5c3c88c4-c203-5d64-b0a6-a2058c4163d9,MUHİT,5,true,false,2026-08-02T00:00:00Z,,,Zemberek master-dictionary + FrequencyWords tr_50k
2078c376-e7bc-564f-a38c-3d06a67b77f4,MUJİK,5,true,false,2026-08-02T00:00:00Z,,,Zemberek master-dictionary + FrequencyWords tr_50k
0152b601-45a6-57ab-9104-c8543ccd0fd1,MUKNİ,5,true,false,2026-08-02T00:00:00Z,,,Zemberek master-dictionary + FrequencyWords tr_50k
4a1fd44f-1f22-5c76-b664-f4ec43698728,MUKUS,5,true,false,2026-08-02T00:00:00Z,,,Zemberek master-dictionary + FrequencyWords tr_50k
6a2d9080-2b6f-5d91-b82a-f55368fb0da0,MUKİM,5,true,false,2026-08-02T00:00:00Z,,,Zemberek master-dictionary + FrequencyWords tr_50k
8dfe756d-9443-541a-a06a-cc97b5d8e86a,MUMYA,5,true,true,2026-08-02T00:00:00Z,571,23899,Zemberek master-dictionary + FrequencyWords tr_50k
335506eb-978e-5211-969c-59800a4a102e,MUNİS,5,true,false,2026-08-02T00:00:00Z,,,Zemberek master-dictionary + FrequencyWords tr_50k
99a45dd1-7141-5c82-bd67-9fb280114d1f,MURAT,5,true,true,2026-08-02T00:00:00Z,681,20888,Zemberek master-dictionary + FrequencyWords tr_50k
648e0617-ed7f-5af7-b740-cb31bb195054,MURİS,5,true,false,2026-08-02T00:00:00Z,,,Zemberek master-dictionary + FrequencyWords tr_50k
d352e891-e80c-5b17-8f2d-be972b5764e6,MUSAP,5,true,false,2026-08-02T00:00:00Z,,,Zemberek master-dictionary + FrequencyWords tr_50k
7984cbe8-21c3-5a74-9d46-e1e641b3d057,MUSIR,5,true,false,2026-08-02T00:00:00Z,,,Zemberek master-dictionary + FrequencyWords tr_50k
e20f6c00-c693-5dce-9756-fa2de78db9e1,MUSKA,5,true,false,2026-08-02T00:00:00Z,,,Zemberek master-dictionary + FrequencyWords tr_50k
35efd30f-0c97-59a8-b3aa-4c642d70fd96,MUSON,5,true,false,2026-08-02T00:00:00Z,264,42642,Zemberek master-dictionary + FrequencyWords tr_50k
76bc6512-da96-5e75-a952-862aad63ccb6,MUTAF,5,true,false,2026-08-02T00:00:00Z,,,Zemberek master-dictionary + FrequencyWords tr_50k
0389f590-9631-5017-9567-ec8f60e73e52,MUTAT,5,true,false,2026-08-02T00:00:00Z,,,Zemberek master-dictionary + FrequencyWords tr_50k
ab20e9ea-6334-51ee-bb1b-d8f0dfdb963b,MUTLU,5,true,true,2026-08-02T00:00:00Z,72836,302,Zemberek master-dictionary + FrequencyWords tr_50k
c0ca754a-eeee-5565-a1bc-b8c0746500c3,MUYLU,5,true,false,2026-08-02T00:00:00Z,,,Zemberek master-dictionary + FrequencyWords tr_50k
effa46dd-3821-574a-85b4-f5da16631d09,MUZIR,5,true,false,2026-08-02T00:00:00Z,,,Zemberek master-dictionary + FrequencyWords tr_50k
47ac207f-a239-5dbe-bc4a-874483e6a2cc,MUZUR,5,true,false,2026-08-02T00:00:00Z,,,Zemberek master-dictionary + FrequencyWords tr_50k
234c023c-4dec-54db-815a-d5eecc29a0ff,MUZİP,5,true,false,2026-08-02T00:00:00Z,,,Zemberek master-dictionary + FrequencyWords tr_50k
dc4712bb-b468-501c-8e00-adccfce77580,MUŞTA,5,true,false,2026-08-02T00:00:00Z,,,Zemberek master-dictionary + FrequencyWords tr_50k
d7b128d8-702b-5fbf-95a7-c7fa4b061c63,MUŞTU,5,true,false,2026-08-02T00:00:00Z,,,Zemberek master-dictionary + FrequencyWords tr_50k
b5d8a61a-1a2b-5937-9742-26715aded8ca,MÖBLE,5,true,false,2026-08-02T00:00:00Z,,,Zemberek master-dictionary + FrequencyWords tr_50k
5a1d4b57-0eac-504e-b2b4-b472b8fbeece,MÖSYÖ,5,true,true,2026-08-02T00:00:00Z,4477,4243,Zemberek master-dictionary + FrequencyWords tr_50k
cb570a6d-fb3c-5518-8b49-2bbd19786fe0,MÜBAH,5,true,false,2026-08-02T00:00:00Z,,,Zemberek master-dictionary + FrequencyWords tr_50k
d2fbca0d-7af0-5405-98b2-4460205e2f8c,MÜDÜR,5,true,true,2026-08-02T00:00:00Z,11994,1650,Zemberek master-dictionary + FrequencyWords tr_50k
adbc9ea2-ce46-57b7-928c-12bede5ecf29,MÜFTÜ,5,true,false,2026-08-02T00:00:00Z,,,Zemberek master-dictionary + FrequencyWords tr_50k
dc12dff7-a592-5feb-9f68-742a1cd825c6,MÜFİT,5,true,false,2026-08-02T00:00:00Z,,,Zemberek master-dictionary + FrequencyWords tr_50k
80a50084-43b4-52db-8a8b-b970542efbd6,MÜHRE,5,true,false,2026-08-02T00:00:00Z,,,Zemberek master-dictionary + FrequencyWords tr_50k
d631f188-e6e1-5df7-af42-6bc1f03de3dd,MÜHÜR,5,true,true,2026-08-02T00:00:00Z,740,19584,Zemberek master-dictionary + FrequencyWords tr_50k
22c077cb-5054-5344-ace2-bac212812c82,MÜHİM,5,true,true,2026-08-02T00:00:00Z,2157,8107,Zemberek master-dictionary + FrequencyWords tr_50k
5e9f0557-580d-57ae-aab7-881fc1792aed,MÜJDE,5,true,false,2026-08-02T00:00:00Z,213,49702,Zemberek master-dictionary + FrequencyWords tr_50k
6d9ee950-1c0a-5516-9c54-54770f0e8b0a,MÜLGA,5,true,false,2026-08-02T00:00:00Z,,,Zemberek master-dictionary + FrequencyWords tr_50k
da9a158a-a1f1-5d89-ac2d-a944e6145dfe,MÜMAS,5,true,false,2026-08-02T00:00:00Z,,,Zemberek master-dictionary + FrequencyWords tr_50k
750458ff-7cf9-5189-b111-5fe2b5e8c84c,MÜMİN,5,true,false,2026-08-02T00:00:00Z,,,Zemberek master-dictionary + FrequencyWords tr_50k
7062a6d9-c531-519e-9798-225d529efe00,MÜNŞİ,5,true,false,2026-08-02T00:00:00Z,,,Zemberek master-dictionary + FrequencyWords tr_50k
d0af881d-ae24-5cc1-aef0-7bc7d62d8832,MÜRAİ,5,true,false,2026-08-02T00:00:00Z,,,Zemberek master-dictionary + FrequencyWords tr_50k
a12c5661-023e-598f-8a4b-0e86e177cee3,MÜRUR,5,true,false,2026-08-02T00:00:00Z,,,Zemberek master-dictionary + FrequencyWords tr_50k
c46fd4f9-e9cf-55c3-8ab0-169a073bcdf4,MÜRİT,5,true,false,2026-08-02T00:00:00Z,,,Zemberek master-dictionary + FrequencyWords tr_50k
7477abed-b90c-5b88-a6cc-20a062d7e943,MÜZİK,5,true,true,2026-08-02T00:00:00Z,21506,944,Zemberek master-dictionary + FrequencyWords tr_50k
59ce1369-cf9a-5c72-80b5-fd44542eec35,MÜZİÇ,5,true,false,2026-08-02T00:00:00Z,,,Zemberek master-dictionary + FrequencyWords tr_50k
e8d53227-263c-50f2-aa90-395a72509710,MÜŞİR,5,true,false,2026-08-02T00:00:00Z,,,Zemberek master-dictionary + FrequencyWords tr_50k
58119604-221a-51e9-90c6-b84ddf1b237e,MİDYE,5,true,true,2026-08-02T00:00:00Z,502,26385,Zemberek master-dictionary + FrequencyWords tr_50k
f5bc55cf-b682-55cf-b0a5-d3a6bba915b9,MİKOZ,5,true,false,2026-08-02T00:00:00Z,,,Zemberek master-dictionary + FrequencyWords tr_50k
2282315f-c40d-5317-8e68-aa8ebbb6f9fe,MİKRO,5,true,true,2026-08-02T00:00:00Z,1053,14716,Zemberek master-dictionary + FrequencyWords tr_50k
eacb8cff-a944-5f89-b5e6-4e70186ed374,MİLEL,5,true,false,2026-08-02T00:00:00Z,,,Zemberek master-dictionary + FrequencyWords tr_50k
e9bfade4-cc9d-5ad5-8e33-fe02dded3cc7,MİLİM,5,true,false,2026-08-02T00:00:00Z,,,Zemberek master-dictionary + FrequencyWords tr_50k
bbfbeb9a-8c0f-5ad5-a56d-77dafcc042e8,MİLİS,5,true,true,2026-08-02T00:00:00Z,359,33992,Zemberek master-dictionary + FrequencyWords tr_50k
f793efbc-9222-500a-bcfc-3e0e1cba13bd,MİMAR,5,true,true,2026-08-02T00:00:00Z,1023,15079,Zemberek master-dictionary + FrequencyWords tr_50k
fad7048c-f038-535c-a17a-3a9b23ddb8fc,MİMİK,5,true,false,2026-08-02T00:00:00Z,,,Zemberek master-dictionary + FrequencyWords tr_50k
5b3cb6a1-48e5-5dcd-8e35-79bfa933f137,MİNÖR,5,true,false,2026-08-02T00:00:00Z,,,Zemberek master-dictionary + FrequencyWords tr_50k
6121964d-a8d4-5554-913a-cb2bd400fdba,MİNİK,5,true,true,2026-08-02T00:00:00Z,6310,3113,Zemberek master-dictionary + FrequencyWords tr_50k
ee12edaa-dfae-5a86-90aa-c68f0260ef2a,MİRAS,5,true,true,2026-08-02T00:00:00Z,2751,6569,Zemberek master-dictionary + FrequencyWords tr_50k
8ccdb71e-992a-5e41-8173-b2e72007fccb,MİRAT,5,true,false,2026-08-02T00:00:00Z,,,Zemberek master-dictionary + FrequencyWords tr_50k
e0d6ce22-f96b-50b1-ae60-726800e25d69,MİRAÇ,5,true,false,2026-08-02T00:00:00Z,,,Zemberek master-dictionary + FrequencyWords tr_50k
4ea80878-d459-5cad-bf1b-988584013158,MİRZA,5,true,false,2026-08-02T00:00:00Z,228,47399,Zemberek master-dictionary + FrequencyWords tr_50k
64ee332d-7507-539a-860e-a3e836cc27be,MİRİM,5,true,false,2026-08-02T00:00:00Z,,,Zemberek master-dictionary + FrequencyWords tr_50k
54e65826-9063-5d7e-8b3a-a4a96bffb4ac,MİSAK,5,true,false,2026-08-02T00:00:00Z,,,Zemberek master-dictionary + FrequencyWords tr_50k
aee9be11-78b4-5349-939c-d268cedefe4b,MİSAL,5,true,true,2026-08-02T00:00:00Z,357,34119,Zemberek master-dictionary + FrequencyWords tr_50k
01034b8e-918a-593e-854c-97a110efca32,MİSEL,5,true,false,2026-08-02T00:00:00Z,,,Zemberek master-dictionary + FrequencyWords tr_50k
b0e12dd1-e9b0-5633-8d54-62df9c47dcea,MİSİL,5,true,false,2026-08-02T00:00:00Z,,,Zemberek master-dictionary + FrequencyWords tr_50k
0ddfcae0-9dc6-591d-8013-f2cc18b78da3,MİSİS,5,true,false,2026-08-02T00:00:00Z,,,Zemberek master-dictionary + FrequencyWords tr_50k
e33ead7c-5901-55fd-8a5b-f1b7e39b0e0f,MİTOS,5,true,false,2026-08-02T00:00:00Z,,,Zemberek master-dictionary + FrequencyWords tr_50k
25461c00-6e29-536c-9575-69fbdf1897b1,MİTOZ,5,true,false,2026-08-02T00:00:00Z,,,Zemberek master-dictionary + FrequencyWords tr_50k
a239bfe7-bd00-56c0-a489-82a066e9b0fe,MİTİL,5,true,false,2026-08-02T00:00:00Z,,,Zemberek master-dictionary + FrequencyWords tr_50k
aa8967c9-b28c-5ad3-b663-da06a4a55795,MİYAR,5,true,false,2026-08-02T00:00:00Z,,,Zemberek master-dictionary + FrequencyWords tr_50k
d4304b02-14de-548d-a6a0-053b52d3b34a,MİYAV,5,true,true,2026-08-02T00:00:00Z,582,23573,Zemberek master-dictionary + FrequencyWords tr_50k
006294bc-9f9a-54ed-9202-86a0efeafbba,MİYAZ,5,true,false,2026-08-02T00:00:00Z,,,Zemberek master-dictionary + FrequencyWords tr_50k
6d1be2c8-aa1c-5e95-9fee-2730d48b7f28,MİYOM,5,true,false,2026-08-02T00:00:00Z,,,Zemberek master-dictionary + FrequencyWords tr_50k
3a916659-c41d-5ad0-b3af-cddab957aa76,MİYOP,5,true,false,2026-08-02T00:00:00Z,,,Zemberek master-dictionary + FrequencyWords tr_50k
294a626d-77dc-5c86-9b3e-089dfd37e754,MİZAH,5,true,true,2026-08-02T00:00:00Z,1115,14064,Zemberek master-dictionary + FrequencyWords tr_50k
0cc264c8-0166-5057-b772-04efd98ef2e6,MİZAN,5,true,false,2026-08-02T00:00:00Z,,,Zemberek master-dictionary + FrequencyWords tr_50k
5cf6085d-801e-5ddd-bfd4-cc42f74a8bae,MİZAÇ,5,true,false,2026-08-02T00:00:00Z,,,Zemberek master-dictionary + FrequencyWords tr_50k
63a722ff-137e-5d4b-b2cb-9ad9c47232b4,MİÇEL,5,true,false,2026-08-02T00:00:00Z,,,Zemberek master-dictionary + FrequencyWords tr_50k
0820936c-d323-5fea-8b61-09cd340068a6,NABIZ,5,true,true,2026-08-02T00:00:00Z,2460,7236,Zemberek master-dictionary + FrequencyWords tr_50k
c3cc390d-5a72-5473-931d-cc5e2d03e79b,NACAK,5,true,false,2026-08-02T00:00:00Z,,,Zemberek master-dictionary + FrequencyWords tr_50k
d92d487c-c405-5a67-83ba-6f1372974cd4,NADAN,5,true,false,2026-08-02T00:00:00Z,,,Zemberek master-dictionary + FrequencyWords tr_50k
45e54777-7f13-53d2-9c89-08497a85643c,NADAS,5,true,false,2026-08-02T00:00:00Z,,,Zemberek master-dictionary + FrequencyWords tr_50k
7dbb7c80-5af2-5e57-a3e7-8133097b29d0,NADİM,5,true,false,2026-08-02T00:00:00Z,,,Zemberek master-dictionary + FrequencyWords tr_50k
540b036c-b812-535c-9de5-5c184ea4b8eb,NADİR,5,true,true,2026-08-02T00:00:00Z,4503,4221,Zemberek master-dictionary + FrequencyWords tr_50k
4033f7c3-319f-5100-a535-c136a71907e0,NAFIA,5,true,false,2026-08-02T00:00:00Z,,,Zemberek master-dictionary + FrequencyWords tr_50k
7753fdf0-4215-5f4c-b9ee-ff5a46c297ce,NAFTA,5,true,false,2026-08-02T00:00:00Z,,,Zemberek master-dictionary + FrequencyWords tr_50k
99c0455b-9d58-5279-b0e5-1c88b36a4001,NAFİZ,5,true,false,2026-08-02T00:00:00Z,,,Zemberek master-dictionary + FrequencyWords tr_50k
d947c9a7-41af-57e1-8b3c-b478d13c8cab,NAHAK,5,true,false,2026-08-02T00:00:00Z,,,Zemberek master-dictionary + FrequencyWords tr_50k
b25a0a10-f06e-5975-aeef-c914961d5b65,NAHIR,5,true,false,2026-08-02T00:00:00Z,,,Zemberek master-dictionary + FrequencyWords tr_50k
7b91858e-e6d7-557b-aa36-6c25a6349e49,NAHOŞ,5,true,true,2026-08-02T00:00:00Z,826,17937,Zemberek master-dictionary + FrequencyWords tr_50k
c529daf6-93fc-5ea4-a501-7b0e01ec53f3,NAHİF,5,true,false,2026-08-02T00:00:00Z,,,Zemberek master-dictionary + FrequencyWords tr_50k
f2c0a474-b6c5-5c63-a276-c282dced0ee1,NAHİV,5,true,false,2026-08-02T00:00:00Z,,,Zemberek master-dictionary + FrequencyWords tr_50k
1f9065ee-314d-55cb-88da-f763c668919d,NAKIS,5,true,false,2026-08-02T00:00:00Z,,,Zemberek master-dictionary + FrequencyWords tr_50k
b249a17e-6c64-5763-9a8c-15fc4f913d2f,NAKIZ,5,true,false,2026-08-02T00:00:00Z,,,Zemberek master-dictionary + FrequencyWords tr_50k
47769ad4-64a2-5de4-bf10-eac38a89459b,NAKIŞ,5,true,false,2026-08-02T00:00:00Z,,,Zemberek master-dictionary + FrequencyWords tr_50k
0a4e2745-bace-5276-b9b4-f04abd17c90b,NAKİL,5,true,true,2026-08-02T00:00:00Z,2326,7611,Zemberek master-dictionary + FrequencyWords tr_50k
87a12633-deba-5d83-be91-347827569378,NAKİP,5,true,false,2026-08-02T00:00:00Z,,,Zemberek master-dictionary + FrequencyWords tr_50k
24f3a8b0-4f68-52d8-a440-de8b9a99f756,NAKİT,5,true,true,2026-08-02T00:00:00Z,7371,2650,Zemberek master-dictionary + FrequencyWords tr_50k
9a7b4ae6-ead2-55bb-aa4b-b93281142775,NALAN,5,true,false,2026-08-02T00:00:00Z,,,Zemberek master-dictionary + FrequencyWords tr_50k
6399289c-aebb-527d-a1f1-e9fa06c88f8d,NALIN,5,true,false,2026-08-02T00:00:00Z,,,Zemberek master-dictionary + FrequencyWords tr_50k
acb47faa-6395-5143-8e5e-618aed19abb1,NALÇA,5,true,false,2026-08-02T00:00:00Z,,,Zemberek master-dictionary + FrequencyWords tr_50k
763e3d63-791f-53f2-8c84-835b125931eb,NAMAZ,5,true,false,2026-08-02T00:00:00Z,287,40058,Zemberek master-dictionary + FrequencyWords tr_50k
3b38bb5b-a4a9-560f-8a6f-d76ad7a16385,NAMLU,5,true,false,2026-08-02T00:00:00Z,246,44867,Zemberek master-dictionary + FrequencyWords tr_50k
c77f54cb-c1a6-53f5-9860-96984387800a,NAMUS,5,true,false,2026-08-02T00:00:00Z,257,43425,Zemberek master-dictionary + FrequencyWords tr_50k
a211731c-b0c6-5f3e-8232-1cdcb971d9c9,NANAY,5,true,false,2026-08-02T00:00:00Z,,,Zemberek master-dictionary + FrequencyWords tr_50k
cada9146-62e8-5b41-9c3d-bbd94811f664,NANİK,5,true,false,2026-08-02T00:00:00Z,,,Zemberek master-dictionary + FrequencyWords tr_50k
6f8e9a1c-cc2c-599c-b6cf-a00118f69af4,NARİN,5,true,true,2026-08-02T00:00:00Z,1386,11771,Zemberek master-dictionary + FrequencyWords tr_50k
709d573c-219e-519f-92a4-586c66bfc01a,NASIL,5,true,false,2026-08-02T00:00:00Z,460546,42,Zemberek master-dictionary + FrequencyWords tr_50k
6033dca5-266c-515e-b34c-7acb1139a97d,NASIP,5,true,false,2026-08-02T00:00:00Z,,,Zemberek master-dictionary + FrequencyWords tr_50k
b39f282b-cd4f-55f4-9d46-860b17bdc93e,NASIR,5,true,false,2026-08-02T00:00:00Z,224,48022,Zemberek master-dictionary + FrequencyWords tr_50k
44db4522-d110-5147-b7bb-a6b742fa4bfb,NASİP,5,true,true,2026-08-02T00:00:00Z,390,31917,Zemberek master-dictionary + FrequencyWords tr_50k
f0ab4f64-663b-5163-8ced-9a625c2c50db,NASİR,5,true,false,2026-08-02T00:00:00Z,,,Zemberek master-dictionary + FrequencyWords tr_50k
a299b279-91b2-56f7-a572-eaab02a9f33d,NATIR,5,true,false,2026-08-02T00:00:00Z,,,Zemberek master-dictionary + FrequencyWords tr_50k
e3a6455c-22ec-51b5-8089-c7710c4b8a00,NATUK,5,true,false,2026-08-02T00:00:00Z,,,Zemberek master-dictionary + FrequencyWords tr_50k
b09edca0-a164-5eb2-af78-0fa23304e3e7,NATÜR,5,true,false,2026-08-02T00:00:00Z,,,Zemberek master-dictionary + FrequencyWords tr_50k
cc37d9de-5e0f-5c5c-b03f-fa0b398fba6f,NAZAL,5,true,false,2026-08-02T00:00:00Z,,,Zemberek master-dictionary + FrequencyWords tr_50k
57c04f81-8def-5817-9dc2-c9d9d7e4ba60,NAZAR,5,true,false,2026-08-02T00:00:00Z,285,40234,Zemberek master-dictionary + FrequencyWords tr_50k
7caa3d92-aed6-5397-81c8-b74d60f7e2c9,NAZIM,5,true,false,2026-08-02T00:00:00Z,,,Zemberek master-dictionary + FrequencyWords tr_50k
07d40870-a97a-54a9-a6a4-985ba668c8ca,NAZIR,5,true,false,2026-08-02T00:00:00Z,,,Zemberek master-dictionary + FrequencyWords tr_50k
882e5916-bbeb-5ebd-8f4b-38ca5351e396,NAZİK,5,true,true,2026-08-02T00:00:00Z,9874,1985,Zemberek master-dictionary + FrequencyWords tr_50k
54ec27d4-460a-5aad-a4e0-abe2bc7724fa,NAZİL,5,true,false,2026-08-02T00:00:00Z,,,Zemberek master-dictionary + FrequencyWords tr_50k
dcfaa8ad-11b3-55c9-8383-f0e75f3fa503,NAZİR,5,true,true,2026-08-02T00:00:00Z,443,29053,Zemberek master-dictionary + FrequencyWords tr_50k
298f05af-ec78-5f5b-821e-07bf706d46e3,NAÇAR,5,true,false,2026-08-02T00:00:00Z,,,Zemberek master-dictionary + FrequencyWords tr_50k
0ad3064a-8f3c-5b27-88e2-aa25e2d167f4,NAÇİZ,5,true,false,2026-08-02T00:00:00Z,,,Zemberek master-dictionary + FrequencyWords tr_50k
62901a9d-c0ec-5a0a-ab5b-10604930d1c5,NAĞME,5,true,false,2026-08-02T00:00:00Z,,,Zemberek master-dictionary + FrequencyWords tr_50k
a95225a5-66c9-51b8-a03a-8e8bd78e9b69,NAŞİR,5,true,false,2026-08-02T00:00:00Z,,,Zemberek master-dictionary + FrequencyWords tr_50k
f38b5ce4-4854-517d-91f8-56c8babab986,NEBAT,5,true,false,2026-08-02T00:00:00Z,,,Zemberek master-dictionary + FrequencyWords tr_50k
bc83cf06-4f50-5176-bf47-eb7aecf214ed,NEBZE,5,true,true,2026-08-02T00:00:00Z,379,32648,Zemberek master-dictionary + FrequencyWords tr_50k
114394e8-c85f-5aab-b6ba-51c3ba691a8d,NECAT,5,true,false,2026-08-02T00:00:00Z,,,Zemberek master-dictionary + FrequencyWords tr_50k
b6a7c998-34f1-5178-8a41-ec247621bf28,NECİP,5,true,false,2026-08-02T00:00:00Z,,,Zemberek master-dictionary + FrequencyWords tr_50k
a59b694d-6fa5-527a-b057-cf89941fc697,NEDBE,5,true,false,2026-08-02T00:00:00Z,,,Zemberek master-dictionary + FrequencyWords tr_50k
7512efd2-2ec4-53bc-88ce-fc7142af6b38,NEDEN,5,true,false,2026-08-02T00:00:00Z,518629,35,Zemberek master-dictionary + FrequencyWords tr_50k
7f5d6af1-0df7-59d7-af56-d66904fd99d2,NEDİM,5,true,false,2026-08-02T00:00:00Z,,,Zemberek master-dictionary + FrequencyWords tr_50k
7f554ad9-d99f-5890-bc98-c39ddec71a9c,NEFER,5,true,false,2026-08-02T00:00:00Z,,,Zemberek master-dictionary + FrequencyWords tr_50k
359b5fd0-382c-5639-a0da-3abe54dca9e2,NEFES,5,true,true,2026-08-02T00:00:00Z,26356,780,Zemberek master-dictionary + FrequencyWords tr_50k
7a0681c9-6502-5abd-bd62-4cf4b06d0aad,NEFHA,5,true,false,2026-08-02T00:00:00Z,,,Zemberek master-dictionary + FrequencyWords tr_50k
dc332152-fb75-5f68-b293-ae5f818391fe,NEFİR,5,true,false,2026-08-02T00:00:00Z,,,Zemberek master-dictionary + FrequencyWords tr_50k
279d7089-ee72-570c-aa09-d9f254b08604,NEFİS,5,true,true,2026-08-02T00:00:00Z,2273,7754,Zemberek master-dictionary + FrequencyWords tr_50k
6feec6de-c192-5cb5-b475-dc9ce9085019,NEFİY,5,true,false,2026-08-02T00:00:00Z,,,Zemberek master-dictionary + FrequencyWords tr_50k
01a7311d-3a17-59c5-a787-d68255c46e32,NEHİR,5,true,true,2026-08-02T00:00:00Z,3894,4794,Zemberek master-dictionary + FrequencyWords tr_50k
53c03f3f-1c99-55cd-9c51-b8e5ad28d645,NEHİY,5,true,false,2026-08-02T00:00:00Z,,,Zemberek master-dictionary + FrequencyWords tr_50k
8f014e19-78ad-5f43-94dc-296229ab7318,NEKES,5,true,false,2026-08-02T00:00:00Z,,,Zemberek master-dictionary + FrequencyWords tr_50k
ec5dbebb-746c-5204-bc57-8f99d29f60f5,NEKRE,5,true,false,2026-08-02T00:00:00Z,,,Zemberek master-dictionary + FrequencyWords tr_50k
df956789-ad58-5e7b-a35f-129061a56e9d,NELER,5,true,false,2026-08-02T00:00:00Z,104580,222,Zemberek master-dictionary + FrequencyWords tr_50k
4fdba444-dac4-51cb-81f5-e4f272de25f9,NESEP,5,true,false,2026-08-02T00:00:00Z,,,Zemberek master-dictionary + FrequencyWords tr_50k
c493e250-907d-5108-a224-c3f20b96fd78,NESNE,5,true,true,2026-08-02T00:00:00Z,1272,12632,Zemberek master-dictionary + FrequencyWords tr_50k
e5d52cdc-9a45-5c4a-a535-f51d381f6fab,NESİH,5,true,false,2026-08-02T00:00:00Z,,,Zemberek master-dictionary + FrequencyWords tr_50k
5e7a2dd8-451c-565a-acbf-83063c067d1f,NESİL,5,true,true,2026-08-02T00:00:00Z,1600,10436,Zemberek master-dictionary + FrequencyWords tr_50k
e506642b-1329-5f8f-b5c5-bd8606376ee2,NESİM,5,true,false,2026-08-02T00:00:00Z,,,Zemberek master-dictionary + FrequencyWords tr_50k
1d581adc-b8d4-5936-99ee-50222388ffa5,NESİR,5,true,false,2026-08-02T00:00:00Z,,,Zemberek master-dictionary + FrequencyWords tr_50k
1a4b2bc7-659b-551a-9ea8-2052ca4f359a,NESİÇ,5,true,false,2026-08-02T00:00:00Z,,,Zemberek master-dictionary + FrequencyWords tr_50k
8b9e7027-a4ac-59fc-af14-9de3f2130008,NEVİR,5,true,false,2026-08-02T00:00:00Z,,,Zemberek master-dictionary + FrequencyWords tr_50k
bc3d46da-d15d-5aa3-a7b2-d5e7cf19b6e0,NEYSE,5,true,false,2026-08-02T00:00:00Z,54890,384,Zemberek master-dictionary + FrequencyWords tr_50k
74e23190-7a0e-5f61-871f-cf1514a12d8d,NEYÇE,5,true,false,2026-08-02T00:00:00Z,,,Zemberek master-dictionary + FrequencyWords tr_50k
cd84169c-1f93-5991-933b-062a1d8f18d4,NEZLE,5,true,true,2026-08-02T00:00:00Z,539,24982,Zemberek master-dictionary + FrequencyWords tr_50k
5afb23d8-6f63-5b10-a342-d08b2eba4c7f,NEZİF,5,true,false,2026-08-02T00:00:00Z,,,Zemberek master-dictionary + FrequencyWords tr_50k
bec3ab0b-770d-52c5-9160-ae3e0d0c2cb0,NEZİH,5,true,false,2026-08-02T00:00:00Z,,,Zemberek master-dictionary + FrequencyWords tr_50k
5bdb56a3-f9f8-512f-b08e-156e7fd3f8bb,NEZİR,5,true,false,2026-08-02T00:00:00Z,,,Zemberek master-dictionary + FrequencyWords tr_50k
2e1f3262-5aba-57d8-8c76-d62f3a268e36,NEŞET,5,true,false,2026-08-02T00:00:00Z,,,Zemberek master-dictionary + FrequencyWords tr_50k
0c472096-8ad0-5429-a20a-886469bef4f9,NEŞİR,5,true,false,2026-08-02T00:00:00Z,,,Zemberek master-dictionary + FrequencyWords tr_50k
f414719e-cdd3-56d8-a2c7-7da259b7bb92,NISIF,5,true,false,2026-08-02T00:00:00Z,,,Zemberek master-dictionary + FrequencyWords tr_50k
754a3383-2eba-5cc3-9f22-337caaa31dea,NODUL,5,true,false,2026-08-02T00:00:00Z,,,Zemberek master-dictionary + FrequencyWords tr_50k
ef39bb87-6bd1-57c0-b76c-e07bc2e83222,NODÜL,5,true,false,2026-08-02T00:00:00Z,,,Zemberek master-dictionary + FrequencyWords tr_50k
7e534e1d-0aaf-5447-ad48-5da03899c75d,NOHUT,5,true,false,2026-08-02T00:00:00Z,,,Zemberek master-dictionary + FrequencyWords tr_50k
e43516d1-0e44-5c64-a962-8cd5b28e3a6f,NOKRA,5,true,false,2026-08-02T00:00:00Z,,,Zemberek master-dictionary + FrequencyWords tr_50k
209a6fbb-0da9-5010-9b0e-e9c9307f4054,NOKTA,5,true,true,2026-08-02T00:00:00Z,8012,2452,Zemberek master-dictionary + FrequencyWords tr_50k
e025be2e-025e-554e-8069-ee195c4105f2,NONOŞ,5,true,true,2026-08-02T00:00:00Z,525,25483,Zemberek master-dictionary + FrequencyWords tr_50k
e3dd4665-ab7c-5f42-97fb-763f2f58d9d6,NOTAM,5,true,false,2026-08-02T00:00:00Z,,,Zemberek master-dictionary + FrequencyWords tr_50k
ad7e7cd6-baf1-5c79-a03b-628e09492de6,NOTER,5,true,false,2026-08-02T00:00:00Z,277,41169,Zemberek master-dictionary + FrequencyWords tr_50k
cc790332-ff97-5460-a313-62b1347fc16c,NUKUT,5,true,false,2026-08-02T00:00:00Z,,,Zemberek master-dictionary + FrequencyWords tr_50k
b029c347-e072-54ee-9be9-d187427a1dda,NUMEN,5,true,false,2026-08-02T00:00:00Z,,,Zemberek master-dictionary + FrequencyWords tr_50k
59695b3d-fd59-5738-b531-982693f4834f,NUTUK,5,true,true,2026-08-02T00:00:00Z,757,19247,Zemberek master-dictionary + FrequencyWords tr_50k
ea72fd43-ad87-586b-97fd-cb578a208b9e,NÖBET,5,true,true,2026-08-02T00:00:00Z,2972,6113,Zemberek master-dictionary + FrequencyWords tr_50k
00cf0f6d-9f5d-5c46-8490-b6a657215102,NÖRON,5,true,false,2026-08-02T00:00:00Z,,,Zemberek master-dictionary + FrequencyWords tr_50k
7e278cd2-b5af-5857-a11d-d8f8a47a4163,NÜANS,5,true,false,2026-08-02T00:00:00Z,,,Zemberek master-dictionary + FrequencyWords tr_50k
aad76665-bd0c-55c1-b02c-b9a1d5ebea9e,NÜFUS,5,true,true,2026-08-02T00:00:00Z,1131,13898,Zemberek master-dictionary + FrequencyWords tr_50k
b79f92e1-ced6-5b0e-a54a-811aa7dd639a,NÜFUZ,5,true,true,2026-08-02T00:00:00Z,465,27978,Zemberek master-dictionary + FrequencyWords tr_50k
fcbfcfc9-a754-5688-b0ca-5f6794e82f2f,NÜKTE,5,true,false,2026-08-02T00:00:00Z,,,Zemberek master-dictionary + FrequencyWords tr_50k
1aeda405-6ff3-51b5-85f8-0388e949425c,NÜKUL,5,true,false,2026-08-02T00:00:00Z,,,Zemberek master-dictionary + FrequencyWords tr_50k
9f48c98d-3898-52c1-852b-87de5863ee86,NÜSHA,5,true,false,2026-08-02T00:00:00Z,,,Zemberek master-dictionary + FrequencyWords tr_50k
3885f096-0efb-5451-95a2-63c7e995534c,NÜZUL,5,true,false,2026-08-02T00:00:00Z,,,Zemberek master-dictionary + FrequencyWords tr_50k
68ed0cc5-a1f2-5d6f-afe6-309dfdc0f5a7,NİCEL,5,true,false,2026-08-02T00:00:00Z,,,Zemberek master-dictionary + FrequencyWords tr_50k
5ba9e145-d721-5419-8c98-a6c699c7604d,NİFAK,5,true,false,2026-08-02T00:00:00Z,,,Zemberek master-dictionary + FrequencyWords tr_50k
c5b8c0e1-7bb7-5701-8fcf-bc14b9897763,NİHAN,5,true,false,2026-08-02T00:00:00Z,,,Zemberek master-dictionary + FrequencyWords tr_50k
77ad5230-4b1d-5713-8d50-ad11c0d48fc9,NİKAP,5,true,false,2026-08-02T00:00:00Z,,,Zemberek master-dictionary + FrequencyWords tr_50k
1986040b-b4df-55d9-b3e7-0cbc4615bae0,NİKEL,5,true,false,2026-08-02T00:00:00Z,,,Zemberek master-dictionary + FrequencyWords tr_50k
5158d48a-6351-52e8-8010-3a796854e3b0,NİMET,5,true,true,2026-08-02T00:00:00Z,308,37967,Zemberek master-dictionary + FrequencyWords tr_50k
e2bbdf8d-f5db-560d-aa84-3ae0cbeaa6ea,NİNNİ,5,true,false,2026-08-02T00:00:00Z,434,29506,Zemberek master-dictionary + FrequencyWords tr_50k
776ab0bc-f97e-57a4-a9b6-2b746b6895be,NİPEL,5,true,false,2026-08-02T00:00:00Z,,,Zemberek master-dictionary + FrequencyWords tr_50k
498140b8-7bb7-5637-8479-040635533c99,NİSAN,5,true,true,2026-08-02T00:00:00Z,3103,5892,Zemberek master-dictionary + FrequencyWords tr_50k
8baacd68-85ae-5328-aeba-aede1a7077ab,NİSAP,5,true,false,2026-08-02T00:00:00Z,,,Zemberek master-dictionary + FrequencyWords tr_50k
0d45231e-bfc8-5529-b90b-e525596a46a9,NİTEL,5,true,false,2026-08-02T00:00:00Z,,,Zemberek master-dictionary + FrequencyWords tr_50k
de282322-2304-58e1-9a6c-7dd7a0537c5a,NİYAZ,5,true,false,2026-08-02T00:00:00Z,,,Zemberek master-dictionary + FrequencyWords tr_50k
e145ceac-f37c-5fc5-b9e5-59904289d27a,NİYET,5,true,true,2026-08-02T00:00:00Z,1167,13531,Zemberek master-dictionary + FrequencyWords tr_50k
018ecdd1-a3ed-58d5-8e9b-59ff6f9b3e55,NİZAM,5,true,false,2026-08-02T00:00:00Z,,,Zemberek master-dictionary + FrequencyWords tr_50k
10403a3c-e9e0-5fd4-bfcd-88e11808f630,NİÇİN,5,true,true,2026-08-02T00:00:00Z,18447,1085,Zemberek master-dictionary + FrequencyWords tr_50k
3c24113e-a61c-55eb-bebc-d3ed4acda402,NİŞAN,5,true,true,2026-08-02T00:00:00Z,4863,3939,Zemberek master-dictionary + FrequencyWords tr_50k
def0b76d-ada3-58fd-875a-bdcf5f4f0875,OBERJ,5,true,false,2026-08-02T00:00:00Z,,,Zemberek master-dictionary + FrequencyWords tr_50k
14efc3fc-1740-5e98-be64-8ac52468fef4,OBRUK,5,true,false,2026-08-02T00:00:00Z,,,Zemberek master-dictionary + FrequencyWords tr_50k
99ca8326-c4e7-5c59-a553-4e89025d41ed,ODEON,5,true,false,2026-08-02T00:00:00Z,,,Zemberek master-dictionary + FrequencyWords tr_50k
63a32f1f-3b91-5e41-a4df-1cb61d1d8fa8,OFANS,5,true,false,2026-08-02T00:00:00Z,,,Zemberek master-dictionary + FrequencyWords tr_50k
dad9fa81-c401-5054-a1e8-b4fa84efbff4,OFLAZ,5,true,false,2026-08-02T00:00:00Z,,,Zemberek master-dictionary + FrequencyWords tr_50k
d0394cf2-b73a-5e51-85c6-2a52c2d53486,OFRİS,5,true,false,2026-08-02T00:00:00Z,,,Zemberek master-dictionary + FrequencyWords tr_50k
84a63b61-9bb1-5120-9dbb-42095f39ab19,OFSET,5,true,false,2026-08-02T00:00:00Z,,,Zemberek master-dictionary + FrequencyWords tr_50k
ad245b41-c3cf-55ef-8a3b-369b7420659c,OKAPİ,5,true,false,2026-08-02T00:00:00Z,,,Zemberek master-dictionary + FrequencyWords tr_50k
5e2d2a36-00a8-5573-a18a-925c61415aca,OKSİT,5,true,false,2026-08-02T00:00:00Z,222,48332,Zemberek master-dictionary + FrequencyWords tr_50k
b5e50891-5867-5eda-9483-288db4aacc45,OKTAN,5,true,false,2026-08-02T00:00:00Z,,,Zemberek master-dictionary + FrequencyWords tr_50k
0feb0d79-2307-5c89-b2a3-1fe6a07b6de2,OKTAV,5,true,false,2026-08-02T00:00:00Z,,,Zemberek master-dictionary + FrequencyWords tr_50k
9adab143-cbf8-516e-9c14-bf29b3cdcacf,OKUME,5,true,false,2026-08-02T00:00:00Z,,,Zemberek master-dictionary + FrequencyWords tr_50k
d3b409b0-c9ca-5ffc-8fed-5b509c2d4747,OLASI,5,true,true,2026-08-02T00:00:00Z,21086,964,Zemberek master-dictionary + FrequencyWords tr_50k
f0f6797f-9331-5945-a9a7-91b88c364af0,OLEİK,5,true,false,2026-08-02T00:00:00Z,,,Zemberek master-dictionary + FrequencyWords tr_50k
2f380504-cd71-5317-8b2a-b19d60bda15f,OLEİN,5,true,false,2026-08-02T00:00:00Z,,,Zemberek master-dictionary + FrequencyWords tr_50k
ff4b2f98-56c4-5be8-adc1-7cfceaad55ba,OLGUN,5,true,true,2026-08-02T00:00:00Z,2471,7201,Zemberek master-dictionary + FrequencyWords tr_50k
97ad7c90-dc89-5347-9ad7-73378402e623,OLMAK,5,true,false,2026-08-02T00:00:00Z,117971,185,Zemberek master-dictionary + FrequencyWords tr_50k
61667c0c-58bf-5885-9f94-a96527422940,OLMAZ,5,true,false,2026-08-02T00:00:00Z,114394,191,Zemberek master-dictionary + FrequencyWords tr_50k
24a71585-1d96-5171-a939-a47d30e8d4e6,OLÇUM,5,true,false,2026-08-02T00:00:00Z,,,Zemberek master-dictionary + FrequencyWords tr_50k
c352961b-17c4-56d9-a88a-c17ad7814f20,OMBRA,5,true,false,2026-08-02T00:00:00Z,,,Zemberek master-dictionary + FrequencyWords tr_50k
e1adff38-ff63-5f29-a7be-0ca2e77e5903,OMLET,5,true,true,2026-08-02T00:00:00Z,1036,14928,Zemberek master-dictionary + FrequencyWords tr_50k
8e276b35-373b-5cc9-ad78-ed614ac9ef43,ONGEN,5,true,false,2026-08-02T00:00:00Z,,,Zemberek master-dictionary + FrequencyWords tr_50k
2a93e6cf-23d2-5689-852d-9ae06cfe8c14,ONGUN,5,true,false,2026-08-02T00:00:00Z,,,Zemberek master-dictionary + FrequencyWords tr_50k
3b2fe1d3-3185-5e3e-b5d8-24c303cee285,ONMAK,5,true,false,2026-08-02T00:00:00Z,,,Zemberek master-dictionary + FrequencyWords tr_50k
f6c26bd7-c7e0-5c8f-9e16-00c15a4a7326,ONMAZ,5,true,false,2026-08-02T00:00:00Z,,,Zemberek master-dictionary + FrequencyWords tr_50k
92bcfebc-1c6a-5fe4-8aa9-583f9e2931d0,ONİKS,5,true,false,2026-08-02T00:00:00Z,,,Zemberek master-dictionary + FrequencyWords tr_50k
3f796925-6586-5f36-a63a-d9f190c0acc4,OOSİT,5,true,false,2026-08-02T00:00:00Z,,,Zemberek master-dictionary + FrequencyWords tr_50k
e2d4e097-2575-5620-a3f2-9f9e0fc52e07,OPERA,5,true,true,2026-08-02T00:00:00Z,1576,10579,Zemberek master-dictionary + FrequencyWords tr_50k
c72666e9-9efa-516c-838e-727bb6e4f9e7,OPTİK,5,true,true,2026-08-02T00:00:00Z,657,21474,Zemberek master-dictionary + FrequencyWords tr_50k
a4587ce9-e7dd-541e-ba61-bdb018b7be09,ORFOZ,5,true,false,2026-08-02T00:00:00Z,,,Zemberek master-dictionary + FrequencyWords tr_50k
f181fbf9-3445-5b50-88cf-27863a2378b5,ORGAN,5,true,true,2026-08-02T00:00:00Z,1872,9093,Zemberek master-dictionary + FrequencyWords tr_50k
d7386c15-4f45-52e1-aeeb-d447d730c85a,ORKİT,5,true,false,2026-08-02T00:00:00Z,,,Zemberek master-dictionary + FrequencyWords tr_50k
a5fec8d5-b34b-531c-9c65-2e9c18ade315,ORLON,5,true,false,2026-08-02T00:00:00Z,,,Zemberek master-dictionary + FrequencyWords tr_50k
0cc64755-697c-5864-8d4b-c47784ec6d9c,ORMAN,5,true,true,2026-08-02T00:00:00Z,4114,4573,Zemberek master-dictionary + FrequencyWords tr_50k
4a76d2aa-84b8-5187-ac57-badccb66dbb2,ORTAK,5,true,true,2026-08-02T00:00:00Z,17139,1166,Zemberek master-dictionary + FrequencyWords tr_50k
34fc4994-61bd-561f-bd0e-b1b0e56a2634,ORTAM,5,true,true,2026-08-02T00:00:00Z,2332,7589,Zemberek master-dictionary + FrequencyWords tr_50k
31a19baa-b612-5993-aad4-5dfe9ad60673,ORTAY,5,true,false,2026-08-02T00:00:00Z,,,Zemberek master-dictionary + FrequencyWords tr_50k
34e90586-5e16-5022-be5b-a524d14c2cb6,ORTAÇ,5,true,false,2026-08-02T00:00:00Z,,,Zemberek master-dictionary + FrequencyWords tr_50k
577b5106-6c2e-5f78-8414-4e70921f1f93,ORTEZ,5,true,false,2026-08-02T00:00:00Z,,,Zemberek master-dictionary + FrequencyWords tr_50k
e1a6475b-d04b-5ea2-b8be-2197f3a2093c,ORTOZ,5,true,false,2026-08-02T00:00:00Z,,,Zemberek master-dictionary + FrequencyWords tr_50k
96400b34-2864-53cd-bd0c-a6401d129326,OTACI,5,true,false,2026-08-02T00:00:00Z,,,Zemberek master-dictionary + FrequencyWords tr_50k
44b4c11f-b0d5-5fb6-b8d0-48d00cd773f1,OTLAK,5,true,false,2026-08-02T00:00:00Z,,,Zemberek master-dictionary + FrequencyWords tr_50k
5f963cc6-f85a-5151-83fc-fa88d1d82d41,OTLUK,5,true,false,2026-08-02T00:00:00Z,,,Zemberek master-dictionary + FrequencyWords tr_50k
a2440b3d-0492-5afc-8cc9-88cb1ee41950,OTSUL,5,true,false,2026-08-02T00:00:00Z,,,Zemberek master-dictionary + FrequencyWords tr_50k
ab897c84-9cf6-510e-8f1f-1f7c94ab06b6,OTÇUL,5,true,false,2026-08-02T00:00:00Z,,,Zemberek master-dictionary + FrequencyWords tr_50k
2b03af27-7114-5100-9136-ae3d1b7faaf8,OTİST,5,true,false,2026-08-02T00:00:00Z,,,Zemberek master-dictionary + FrequencyWords tr_50k
3fd144dd-5b72-5280-aa9f-6f2767ffb232,OTİZM,5,true,false,2026-08-02T00:00:00Z,,,Zemberek master-dictionary + FrequencyWords tr_50k
aec1306e-5cff-595a-8a0d-1a4ea8412d95,OVMAK,5,true,false,2026-08-02T00:00:00Z,,,Zemberek master-dictionary + FrequencyWords tr_50k
f211e8b3-6a57-5151-af9b-aa2ac3184719,OVMAÇ,5,true,false,2026-08-02T00:00:00Z,,,Zemberek master-dictionary + FrequencyWords tr_50k
5377f1af-dbe4-5349-9aaf-5f7d33d2445e,OYDAŞ,5,true,false,2026-08-02T00:00:00Z,,,Zemberek master-dictionary + FrequencyWords tr_50k
349c0205-5b83-51a3-a149-23840c31893e,OYLUK,5,true,false,2026-08-02T00:00:00Z,,,Zemberek master-dictionary + FrequencyWords tr_50k
f4e69f3e-919a-5b1c-9d11-0ad62f5c1d04,OYLUM,5,true,false,2026-08-02T00:00:00Z,,,Zemberek master-dictionary + FrequencyWords tr_50k
670891e7-3235-5806-bd9a-dec9268b39c6,OYMAK,5,true,false,2026-08-02T00:00:00Z,,,Zemberek master-dictionary + FrequencyWords tr_50k
9655611f-2ff7-556f-96a3-7ca72fe31465,OYNAK,5,true,false,2026-08-02T00:00:00Z,275,41355,Zemberek master-dictionary + FrequencyWords tr_50k
ab80f4b1-dec6-55b2-ae5c-a6f444ded928,OYNAŞ,5,true,false,2026-08-02T00:00:00Z,,,Zemberek master-dictionary + FrequencyWords tr_50k
b977f4f4-919e-5a38-9bc0-093c435cb74b,OZMOS,5,true,false,2026-08-02T00:00:00Z,,,Zemberek master-dictionary + FrequencyWords tr_50k
95353ee3-016c-5e1c-879e-741f1ff30d2e,OZUGA,5,true,false,2026-08-02T00:00:00Z,,,Zemberek master-dictionary + FrequencyWords tr_50k
78d80ce5-7698-5bbb-9912-49c1d6339af1,OĞLAK,5,true,false,2026-08-02T00:00:00Z,,,Zemberek master-dictionary + FrequencyWords tr_50k
8ecebc75-0e76-568b-a86c-509d697ffd16,OĞLAN,5,true,true,2026-08-02T00:00:00Z,6441,3053,Zemberek master-dictionary + FrequencyWords tr_50k
3dd196d1-72f6-5bd4-95c8-f995921411c2,PABUÇ,5,true,false,2026-08-02T00:00:00Z,243,45159,Zemberek master-dictionary + FrequencyWords tr_50k
a641f714-5e55-518c-a43d-02e3ee47019a,PADOK,5,true,false,2026-08-02T00:00:00Z,,,Zemberek master-dictionary + FrequencyWords tr_50k
b858e332-cdb1-5f39-819c-8c40155f8c6f,PAFTA,5,true,false,2026-08-02T00:00:00Z,,,Zemberek master-dictionary + FrequencyWords tr_50k
2c150ef9-a86a-506d-9779-1e3a927f6f02,PAGAN,5,true,true,2026-08-02T00:00:00Z,357,34099,Zemberek master-dictionary + FrequencyWords tr_50k
05063df5-bcec-58b2-b953-76a9be8f4ace,PAHAL,5,true,false,2026-08-02T00:00:00Z,,,Zemberek master-dictionary + FrequencyWords tr_50k
de86c8e7-201d-551e-b8d1-4df298977c06,PAKET,5,true,true,2026-08-02T00:00:00Z,6183,3176,Zemberek master-dictionary + FrequencyWords tr_50k
b26d0ef9-22b6-5aee-9445-1803b5c36446,PALAN,5,true,false,2026-08-02T00:00:00Z,,,Zemberek master-dictionary + FrequencyWords tr_50k
d52ad6a5-9ab1-5ae2-ae76-3f1ad48187dd,PALAS,5,true,false,2026-08-02T00:00:00Z,,,Zemberek master-dictionary + FrequencyWords tr_50k
2732356e-7805-509a-afbe-42e197af041e,PALAZ,5,true,false,2026-08-02T00:00:00Z,,,Zemberek master-dictionary + FrequencyWords tr_50k
6aa2633d-1f0c-5559-aa4e-4b41d063e95b,PALET,5,true,false,2026-08-02T00:00:00Z,,,Zemberek master-dictionary + FrequencyWords tr_50k
b82a097f-71f8-5b16-8c0c-8d0f68e8f950,PALTO,5,true,true,2026-08-02T00:00:00Z,666,21237,Zemberek master-dictionary + FrequencyWords tr_50k
c9e3d849-4e28-577b-b413-29d854851835,PAMPA,5,true,false,2026-08-02T00:00:00Z,,,Zemberek master-dictionary + FrequencyWords tr_50k
a1eae07b-0d5d-591e-a00a-12eaf21957e5,PAMUK,5,true,true,2026-08-02T00:00:00Z,2773,6526,Zemberek master-dictionary + FrequencyWords tr_50k
0a7a74a9-6dba-5a78-aa99-54e361a7426b,PANDA,5,true,true,2026-08-02T00:00:00Z,963,15835,Zemberek master-dictionary + FrequencyWords tr_50k
d93ed516-a121-5933-8fd4-379090fdfed6,PANEL,5,true,true,2026-08-02T00:00:00Z,313,37572,Zemberek master-dictionary + FrequencyWords tr_50k
bc8a94cc-cec4-53ab-a363-6c0396f46910,PANİK,5,true,true,2026-08-02T00:00:00Z,4730,4043,Zemberek master-dictionary + FrequencyWords tr_50k
c1e1bb7b-6bf2-5b5c-a5d8-4e88ff07b7cc,PAPAK,5,true,false,2026-08-02T00:00:00Z,,,Zemberek master-dictionary + FrequencyWords tr_50k
e2c8999b-a8ce-5c73-b3c8-269415ffda5b,PAPAZ,5,true,true,2026-08-02T00:00:00Z,3480,5289,Zemberek master-dictionary + FrequencyWords tr_50k
96cff1a7-3e30-5da3-a4bd-f61aca926e36,PAPEL,5,true,true,2026-08-02T00:00:00Z,2595,6913,Zemberek master-dictionary + FrequencyWords tr_50k
b104781b-40ab-5f10-b0f2-ae96661d38b3,PARAF,5,true,false,2026-08-02T00:00:00Z,,,Zemberek master-dictionary + FrequencyWords tr_50k
c220cc59-00a3-5b08-86f1-9c2197f4a899,PARIL,5,true,false,2026-08-02T00:00:00Z,,,Zemberek master-dictionary + FrequencyWords tr_50k
8905e599-1917-5c80-9f6a-08327c4006ae,PARKA,5,true,true,2026-08-02T00:00:00Z,1762,9616,Zemberek master-dictionary + FrequencyWords tr_50k
24d95a88-818c-5201-b559-c5cceb333182,PARKE,5,true,false,2026-08-02T00:00:00Z,,,Zemberek master-dictionary + FrequencyWords tr_50k
52e46d6b-a3d4-5c54-b10f-e2b94b869080,PARPA,5,true,false,2026-08-02T00:00:00Z,,,Zemberek master-dictionary + FrequencyWords tr_50k
d4c50498-e951-5e5d-a414-a16311c60ce1,PARSA,5,true,false,2026-08-02T00:00:00Z,,,Zemberek master-dictionary + FrequencyWords tr_50k
157f8025-7c6b-5c29-b709-6dd83e97db37,PARTİ,5,true,true,2026-08-02T00:00:00Z,25118,825,Zemberek master-dictionary + FrequencyWords tr_50k
b429bc82-fdf2-5de5-a840-ca8e3f85b49f,PARYA,5,true,false,2026-08-02T00:00:00Z,,,Zemberek master-dictionary + FrequencyWords tr_50k
fb12d340-956d-5a5c-8ffa-7ed13a4b7b1a,PARÇA,5,true,true,2026-08-02T00:00:00Z,17052,1169,Zemberek master-dictionary + FrequencyWords tr_50k
b2b46eae-ddd4-5cd1-807c-a646fdf249be,PASAJ,5,true,false,2026-08-02T00:00:00Z,,,Zemberek master-dictionary + FrequencyWords tr_50k
81b9fafe-a3c1-52ad-adc6-26206b724d7c,PASAK,5,true,false,2026-08-02T00:00:00Z,,,Zemberek master-dictionary + FrequencyWords tr_50k
e9f7eb5d-524b-5e66-b2ef-02cb0f191d27,PASTA,5,true,true,2026-08-02T00:00:00Z,5924,3286,Zemberek master-dictionary + FrequencyWords tr_50k
30ed1624-ad2d-517e-ae9b-dd240ebf4336,PASÖR,5,true,false,2026-08-02T00:00:00Z,,,Zemberek master-dictionary + FrequencyWords tr_50k
ed7d14ab-59e0-5c5d-b9d3-0c5362adc0e5,PASİF,5,true,true,2026-08-02T00:00:00Z,788,18644,Zemberek master-dictionary + FrequencyWords tr_50k
3a1af5c9-d277-5746-8bc5-1a2d87d10022,PATAK,5,true,false,2026-08-02T00:00:00Z,,,Zemberek master-dictionary + FrequencyWords tr_50k
a9f969ff-d8b2-5567-bea4-391728decab5,PATEN,5,true,true,2026-08-02T00:00:00Z,982,15588,Zemberek master-dictionary + FrequencyWords tr_50k
75282860-ea85-5a5e-86b4-898f725c237c,PATIR,5,true,false,2026-08-02T00:00:00Z,,,Zemberek master-dictionary + FrequencyWords tr_50k
0d91cde8-7af1-535c-a713-7d4d51ca364d,PATOZ,5,true,false,2026-08-02T00:00:00Z,,,Zemberek master-dictionary + FrequencyWords tr_50k
e279cbc4-eb88-5901-a742-01cd785d2571,PATİK,5,true,false,2026-08-02T00:00:00Z,,,Zemberek master-dictionary + FrequencyWords tr_50k
468a0352-065b-5911-ae3c-8d3269d7dc56,PATİS,5,true,false,2026-08-02T00:00:00Z,,,Zemberek master-dictionary + FrequencyWords tr_50k
e0bc6ce5-d177-58ac-bbef-f5e0659d5f06,PAYAM,5,true,false,2026-08-02T00:00:00Z,,,Zemberek master-dictionary + FrequencyWords tr_50k
1ea3343d-fee6-5967-8126-960a757f2705,PAYAN,5,true,false,2026-08-02T00:00:00Z,,,Zemberek master-dictionary + FrequencyWords tr_50k
2b4f7ffa-44fa-528e-af3f-6d0420c45f96,PAYDA,5,true,false,2026-08-02T00:00:00Z,,,Zemberek master-dictionary + FrequencyWords tr_50k
9e5ec5ed-e6ef-5dc7-ac3c-cee7daf913b8,PAYEN,5,true,false,2026-08-02T00:00:00Z,,,Zemberek master-dictionary + FrequencyWords tr_50k
48c5a4c9-f791-5cc8-8570-675af536c15b,PAYET,5,true,false,2026-08-02T00:00:00Z,,,Zemberek master-dictionary + FrequencyWords tr_50k
2d07009c-a694-59f7-9fb4-2ecfe7e897d7,PAZAR,5,true,true,2026-08-02T00:00:00Z,10985,1790,Zemberek master-dictionary + FrequencyWords tr_50k
ca59dcde-6ba2-5c69-9fc2-384fd33be913,PAZEN,5,true,false,2026-08-02T00:00:00Z,,,Zemberek master-dictionary + FrequencyWords tr_50k
424e1a81-12ce-57e2-a775-a289e31acf89,PAÇAL,5,true,false,2026-08-02T00:00:00Z,,,Zemberek master-dictionary + FrequencyWords tr_50k
4217184b-3140-51ea-af5d-ba25018e487f,PAÇOZ,5,true,false,2026-08-02T00:00:00Z,,,Zemberek master-dictionary + FrequencyWords tr_50k
5d596b8a-5701-5b97-9468-78c05a85a961,PEDAL,5,true,false,2026-08-02T00:00:00Z,271,41837,Zemberek master-dictionary + FrequencyWords tr_50k
cfa24c93-fbcb-5ba3-96a5-23c04abd8225,PEDER,5,true,true,2026-08-02T00:00:00Z,15049,1331,Zemberek master-dictionary + FrequencyWords tr_50k
21883cda-df9d-52c9-a5f6-eb8ea5e120f8,PELTE,5,true,false,2026-08-02T00:00:00Z,,,Zemberek master-dictionary + FrequencyWords tr_50k
336260b1-f06d-5728-9d77-4182e87dfa17,PELÜR,5,true,false,2026-08-02T00:00:00Z,,,Zemberek master-dictionary + FrequencyWords tr_50k
26906aaa-a0b2-5136-ac2b-a1cf23e979c1,PELÜŞ,5,true,false,2026-08-02T00:00:00Z,,,Zemberek master-dictionary + FrequencyWords tr_50k
a6ca6d5c-d8b2-5e2f-a5cf-b6d52c29c0d2,PELİN,5,true,false,2026-08-02T00:00:00Z,,,Zemberek master-dictionary + FrequencyWords tr_50k
3763add7-933a-58e7-9a59-025dcb5dd6ed,PELİT,5,true,false,2026-08-02T00:00:00Z,,,Zemberek master-dictionary + FrequencyWords tr_50k
8b98594d-5af8-5e32-9dd8-7200dfcf17ca,PEMBE,5,true,true,2026-08-02T00:00:00Z,5427,3571,Zemberek master-dictionary + FrequencyWords tr_50k
4103a7c5-4e6f-56cf-bc24-febfe642eae8,PENES,5,true,false,2026-08-02T00:00:00Z,,,Zemberek master-dictionary + FrequencyWords tr_50k
0918b4dc-3da3-5267-bf84-4cd963a43df5,PENGÖ,5,true,false,2026-08-02T00:00:00Z,,,Zemberek master-dictionary + FrequencyWords tr_50k
32022abf-eff4-52e5-9a18-81fd2892dd2c,PENSE,5,true,false,2026-08-02T00:00:00Z,,,Zemberek master-dictionary + FrequencyWords tr_50k
e00b7381-7b48-5ab0-9f2f-8d497a308275,PENYE,5,true,false,2026-08-02T00:00:00Z,,,Zemberek master-dictionary + FrequencyWords tr_50k
57eede82-4289-5c40-8d27-aafadad3a80f,PENÇE,5,true,true,2026-08-02T00:00:00Z,706,20327,Zemberek master-dictionary + FrequencyWords tr_50k
80903118-4930-51d5-9ae0-cc90d8e2d362,PENİS,5,true,true,2026-08-02T00:00:00Z,2147,8137,Zemberek master-dictionary + FrequencyWords tr_50k
dbd4ea5a-0bbb-5439-b22a-ce8ccbb62b64,PERDE,5,true,true,2026-08-02T00:00:00Z,2049,8443,Zemberek master-dictionary + FrequencyWords tr_50k
e2a73491-6283-5f21-b0c5-b3c4910a511a,PEREN,5,true,false,2026-08-02T00:00:00Z,,,Zemberek master-dictionary + FrequencyWords tr_50k
45faea11-923e-55f6-9e33-351eb6a2f2d9,PERKİ,5,true,false,2026-08-02T00:00:00Z,,,Zemberek master-dictionary + FrequencyWords tr_50k
5caf3dfe-f88a-5756-a81f-e9492bc81394,PERMA,5,true,false,2026-08-02T00:00:00Z,,,Zemberek master-dictionary + FrequencyWords tr_50k
086f950b-a933-5fd9-af0a-60b6145a14e6,PERMİ,5,true,false,2026-08-02T00:00:00Z,,,Zemberek master-dictionary + FrequencyWords tr_50k
19f2797b-ebb9-5511-b726-2f09a1f38066,PERON,5,true,false,2026-08-02T00:00:00Z,,,Zemberek master-dictionary + FrequencyWords tr_50k
71925e5b-1f6f-5b6e-8895-ba76e5115c5b,PERUK,5,true,true,2026-08-02T00:00:00Z,1242,12894,Zemberek master-dictionary + FrequencyWords tr_50k
0b6927a4-15f2-58b4-9987-ec2a088d995b,PERVA,5,true,false,2026-08-02T00:00:00Z,,,Zemberek master-dictionary + FrequencyWords tr_50k
3d51811c-d3db-504e-828a-c060ff14acc1,PESEK,5,true,false,2026-08-02T00:00:00Z,,,Zemberek master-dictionary + FrequencyWords tr_50k
5497131b-6381-5c9c-8367-99f0cd303f4e,PESÜS,5,true,false,2026-08-02T00:00:00Z,,,Zemberek master-dictionary + FrequencyWords tr_50k
4bb3598b-48cb-59f0-ba9d-0f10879bea08,PETEK,5,true,false,2026-08-02T00:00:00Z,,,Zemberek master-dictionary + FrequencyWords tr_50k
eb13489f-fddd-528a-a9cd-95ef977a13df,PEYDA,5,true,false,2026-08-02T00:00:00Z,,,Zemberek master-dictionary + FrequencyWords tr_50k
acf14edb-4553-573b-b452-35fc32c30405,PEYKE,5,true,false,2026-08-02T00:00:00Z,,,Zemberek master-dictionary + FrequencyWords tr_50k
daa56fdd-5921-568a-84b6-706fc433cc2d,PEÇİÇ,5,true,false,2026-08-02T00:00:00Z,,,Zemberek master-dictionary + FrequencyWords tr_50k
766cea12-0df2-557c-a87c-32dede89aec5,PEŞİN,5,true,true,2026-08-02T00:00:00Z,1301,12410,Zemberek master-dictionary + FrequencyWords tr_50k
9a0ce020-de7c-54c0-9a38-c86b849f11de,PIHTI,5,true,true,2026-08-02T00:00:00Z,357,34094,Zemberek master-dictionary + FrequencyWords tr_50k
0ef3c485-e075-5ee5-851d-339c3a481410,PINAR,5,true,true,2026-08-02T00:00:00Z,515,25867,Zemberek master-dictionary + FrequencyWords tr_50k
3ef0616a-2d55-5384-8754-d04742330786,PIRIL,5,true,true,2026-08-02T00:00:00Z,1005,15275,Zemberek master-dictionary + FrequencyWords tr_50k
8ed6b3fa-2bfc-5aab-91ba-017ccfea4341,PIRPI,5,true,false,2026-08-02T00:00:00Z,,,Zemberek master-dictionary + FrequencyWords tr_50k
ff8b42b4-7210-5c0b-a56d-ff907e78ebb7,PIRTI,5,true,false,2026-08-02T00:00:00Z,,,Zemberek master-dictionary + FrequencyWords tr_50k
77c420e8-47ae-592b-908c-e85b85cda931,PITIR,5,true,false,2026-08-02T00:00:00Z,,,Zemberek master-dictionary + FrequencyWords tr_50k
443aae1f-0895-56d8-a0e3-84b06efe80d4,PLAKA,5,true,true,2026-08-02T00:00:00Z,1136,13854,Zemberek master-dictionary + FrequencyWords tr_50k
1413b33d-b33a-5074-b627-7d8be61e376a,PLASE,5,true,false,2026-08-02T00:00:00Z,,,Zemberek master-dictionary + FrequencyWords tr_50k
f5d20c2e-5b8d-5f1c-a072-e1cf6124761e,PLATO,5,true,true,2026-08-02T00:00:00Z,349,34735,Zemberek master-dictionary + FrequencyWords tr_50k
5f561de8-9026-563a-8544-247c7dc5716b,PLAZA,5,true,true,2026-08-02T00:00:00Z,852,17479,Zemberek master-dictionary + FrequencyWords tr_50k
e8c3d3cf-8e9f-50b6-b590-a98e9aff401f,PLİSE,5,true,false,2026-08-02T00:00:00Z,,,Zemberek master-dictionary + FrequencyWords tr_50k
ad09886b-3df6-5f2d-871f-ae6fb4e022bb,POFUR,5,true,false,2026-08-02T00:00:00Z,,,Zemberek master-dictionary + FrequencyWords tr_50k
099823cc-633f-5287-bb05-b60c1c5b5f87,POKER,5,true,true,2026-08-02T00:00:00Z,2933,6173,Zemberek master-dictionary + FrequencyWords tr_50k
8796555d-ee47-5e3c-a324-f069171553e0,POKUS,5,true,false,2026-08-02T00:00:00Z,,,Zemberek master-dictionary + FrequencyWords tr_50k
fd5bbe4b-f21d-56a3-b56c-970a14ff6c37,POLAR,5,true,false,2026-08-02T00:00:00Z,,,Zemberek master-dictionary + FrequencyWords tr_50k
de5f116b-101d-5753-8338-62fa3ce468a4,POLAT,5,true,false,2026-08-02T00:00:00Z,,,Zemberek master-dictionary + FrequencyWords tr_50k
3d762367-5b79-5fef-bef2-9634509d9baf,POLEN,5,true,true,2026-08-02T00:00:00Z,351,34544,Zemberek master-dictionary + FrequencyWords tr_50k
2c8d527c-79bc-5c51-b112-3dc474035c14,POLKA,5,true,false,2026-08-02T00:00:00Z,,,Zemberek master-dictionary + FrequencyWords tr_50k
fdf7ef16-ea79-5f7f-a14f-ad598972e945,POLİM,5,true,false,2026-08-02T00:00:00Z,,,Zemberek master-dictionary + FrequencyWords tr_50k
1bac9bc0-0129-50ad-a3e0-a3cce9b70c91,POLİP,5,true,false,2026-08-02T00:00:00Z,,,Zemberek master-dictionary + FrequencyWords tr_50k
274a9aaa-2dd6-56b6-8e20-6fef0597eebf,POLİS,5,true,true,2026-08-02T00:00:00Z,67207,326,Zemberek master-dictionary + FrequencyWords tr_50k
317531e0-7e63-5ba5-8c28-e7cff856e042,POMAT,5,true,false,2026-08-02T00:00:00Z,,,Zemberek master-dictionary + FrequencyWords tr_50k
0cddb68c-db78-5b00-9b61-b490614e6a31,POMPA,5,true,true,2026-08-02T00:00:00Z,551,24553,Zemberek master-dictionary + FrequencyWords tr_50k
e6138458-a331-5c13-92b0-4a35e1e4730b,PONJE,5,true,false,2026-08-02T00:00:00Z,,,Zemberek master-dictionary + FrequencyWords tr_50k
3620d7ea-3b5d-52be-9130-8751652dd0f1,PONZA,5,true,false,2026-08-02T00:00:00Z,,,Zemberek master-dictionary + FrequencyWords tr_50k
42815e74-0aed-5fbc-8b9a-888ed653756c,PORNO,5,true,false,2026-08-02T00:00:00Z,4367,4347,Zemberek master-dictionary + FrequencyWords tr_50k
4c34d880-0206-576d-9b93-1c9b5e7f9c32,PORTE,5,true,false,2026-08-02T00:00:00Z,,,Zemberek master-dictionary + FrequencyWords tr_50k
45a88a2e-5fb3-546f-8b1c-e499e07ff523,PORTO,5,true,true,2026-08-02T00:00:00Z,966,15791,Zemberek master-dictionary + FrequencyWords tr_50k
c11bfb35-2264-5e1b-a578-38947963342d,POSTA,5,true,true,2026-08-02T00:00:00Z,5827,3329,Zemberek master-dictionary + FrequencyWords tr_50k
2f409a07-a5d2-5a79-9b71-3cd1621c8f4a,POTAS,5,true,false,2026-08-02T00:00:00Z,,,Zemberek master-dictionary + FrequencyWords tr_50k
00f6c9a6-93b2-5404-9547-9b6398c9eb3e,POTUK,5,true,false,2026-08-02T00:00:00Z,,,Zemberek master-dictionary + FrequencyWords tr_50k
867dee44-e3e5-5838-96ab-41951650f7b1,POTUR,5,true,false,2026-08-02T00:00:00Z,,,Zemberek master-dictionary + FrequencyWords tr_50k
ea53769b-f417-5f8a-8ca3-459c72cf8935,POTİN,5,true,false,2026-08-02T00:00:00Z,,,Zemberek master-dictionary + FrequencyWords tr_50k
93848ed9-5cba-5fa2-b717-d723ccb8f543,POUND,5,true,true,2026-08-02T00:00:00Z,2819,6423,Zemberek master-dictionary + FrequencyWords tr_50k
9e28e66f-12c0-5902-8a9b-a8055aa99730,POYRA,5,true,false,2026-08-02T00:00:00Z,,,Zemberek master-dictionary + FrequencyWords tr_50k
fbf82072-3f28-54ae-a791-7f5a7d299fab,POŞET,5,true,true,2026-08-02T00:00:00Z,786,18669,Zemberek master-dictionary + FrequencyWords tr_50k
48fcfe84-bce1-5d9a-81f3-ec1f60af99bc,PRAFA,5,true,false,2026-08-02T00:00:00Z,,,Zemberek master-dictionary + FrequencyWords tr_50k
67f755fd-5387-57dc-be0b-6d436fa1c8f8,PRENS,5,true,true,2026-08-02T00:00:00Z,7370,2651,Zemberek master-dictionary + FrequencyWords tr_50k
3b9eb71c-9d81-5990-8aa3-9647be106ce1,PRESE,5,true,false,2026-08-02T00:00:00Z,,,Zemberek master-dictionary + FrequencyWords tr_50k
a8a6c823-bf5e-55b9-a5a7-586558c317ed,PROJE,5,true,true,2026-08-02T00:00:00Z,3033,6014,Zemberek master-dictionary + FrequencyWords tr_50k
fe692874-6a81-5a71-a34c-43ae6911100c,PROVA,5,true,true,2026-08-02T00:00:00Z,3382,5449,Zemberek master-dictionary + FrequencyWords tr_50k
97963628-e05d-5419-bf7c-ec06edfba3dd,PRUVA,5,true,false,2026-08-02T00:00:00Z,,,Zemberek master-dictionary + FrequencyWords tr_50k
43417855-e055-5032-8610-9a42007ef280,PRİNT,5,true,false,2026-08-02T00:00:00Z,,,Zemberek master-dictionary + FrequencyWords tr_50k
872a7549-e3fa-5b08-9135-2d56959dba56,PUDRA,5,true,true,2026-08-02T00:00:00Z,505,26291,Zemberek master-dictionary + FrequencyWords tr_50k
68fdd4c7-60fb-577c-9ab6-fc869a6206ac,PULUÇ,5,true,false,2026-08-02T00:00:00Z,,,Zemberek master-dictionary + FrequencyWords tr_50k
0f47acc7-9374-578c-bd00-e5d64ff5fdd9,PUMBA,5,true,false,2026-08-02T00:00:00Z,,,Zemberek master-dictionary + FrequencyWords tr_50k
ac1d31ed-87f2-5a92-9127-8afc0ca01858,PUNTO,5,true,false,2026-08-02T00:00:00Z,,,Zemberek master-dictionary + FrequencyWords tr_50k
faa8f34c-87f6-55e1-a66f-9f01b985b7e6,PUSAT,5,true,false,2026-08-02T00:00:00Z,,,Zemberek master-dictionary + FrequencyWords tr_50k
1082336c-0569-575e-b42e-24cdb588d1b2,PUSET,5,true,false,2026-08-02T00:00:00Z,,,Zemberek master-dictionary + FrequencyWords tr_50k
e3639b85-2f5b-5cab-86e1-f39379cf68c3,PÖÇÜK,5,true,false,2026-08-02T00:00:00Z,,,Zemberek master-dictionary + FrequencyWords tr_50k
c4d956e3-20dc-5f47-b0a7-b4b3404192e8,PÜFÜR,5,true,false,2026-08-02T00:00:00Z,,,Zemberek master-dictionary + FrequencyWords tr_50k
c5eaa91f-68e6-5f35-92f3-161df7834a46,PÜNEZ,5,true,false,2026-08-02T00:00:00Z,,,Zemberek master-dictionary + FrequencyWords tr_50k
09338b0e-ff40-5983-821e-075c7e3acb3c,PÜREN,5,true,false,2026-08-02T00:00:00Z,,,Zemberek master-dictionary + FrequencyWords tr_50k
42ba6ddf-0b95-5a74-9fe0-6a3df86bdef5,PÜRÜZ,5,true,true,2026-08-02T00:00:00Z,305,38209,Zemberek master-dictionary + FrequencyWords tr_50k
2946f099-dc7e-5ab3-a3a2-e1c4957bb2d7,PÜSKÜ,5,true,false,2026-08-02T00:00:00Z,252,44058,Zemberek master-dictionary + FrequencyWords tr_50k
cea3a9bb-a8c0-53be-b2d5-0a6f1dd5e332,PÜSÜR,5,true,false,2026-08-02T00:00:00Z,,,Zemberek master-dictionary + FrequencyWords tr_50k
80e6e8dc-5ab6-59fc-9449-9ee9f21f997d,PÜTÜR,5,true,false,2026-08-02T00:00:00Z,,,Zemberek master-dictionary + FrequencyWords tr_50k
3325235a-b8ec-58bc-953f-3d97d1e41fb0,PİKAJ,5,true,false,2026-08-02T00:00:00Z,,,Zemberek master-dictionary + FrequencyWords tr_50k
668e8b6e-0857-50bf-baa2-b8688fa89bec,PİKAP,5,true,false,2026-08-02T00:00:00Z,265,42465,Zemberek master-dictionary + FrequencyWords tr_50k
2461f8e9-a0f7-5e5d-9062-01573ea0ee02,PİKET,5,true,false,2026-08-02T00:00:00Z,,,Zemberek master-dictionary + FrequencyWords tr_50k
886d6572-9930-5015-80c4-eb54e91390ad,PİLOT,5,true,true,2026-08-02T00:00:00Z,5079,3781,Zemberek master-dictionary + FrequencyWords tr_50k
32adf2ac-bd3e-50c9-967c-5297df8c0ef8,PİLİÇ,5,true,true,2026-08-02T00:00:00Z,1422,11502,Zemberek master-dictionary + FrequencyWords tr_50k
27f9ff40-e51c-5e98-9c11-fb927d718ee8,PİNEL,5,true,false,2026-08-02T00:00:00Z,,,Zemberek master-dictionary + FrequencyWords tr_50k
3bd1138e-bb67-5fbe-b590-042cdf039e42,PİNES,5,true,false,2026-08-02T00:00:00Z,215,49347,Zemberek master-dictionary + FrequencyWords tr_50k
67f98cab-e8c6-5ebd-a893-323a20192a37,PİNTİ,5,true,false,2026-08-02T00:00:00Z,,,Zemberek master-dictionary + FrequencyWords tr_50k
a55375ee-91e7-5d94-aa40-536cb9fe4782,PİPET,5,true,false,2026-08-02T00:00:00Z,,,Zemberek master-dictionary + FrequencyWords tr_50k
cee24166-e215-5732-a8c9-c71b7e97f001,PİRİT,5,true,false,2026-08-02T00:00:00Z,,,Zemberek master-dictionary + FrequencyWords tr_50k
3b6198cf-0526-5277-b518-0c11c998e5c2,PİSİK,5,true,false,2026-08-02T00:00:00Z,,,Zemberek master-dictionary + FrequencyWords tr_50k
88a89440-0def-5138-8422-59984571e5ab,PİSİN,5,true,false,2026-08-02T00:00:00Z,,,Zemberek master-dictionary + FrequencyWords tr_50k
1da3a717-dd94-5a1a-9e11-207f23d7bf15,PİTON,5,true,false,2026-08-02T00:00:00Z,,,Zemberek master-dictionary + FrequencyWords tr_50k
f3ce170c-4375-5e11-9795-7157bd892946,PİYAN,5,true,false,2026-08-02T00:00:00Z,,,Zemberek master-dictionary + FrequencyWords tr_50k
d726ce12-236a-5692-be24-7307abc8176b,PİYAZ,5,true,false,2026-08-02T00:00:00Z,,,Zemberek master-dictionary + FrequencyWords tr_50k
29fdfd92-0b85-516f-8107-b38e713880b3,PİYES,5,true,false,2026-08-02T00:00:00Z,,,Zemberek master-dictionary + FrequencyWords tr_50k
39bd542e-55f5-5ab9-ad71-d9e601234b69,PİYON,5,true,true,2026-08-02T00:00:00Z,506,26212,Zemberek master-dictionary + FrequencyWords tr_50k
aef238c3-45fb-5c4f-8235-9035183abc23,PİZZA,5,true,true,2026-08-02T00:00:00Z,7077,2776,Zemberek master-dictionary + FrequencyWords tr_50k
a50ad1cd-f8f6-516e-ba0c-4428585318c3,PİŞEK,5,true,false,2026-08-02T00:00:00Z,,,Zemberek master-dictionary + FrequencyWords tr_50k
5172988a-6677-5d23-bb53-5eb8da491636,PİŞTİ,5,true,false,2026-08-02T00:00:00Z,264,42629,Zemberek master-dictionary + FrequencyWords tr_50k
d0d8aa6e-330d-554a-87ef-f135e8b2bb96,PİŞİK,5,true,false,2026-08-02T00:00:00Z,,,Zemberek master-dictionary + FrequencyWords tr_50k
cf4dc8d6-0952-586c-81af-5c952eaef73f,PİŞİM,5,true,false,2026-08-02T00:00:00Z,,,Zemberek master-dictionary + FrequencyWords tr_50k
030d3a1e-a4f7-5a18-b963-30c2718b26ae,RABIT,5,true,false,2026-08-02T00:00:00Z,,,Zemberek master-dictionary + FrequencyWords tr_50k
922a7125-a5db-5a03-a982-262b31e84f87,RACON,5,true,false,2026-08-02T00:00:00Z,,,Zemberek master-dictionary + FrequencyWords tr_50k
0f7fa81b-fbb3-5788-abfd-15379fcff461,RADAR,5,true,true,2026-08-02T00:00:00Z,1135,13861,Zemberek master-dictionary + FrequencyWords tr_50k
86b1d78c-0cf8-56be-af0f-87f26cd6858b,RADDE,5,true,false,2026-08-02T00:00:00Z,,,Zemberek master-dictionary + FrequencyWords tr_50k
4bcac09b-9237-53f8-ba24-c71295e6d287,RADON,5,true,false,2026-08-02T00:00:00Z,,,Zemberek master-dictionary + FrequencyWords tr_50k
25e63bcb-4bec-54ea-9645-49b2933d6a68,RADYO,5,true,true,2026-08-02T00:00:00Z,5580,3486,Zemberek master-dictionary + FrequencyWords tr_50k
2fcbadf0-9d68-5c2b-aa7d-367e76c3e0bd,RAFYA,5,true,false,2026-08-02T00:00:00Z,,,Zemberek master-dictionary + FrequencyWords tr_50k
5a519da6-720e-519a-9ec4-f7751acc2b26,RAFİT,5,true,false,2026-08-02T00:00:00Z,,,Zemberek master-dictionary + FrequencyWords tr_50k
1ababfa3-bd02-5003-abb3-b883d05effb9,RAGBİ,5,true,false,2026-08-02T00:00:00Z,,,Zemberek master-dictionary + FrequencyWords tr_50k
bb35811f-454d-5e3d-a93f-84b1965b528e,RAHAT,5,true,false,2026-08-02T00:00:00Z,41714,506,Zemberek master-dictionary + FrequencyWords tr_50k
3ba931f1-6f05-50be-82d0-d8a17b751d41,RAHLE,5,true,false,2026-08-02T00:00:00Z,,,Zemberek master-dictionary + FrequencyWords tr_50k
e00d2891-0d59-52c4-8813-7c0c3bc8d09f,RAHNE,5,true,false,2026-08-02T00:00:00Z,,,Zemberek master-dictionary + FrequencyWords tr_50k
789fb4a0-a9fc-529a-9d6c-6d35ac5b862e,RAHİM,5,true,true,2026-08-02T00:00:00Z,800,18409,Zemberek master-dictionary + FrequencyWords tr_50k
28628bd8-5a03-59dc-bb52-f7b66f063e5b,RAHİP,5,true,true,2026-08-02T00:00:00Z,6744,2898,Zemberek master-dictionary + FrequencyWords tr_50k
82e01504-cf19-5975-a05a-db93794a876f,RAKAM,5,true,true,2026-08-02T00:00:00Z,1599,10446,Zemberek master-dictionary + FrequencyWords tr_50k
0f7b0065-3b8f-5663-92f1-d7370ccc706e,RAKET,5,true,false,2026-08-02T00:00:00Z,,,Zemberek master-dictionary + FrequencyWords tr_50k
f6892a0a-5ccd-57f4-8143-4e5fcde70c99,RAKIM,5,true,false,2026-08-02T00:00:00Z,,,Zemberek master-dictionary + FrequencyWords tr_50k
9c7d07c9-fecf-5f3d-a112-0526d52a62a7,RAKOR,5,true,false,2026-08-02T00:00:00Z,,,Zemberek master-dictionary + FrequencyWords tr_50k
228365aa-a2b7-5823-a031-01a4237b6573,RAKİK,5,true,false,2026-08-02T00:00:00Z,,,Zemberek master-dictionary + FrequencyWords tr_50k
8f3cfc64-15df-5334-8af0-19c4282af26d,RAKİP,5,true,true,2026-08-02T00:00:00Z,2134,8187,Zemberek master-dictionary + FrequencyWords tr_50k
3fa80f66-ee20-522d-a250-c99a76a6b021,RAKİT,5,true,false,2026-08-02T00:00:00Z,,,Zemberek master-dictionary + FrequencyWords tr_50k
12c30744-28e5-5204-8cbb-ec68bc3ff9ab,RALLİ,5,true,false,2026-08-02T00:00:00Z,,,Zemberek master-dictionary + FrequencyWords tr_50k
c0b14016-dcd0-5ead-9b76-bc94addfc025,RAMAK,5,true,false,2026-08-02T00:00:00Z,557,24365,Zemberek master-dictionary + FrequencyWords tr_50k
ae3944ec-86df-5918-b328-5e07a27dc042,RAMPA,5,true,false,2026-08-02T00:00:00Z,231,46909,Zemberek master-dictionary + FrequencyWords tr_50k
87b6dbf6-8c52-517c-99b6-43275328ee12,RANDA,5,true,false,2026-08-02T00:00:00Z,,,Zemberek master-dictionary + FrequencyWords tr_50k
5a131ca5-d238-58c5-8da7-42386125fc9e,RANZA,5,true,false,2026-08-02T00:00:00Z,240,45634,Zemberek master-dictionary + FrequencyWords tr_50k
cb2d6001-6b9b-5c55-8588-90181c898099,RAPOR,5,true,true,2026-08-02T00:00:00Z,11085,1769,Zemberek master-dictionary + FrequencyWords tr_50k
2da255bd-30c0-5e07-81fb-3bc07af528b8,RASAT,5,true,false,2026-08-02T00:00:00Z,,,Zemberek master-dictionary + FrequencyWords tr_50k
d2441562-f911-57b1-9fb5-3b152421198e,RASIT,5,true,false,2026-08-02T00:00:00Z,,,Zemberek master-dictionary + FrequencyWords tr_50k
d00e636e-c184-57a9-9b85-1b265a17e520,RASPA,5,true,false,2026-08-02T00:00:00Z,,,Zemberek master-dictionary + FrequencyWords tr_50k
db319aa1-33b7-563c-b1ae-d9ca484dc56d,RASYO,5,true,false,2026-08-02T00:00:00Z,,,Zemberek master-dictionary + FrequencyWords tr_50k
671feec2-9157-5577-93eb-1f81ebe8f129,RATIP,5,true,false,2026-08-02T00:00:00Z,,,Zemberek master-dictionary + FrequencyWords tr_50k
4557a192-6a01-59e4-81fd-80ddc2dae6c0,RAUNT,5,true,true,2026-08-02T00:00:00Z,687,20740,Zemberek master-dictionary + FrequencyWords tr_50k
99518e24-1545-55e3-b6c8-ee143d12f69a,RAYBA,5,true,false,2026-08-02T00:00:00Z,,,Zemberek master-dictionary + FrequencyWords tr_50k
0fca893a-8e6b-5a1d-b2e5-054b43d6d0f8,RAYİÇ,5,true,false,2026-08-02T00:00:00Z,,,Zemberek master-dictionary + FrequencyWords tr_50k
66e6f418-be88-5120-aa94-7c6e7690e874,REAYA,5,true,false,2026-08-02T00:00:00Z,,,Zemberek master-dictionary + FrequencyWords tr_50k
7cce0319-ae1b-522c-b657-b6a2e69282a9,REBAP,5,true,false,2026-08-02T00:00:00Z,,,Zemberek master-dictionary + FrequencyWords tr_50k
81623bd0-990d-5198-9288-dd3d6bb6b6c4,RECEP,5,true,true,2026-08-02T00:00:00Z,370,33214,Zemberek master-dictionary + FrequencyWords tr_50k
65446e18-96b6-5371-ad2c-3234f54deebd,RECİM,5,true,false,2026-08-02T00:00:00Z,,,Zemberek master-dictionary + FrequencyWords tr_50k
b8958ac6-aafe-589a-85d8-09144d88f2d0,REDİF,5,true,false,2026-08-02T00:00:00Z,,,Zemberek master-dictionary + FrequencyWords tr_50k
1bca5459-0296-5686-b179-354de390f5c8,REFAH,5,true,true,2026-08-02T00:00:00Z,609,22806,Zemberek master-dictionary + FrequencyWords tr_50k
af4e52f9-837d-554e-ac79-31b9089dfbf5,REFÜJ,5,true,false,2026-08-02T00:00:00Z,,,Zemberek master-dictionary + FrequencyWords tr_50k
6c202e9b-067f-5930-841f-3a193ee1da57,REFİK,5,true,false,2026-08-02T00:00:00Z,,,Zemberek master-dictionary + FrequencyWords tr_50k
084ee02a-8dcd-5bbe-ae4b-4334a58d3e38,REHİN,5,true,true,2026-08-02T00:00:00Z,2623,6849,Zemberek master-dictionary + FrequencyWords tr_50k
adff7ef9-5162-5b39-ae1d-e0051e24825c,REJİM,5,true,true,2026-08-02T00:00:00Z,430,29671,Zemberek master-dictionary + FrequencyWords tr_50k
4b379c0d-6d95-5e31-a73a-8970b015692d,REKOR,5,true,true,2026-08-02T00:00:00Z,1265,12698,Zemberek master-dictionary + FrequencyWords tr_50k
30422214-3855-55c9-986f-b024775abe0d,REKİZ,5,true,false,2026-08-02T00:00:00Z,,,Zemberek master-dictionary + FrequencyWords tr_50k
ad73ab11-a28f-5fdc-af43-2a0193a6500f,REMEL,5,true,false,2026-08-02T00:00:00Z,,,Zemberek master-dictionary + FrequencyWords tr_50k
f96d85b8-01a2-5b69-86d2-93434fa5cfe0,REMİL,5,true,false,2026-08-02T00:00:00Z,,,Zemberek master-dictionary + FrequencyWords tr_50k
faf46b3a-6fb3-5aef-9eea-0d5f5a1f4576,REMİZ,5,true,false,2026-08-02T00:00:00Z,,,Zemberek master-dictionary + FrequencyWords tr_50k
4af85651-891d-5961-b0ce-9b220835f96f,RENDE,5,true,false,2026-08-02T00:00:00Z,,,Zemberek master-dictionary + FrequencyWords tr_50k
62243d88-3282-5f0f-84fb-faeeedb1ebc2,RESEN,5,true,false,2026-08-02T00:00:00Z,,,Zemberek master-dictionary + FrequencyWords tr_50k
e37427f1-3df9-57d2-966b-cea6c54ac62e,RESUL,5,true,false,2026-08-02T00:00:00Z,,,Zemberek master-dictionary + FrequencyWords tr_50k
117b0201-b533-5b63-abc2-50badfd4f85c,RESİF,5,true,false,2026-08-02T00:00:00Z,,,Zemberek master-dictionary + FrequencyWords tr_50k
23aaee39-fa67-5ff7-aa7a-1d8b9b4f82fd,RESİM,5,true,true,2026-08-02T00:00:00Z,12422,1601,Zemberek master-dictionary + FrequencyWords tr_50k
deee29cc-3e60-55b5-96cb-9662d941faaa,REVAK,5,true,false,2026-08-02T00:00:00Z,,,Zemberek master-dictionary + FrequencyWords tr_50k
d73214e6-3180-53f5-827c-094e747b2799,REVAN,5,true,false,2026-08-02T00:00:00Z,,,Zemberek master-dictionary + FrequencyWords tr_50k
a9879217-77dc-51a4-a4ff-10efce32b98b,REVAÇ,5,true,false,2026-08-02T00:00:00Z,,,Zemberek master-dictionary + FrequencyWords tr_50k
79ecc12d-19a3-50ac-83a5-4ef9c8fc12f5,REVİR,5,true,true,2026-08-02T00:00:00Z,636,22048,Zemberek master-dictionary + FrequencyWords tr_50k
91a474e1-06f3-5426-bef2-a69f600ed99e,REVİŞ,5,true,false,2026-08-02T00:00:00Z,,,Zemberek master-dictionary + FrequencyWords tr_50k
700a3142-44df-5134-ac81-e6ddd55bba26,REYON,5,true,false,2026-08-02T00:00:00Z,,,Zemberek master-dictionary + FrequencyWords tr_50k
dd999b10-f036-50d3-af1a-75671a024f50,REZİL,5,true,true,2026-08-02T00:00:00Z,5586,3482,Zemberek master-dictionary + FrequencyWords tr_50k
562fb6d7-dd04-5df5-a83d-ee7bd97bad49,REÇEL,5,true,true,2026-08-02T00:00:00Z,710,20244,Zemberek master-dictionary + FrequencyWords tr_50k
08e7bb36-d5c9-5f93-a21f-2bdb00815d4e,REŞME,5,true,false,2026-08-02T00:00:00Z,,,Zemberek master-dictionary + FrequencyWords tr_50k
08af82d5-7104-5ba6-922f-3253e4d503c8,REŞİT,5,true,true,2026-08-02T00:00:00Z,1326,12203,Zemberek master-dictionary + FrequencyWords tr_50k
f5ba41c2-72d7-531d-b9b0-d3ce4d4395a4,RIZIK,5,true,false,2026-08-02T00:00:00Z,,,Zemberek master-dictionary + FrequencyWords tr_50k
9aedf5e9-a4c2-514d-a081-c3b1562659b0,ROBOT,5,true,true,2026-08-02T00:00:00Z,4739,4034,Zemberek master-dictionary + FrequencyWords tr_50k
9966320f-010c-5b43-85cf-0292f8db5820,RODAJ,5,true,false,2026-08-02T00:00:00Z,,,Zemberek master-dictionary + FrequencyWords tr_50k
ef13fca9-104a-5909-aa76-f969c3aa1f3e,RODEO,5,true,true,2026-08-02T00:00:00Z,552,24517,Zemberek master-dictionary + FrequencyWords tr_50k
a8100c8f-df74-52e4-a57b-9501128cd734,ROKET,5,true,true,2026-08-02T00:00:00Z,2312,7648,Zemberek master-dictionary + FrequencyWords tr_50k
1f3e07fb-fcf8-50c5-a921-0690e5661d55,ROMAN,5,true,true,2026-08-02T00:00:00Z,4993,3841,Zemberek master-dictionary + FrequencyWords tr_50k
1f36fb41-c334-5964-8816-559a3a3fb4b6,ROSTO,5,true,true,2026-08-02T00:00:00Z,456,28413,Zemberek master-dictionary + FrequencyWords tr_50k
1e597174-3f65-5559-a5ce-b4130c936cca,ROTOR,5,true,false,2026-08-02T00:00:00Z,,,Zemberek master-dictionary + FrequencyWords tr_50k
e61aa157-8b08-5245-9338-a44d0cc78446,ROTİL,5,true,false,2026-08-02T00:00:00Z,,,Zemberek master-dictionary + FrequencyWords tr_50k
1c9930fc-b0d4-5a94-87fa-3b050db74392,ROZET,5,true,true,2026-08-02T00:00:00Z,958,15901,Zemberek master-dictionary + FrequencyWords tr_50k
62d96b5a-8d97-592f-a153-5534cc8ba0f6,RUBLE,5,true,true,2026-08-02T00:00:00Z,364,33657,Zemberek master-dictionary + FrequencyWords tr_50k
6d2ec7e0-3d21-5167-ba9d-ea81774ce6d4,RUGAN,5,true,false,2026-08-02T00:00:00Z,,,Zemberek master-dictionary + FrequencyWords tr_50k
e007f5f7-97e9-5693-b061-8586b7f753b8,RUGBİ,5,true,false,2026-08-02T00:00:00Z,,,Zemberek master-dictionary + FrequencyWords tr_50k
d159cbc3-7b9f-5827-810f-8886ad34fb65,RUHEN,5,true,true,2026-08-02T00:00:00Z,301,38629,Zemberek master-dictionary + FrequencyWords tr_50k
54f878ed-1f66-531b-9f95-b6d302465859,RULET,5,true,false,2026-08-02T00:00:00Z,278,40997,Zemberek master-dictionary + FrequencyWords tr_50k
7d7b9bc9-f81b-510a-bc6c-cbc17fcebbdb,RUMBA,5,true,false,2026-08-02T00:00:00Z,,,Zemberek master-dictionary + FrequencyWords tr_50k
ef4ca581-56f2-5308-b569-863c5834cd37,RUMUZ,5,true,false,2026-08-02T00:00:00Z,,,Zemberek master-dictionary + FrequencyWords tr_50k
7a58e5c6-bbbe-53ca-8941-738d684f78b6,RUNİK,5,true,false,2026-08-02T00:00:00Z,,,Zemberek master-dictionary + FrequencyWords tr_50k
be862911-ea61-5871-ab7c-18ee5a046aa9,RUTİN,5,true,true,2026-08-02T00:00:00Z,1555,10704,Zemberek master-dictionary + FrequencyWords tr_50k
40428856-fff6-5454-99de-1331fedf3eab,RÖFLE,5,true,false,2026-08-02T00:00:00Z,,,Zemberek master-dictionary + FrequencyWords tr_50k
fa196ea2-e58b-5882-ba80-a794c284f47e,RÖGAR,5,true,false,2026-08-02T00:00:00Z,,,Zemberek master-dictionary + FrequencyWords tr_50k
6f0b158e-54b0-556c-ae09-e1ae853f4b8f,RÖTAR,5,true,false,2026-08-02T00:00:00Z,241,45423,Zemberek master-dictionary + FrequencyWords tr_50k
9fad0a90-6d30-59d0-a165-2af32fa86a07,RÖTUŞ,5,true,false,2026-08-02T00:00:00Z,,,Zemberek master-dictionary + FrequencyWords tr_50k
0cf6f8c1-c5a7-5cd7-a815-a085cf6e9a84,RÜBAP,5,true,false,2026-08-02T00:00:00Z,,,Zemberek master-dictionary + FrequencyWords tr_50k
0009c4e5-2af7-58d9-a23b-e6c57e784a14,RÜESA,5,true,false,2026-08-02T00:00:00Z,,,Zemberek master-dictionary + FrequencyWords tr_50k
ad4c31cb-5866-57be-b490-6c1cbaa09304,RÜKÜN,5,true,false,2026-08-02T00:00:00Z,,,Zemberek master-dictionary + FrequencyWords tr_50k
9489bf37-b7d9-5af1-bfd1-52902b0616d3,RÜKÜŞ,5,true,false,2026-08-02T00:00:00Z,,,Zemberek master-dictionary + FrequencyWords tr_50k
ec0ce72f-0f4c-5241-a68e-1078c0351cf7,RÜSUM,5,true,false,2026-08-02T00:00:00Z,,,Zemberek master-dictionary + FrequencyWords tr_50k
e9f4def8-22e9-5d04-8d1a-363dbb0a71ff,RÜSUP,5,true,false,2026-08-02T00:00:00Z,,,Zemberek master-dictionary + FrequencyWords tr_50k
162932b8-63b9-5ce9-acd5-216c644fcf9d,RÜSVA,5,true,false,2026-08-02T00:00:00Z,,,Zemberek master-dictionary + FrequencyWords tr_50k
e8da8239-03f8-5dc4-88fc-b6e065813095,RÜTBE,5,true,true,2026-08-02T00:00:00Z,501,26437,Zemberek master-dictionary + FrequencyWords tr_50k
5303d0c0-2ab1-5cc3-b8cb-062359dd8d1c,RÜYET,5,true,false,2026-08-02T00:00:00Z,,,Zemberek master-dictionary + FrequencyWords tr_50k
cea64c8f-a834-5d5b-ada7-36b11970a1b4,RİCAL,5,true,false,2026-08-02T00:00:00Z,,,Zemberek master-dictionary + FrequencyWords tr_50k
9e1ddd41-fa55-53b4-a724-3c306a31c17d,RİCAT,5,true,false,2026-08-02T00:00:00Z,,,Zemberek master-dictionary + FrequencyWords tr_50k
4151d82c-67a8-5d66-bad3-77745dfe05d1,RİJİT,5,true,false,2026-08-02T00:00:00Z,,,Zemberek master-dictionary + FrequencyWords tr_50k
847bf8b1-3351-5ac9-883c-ff145075ca3b,RİMEL,5,true,false,2026-08-02T00:00:00Z,,,Zemberek master-dictionary + FrequencyWords tr_50k
92741874-bda8-569f-9b12-02f9c66fe557,RİNGA,5,true,true,2026-08-02T00:00:00Z,323,36673,Zemberek master-dictionary + FrequencyWords tr_50k
ee9a98e2-ba4f-5ade-a04e-c4fbf4f06ce2,RİTİM,5,true,true,2026-08-02T00:00:00Z,916,16458,Zemberek master-dictionary + FrequencyWords tr_50k
a6b19e6d-6564-512d-bbea-51d3b4f44183,RİYAL,5,true,false,2026-08-02T00:00:00Z,,,Zemberek master-dictionary + FrequencyWords tr_50k
de272eac-affa-5954-b5d3-ffba61aba727,SABAH,5,true,true,2026-08-02T00:00:00Z,61154,346,Zemberek master-dictionary + FrequencyWords tr_50k
0fa75b0e-56d6-585d-aea5-94eb9b9b5e40,SABAN,5,true,false,2026-08-02T00:00:00Z,,,Zemberek master-dictionary + FrequencyWords tr_50k
d3edb93f-cc67-5fad-b591-58971dfd4146,SABIK,5,true,false,2026-08-02T00:00:00Z,,,Zemberek master-dictionary + FrequencyWords tr_50k
72b7827d-5d6d-5a0d-a1ea-0cfa3c30bb07,SABIR,5,true,true,2026-08-02T00:00:00Z,1612,10378,Zemberek master-dictionary + FrequencyWords tr_50k
37cd40b3-dd10-5e0e-9643-3cc2352d048a,SABUH,5,true,false,2026-08-02T00:00:00Z,,,Zemberek master-dictionary + FrequencyWords tr_50k
76214d16-86ed-5ede-be47-669a40750184,SABUK,5,true,false,2026-08-02T00:00:00Z,232,46761,Zemberek master-dictionary + FrequencyWords tr_50k
e77459c0-b790-53e8-b0d7-b950799ef988,SABUN,5,true,true,2026-08-02T00:00:00Z,1656,10146,Zemberek master-dictionary + FrequencyWords tr_50k
b70ec62e-6137-5163-aa3c-15c00a6388f6,SABUR,5,true,false,2026-08-02T00:00:00Z,,,Zemberek master-dictionary + FrequencyWords tr_50k
fc31ecc3-505f-5d3f-ae09-4e7ffc4e6ff0,SABİT,5,true,true,2026-08-02T00:00:00Z,5600,3473,Zemberek master-dictionary + FrequencyWords tr_50k
2f86e5a1-8cd2-52b5-b25b-e1750d98a179,SADAK,5,true,false,2026-08-02T00:00:00Z,,,Zemberek master-dictionary + FrequencyWords tr_50k
418bb5c8-b8f9-54c2-8025-181738440bab,SADET,5,true,false,2026-08-02T00:00:00Z,,,Zemberek master-dictionary + FrequencyWords tr_50k
dfd9b672-8ad8-5cc9-a170-a4452d07cfdb,SADIK,5,true,true,2026-08-02T00:00:00Z,7474,2615,Zemberek master-dictionary + FrequencyWords tr_50k
464d78a7-6818-5176-81c7-ecb363090d46,SADIR,5,true,false,2026-08-02T00:00:00Z,,,Zemberek master-dictionary + FrequencyWords tr_50k
c9175a6e-a848-5b85-ae71-a6e39f07aefb,SADİK,5,true,false,2026-08-02T00:00:00Z,,,Zemberek master-dictionary + FrequencyWords tr_50k
790888ba-0c24-5271-b96f-4f1db77922bf,SAFER,5,true,false,2026-08-02T00:00:00Z,,,Zemberek master-dictionary + FrequencyWords tr_50k
57a35ca0-8911-54eb-ad13-625d23702104,SAFHA,5,true,false,2026-08-02T00:00:00Z,,,Zemberek master-dictionary + FrequencyWords tr_50k
925bd701-c39e-5acf-a488-f5624ec9402f,SAFRA,5,true,true,2026-08-02T00:00:00Z,557,24355,Zemberek master-dictionary + FrequencyWords tr_50k
2e57bf63-fb56-59e8-af3e-427874ea07d3,SAFİR,5,true,false,2026-08-02T00:00:00Z,226,47732,Zemberek master-dictionary + FrequencyWords tr_50k
d36e0cd2-b4a2-5181-b84f-d3ae6814edb2,SAGAR,5,true,false,2026-08-02T00:00:00Z,,,Zemberek master-dictionary + FrequencyWords tr_50k
f73a3991-613d-5738-9142-43608f17f18d,SAHAF,5,true,false,2026-08-02T00:00:00Z,,,Zemberek master-dictionary + FrequencyWords tr_50k
196c0f2f-5875-57b2-a288-9a3e9ef5d723,SAHAN,5,true,false,2026-08-02T00:00:00Z,,,Zemberek master-dictionary + FrequencyWords tr_50k
943accda-0a1e-5a9f-bb9b-54cb84bc9722,SAHNE,5,true,true,2026-08-02T00:00:00Z,7631,2568,Zemberek master-dictionary + FrequencyWords tr_50k
96ddb4d5-c7c4-5ab2-a455-cd251a8a37c9,SAHRA,5,true,true,2026-08-02T00:00:00Z,502,26386,Zemberek master-dictionary + FrequencyWords tr_50k
0acf2118-f7f1-56e1-98e1-10838b02ab5f,SAHRE,5,true,false,2026-08-02T00:00:00Z,,,Zemberek master-dictionary + FrequencyWords tr_50k
b5dee13e-7ee4-58c3-86f0-7e0a175c46b7,SAHTE,5,true,true,2026-08-02T00:00:00Z,16545,1212,Zemberek master-dictionary + FrequencyWords tr_50k
32dbb35e-ad41-5330-a38d-640064091d91,SAHUR,5,true,false,2026-08-02T00:00:00Z,,,Zemberek master-dictionary + FrequencyWords tr_50k
54c8f234-549e-56d1-8df0-21bb02fd5353,SAHİH,5,true,false,2026-08-02T00:00:00Z,,,Zemberek master-dictionary + FrequencyWords tr_50k
2e9967bf-ce2c-55e3-adcb-8887701aaf88,SAHİL,5,true,true,2026-08-02T00:00:00Z,3003,6066,Zemberek master-dictionary + FrequencyWords tr_50k
9d20ab3b-dc01-599b-9269-63c3a3ea6201,SAHİP,5,true,false,2026-08-02T00:00:00Z,50688,416,Zemberek master-dictionary + FrequencyWords tr_50k
6bfe1d4b-57ba-5536-b2b2-6c87ed6a08b1,SAKAF,5,true,false,2026-08-02T00:00:00Z,,,Zemberek master-dictionary + FrequencyWords tr_50k
7373bbbe-85b7-5ad1-a988-c10c1da2ce1a,SAKAK,5,true,false,2026-08-02T00:00:00Z,,,Zemberek master-dictionary + FrequencyWords tr_50k
54363da9-4924-5b5e-b5e5-14972a9769d0,SAKAL,5,true,true,2026-08-02T00:00:00Z,1258,12753,Zemberek master-dictionary + FrequencyWords tr_50k
aad03b81-ff14-5d80-8378-480c867e4ee1,SAKAR,5,true,true,2026-08-02T00:00:00Z,692,20616,Zemberek master-dictionary + FrequencyWords tr_50k
4c955268-9097-5096-9cd8-c9ed85ccf978,SAKAT,5,true,true,2026-08-02T00:00:00Z,2302,7668,Zemberek master-dictionary + FrequencyWords tr_50k
363ba637-c493-53f8-8a79-40aa6dbb3ba2,SAKIN,5,true,false,2026-08-02T00:00:00Z,44238,482,Zemberek master-dictionary + FrequencyWords tr_50k
f23c25c0-869b-502a-b694-5fe684fa5dc6,SAKIR,5,true,false,2026-08-02T00:00:00Z,,,Zemberek master-dictionary + FrequencyWords tr_50k
19049a28-9629-540f-a114-dc38ff75ab87,SAKIT,5,true,false,2026-08-02T00:00:00Z,,,Zemberek master-dictionary + FrequencyWords tr_50k
f971c18b-1e41-5615-8af0-1ca0f935d199,SAKIZ,5,true,true,2026-08-02T00:00:00Z,2018,8560,Zemberek master-dictionary + FrequencyWords tr_50k
77e3edcd-823b-52cf-b317-2142e459823d,SAKLI,5,true,true,2026-08-02T00:00:00Z,2839,6382,Zemberek master-dictionary + FrequencyWords tr_50k
ab3b66e5-c1e1-585c-aab6-1e91b2fe7648,SAKSI,5,true,false,2026-08-02T00:00:00Z,287,40054,Zemberek master-dictionary + FrequencyWords tr_50k
f0240f7b-cef7-53b7-b40d-ba9f3f20d74d,SAKİL,5,true,false,2026-08-02T00:00:00Z,,,Zemberek master-dictionary + FrequencyWords tr_50k
eb790808-ec9b-5c6d-b86a-bd63860ff8ec,SAKİM,5,true,false,2026-08-02T00:00:00Z,,,Zemberek master-dictionary + FrequencyWords tr_50k
37fcdb74-6682-583f-be81-b5b2900bbe93,SAKİN,5,true,true,2026-08-02T00:00:00Z,61885,342,Zemberek master-dictionary + FrequencyWords tr_50k
6084fc54-d6ff-5b85-8866-8cf2067c6c11,SAKİT,5,true,false,2026-08-02T00:00:00Z,,,Zemberek master-dictionary + FrequencyWords tr_50k
c4a29222-7636-5857-a8e7-b64db2068579,SALAK,5,true,false,2026-08-02T00:00:00Z,17146,1164,Zemberek master-dictionary + FrequencyWords tr_50k
49f77c35-ca38-5dba-9f0c-0a254b1d0f04,SALAM,5,true,true,2026-08-02T00:00:00Z,504,26330,Zemberek master-dictionary + FrequencyWords tr_50k
e1eac71c-e958-59c6-bc57-1c1596f37a55,SALAŞ,5,true,false,2026-08-02T00:00:00Z,,,Zemberek master-dictionary + FrequencyWords tr_50k
b25f28cd-8dbd-563e-bdd1-bcf5d12f88e5,SALEP,5,true,false,2026-08-02T00:00:00Z,,,Zemberek master-dictionary + FrequencyWords tr_50k
f22753df-3d02-557e-b8e0-73859a270004,SALGI,5,true,false,2026-08-02T00:00:00Z,,,Zemberek master-dictionary + FrequencyWords tr_50k
8f9a674c-a192-591b-b8d8-6f8eb83d9217,SALIK,5,true,false,2026-08-02T00:00:00Z,,,Zemberek master-dictionary + FrequencyWords tr_50k
9124fcbe-8a79-576b-a801-ebbffb0ed4e3,SALIM,5,true,false,2026-08-02T00:00:00Z,,,Zemberek master-dictionary + FrequencyWords tr_50k
152cabaf-13c2-5912-a2e9-f36f030c81b5,SALON,5,true,true,2026-08-02T00:00:00Z,1556,10696,Zemberek master-dictionary + FrequencyWords tr_50k
d94b0ca0-7d2b-585e-8425-8a328e558915,SALOZ,5,true,false,2026-08-02T00:00:00Z,,,Zemberek master-dictionary + FrequencyWords tr_50k
16ea99bd-b4b3-5586-8d08-bfb7352173a0,SALPA,5,true,false,2026-08-02T00:00:00Z,,,Zemberek master-dictionary + FrequencyWords tr_50k
90edc051-0b94-5a38-b4c1-65bbab431a65,SALSA,5,true,true,2026-08-02T00:00:00Z,557,24362,Zemberek master-dictionary + FrequencyWords tr_50k
e8ccd70d-8661-5b96-bef8-9496b56460c0,SALTA,5,true,false,2026-08-02T00:00:00Z,,,Zemberek master-dictionary + FrequencyWords tr_50k
b6c402ca-0164-59f6-9ba3-ef6ec7fc0b28,SALTO,5,true,false,2026-08-02T00:00:00Z,,,Zemberek master-dictionary + FrequencyWords tr_50k
eed7e183-1628-5c2b-a38d-afefb98e7fd7,SALVO,5,true,false,2026-08-02T00:00:00Z,,,Zemberek master-dictionary + FrequencyWords tr_50k
1de3c4bd-9717-5d05-8853-82bd54680546,SALYA,5,true,true,2026-08-02T00:00:00Z,455,28441,Zemberek master-dictionary + FrequencyWords tr_50k
9eee894f-77c2-5fe6-99bf-c3a1ec714c36,SALÇA,5,true,false,2026-08-02T00:00:00Z,,,Zemberek master-dictionary + FrequencyWords tr_50k
c652fe24-5c16-5e41-a94b-a4dc8acef535,SALİM,5,true,true,2026-08-02T00:00:00Z,3053,5979,Zemberek master-dictionary + FrequencyWords tr_50k
4c57158a-d8ee-5835-9af2-9117a86b00dd,SALİP,5,true,false,2026-08-02T00:00:00Z,,,Zemberek master-dictionary + FrequencyWords tr_50k
55cbc3a4-6a0c-536a-8c06-0a5b1d3e6ffc,SAMAN,5,true,true,2026-08-02T00:00:00Z,999,15362,Zemberek master-dictionary + FrequencyWords tr_50k
9ea9e0c1-ba5c-56d7-8aa7-62340490ad04,SAMBA,5,true,false,2026-08-02T00:00:00Z,,,Zemberek master-dictionary + FrequencyWords tr_50k
283a7563-bf64-5ef0-b625-f7ac10c75ef7,SAMSA,5,true,false,2026-08-02T00:00:00Z,,,Zemberek master-dictionary + FrequencyWords tr_50k
33a42848-45e6-58a7-bc01-64b29767c660,SAMUR,5,true,false,2026-08-02T00:00:00Z,,,Zemberek master-dictionary + FrequencyWords tr_50k
18491cc8-3e1e-502e-bbbd-61bf76c985a6,SAMUT,5,true,false,2026-08-02T00:00:00Z,,,Zemberek master-dictionary + FrequencyWords tr_50k
e81818d7-34ee-51d9-a5d8-6626fc69d2df,SANAL,5,true,true,2026-08-02T00:00:00Z,2387,7437,Zemberek master-dictionary + FrequencyWords tr_50k
911a3493-5e6f-5fd9-be8a-b10247af74b8,SANAT,5,true,true,2026-08-02T00:00:00Z,10077,1945,Zemberek master-dictionary + FrequencyWords tr_50k
9a304ef7-74e5-559c-baa2-da8e7b31e42c,SANCI,5,true,false,2026-08-02T00:00:00Z,235,46333,Zemberek master-dictionary + FrequencyWords tr_50k
c8eab938-a6c4-5601-bc32-a267f5a75fdb,SANEM,5,true,false,2026-08-02T00:00:00Z,,,Zemberek master-dictionary + FrequencyWords tr_50k
6879d310-a8e5-5955-814c-2cf1e0d5737a,SANGI,5,true,false,2026-08-02T00:00:00Z,,,Zemberek master-dictionary + FrequencyWords tr_50k
02c53438-9ea5-5667-be61-a169c9cbc2b9,SANIK,5,true,true,2026-08-02T00:00:00Z,1560,10660,Zemberek master-dictionary + FrequencyWords tr_50k
960dbb38-ba44-598e-b54f-5024567a4189,SANKİ,5,true,true,2026-08-02T00:00:00Z,61754,343,Zemberek master-dictionary + FrequencyWords tr_50k
eb9034be-077a-51ea-a3b1-ca084658b98f,SANRI,5,true,false,2026-08-02T00:00:00Z,,,Zemberek master-dictionary + FrequencyWords tr_50k
e586015c-faaa-5ae9-86a6-e072992c2a78,SAPAK,5,true,false,2026-08-02T00:00:00Z,,,Zemberek master-dictionary + FrequencyWords tr_50k
314ba3c7-0cc4-59b6-9550-a0e157f04e0e,SAPAN,5,true,true,2026-08-02T00:00:00Z,3300,5578,Zemberek master-dictionary + FrequencyWords tr_50k
af252396-dd89-5b23-a17b-8a4ab1ac2741,SAPIK,5,true,true,2026-08-02T00:00:00Z,4815,3980,Zemberek master-dictionary + FrequencyWords tr_50k
652ebdd9-ef9b-5235-8e71-a9afdedf194c,SAPIR,5,true,false,2026-08-02T00:00:00Z,,,Zemberek master-dictionary + FrequencyWords tr_50k
7daaf3a4-4b78-5b92-b476-77eaaf587f27,SAPKI,5,true,false,2026-08-02T00:00:00Z,,,Zemberek master-dictionary + FrequencyWords tr_50k
fbd81985-06f4-5534-a943-fa2f80ce5e8c,SARAK,5,true,false,2026-08-02T00:00:00Z,,,Zemberek master-dictionary + FrequencyWords tr_50k
c28c830e-64d7-5538-a475-e393f695235d,SARAT,5,true,false,2026-08-02T00:00:00Z,,,Zemberek master-dictionary + FrequencyWords tr_50k
ee38d898-f193-55bd-95e3-cb684a2277e2,SARAY,5,true,true,2026-08-02T00:00:00Z,5020,3821,Zemberek master-dictionary + FrequencyWords tr_50k
bcd6583b-1234-5620-bb14-feee14c61b8f,SARAÇ,5,true,false,2026-08-02T00:00:00Z,,,Zemberek master-dictionary + FrequencyWords tr_50k
3c52a16b-b46a-5b30-8fd5-7b81ddc2897b,SARGI,5,true,true,2026-08-02T00:00:00Z,514,25927,Zemberek master-dictionary + FrequencyWords tr_50k
439985f0-6b67-5885-be19-76b3a3f59f2a,SARIK,5,true,false,2026-08-02T00:00:00Z,,,Zemberek master-dictionary + FrequencyWords tr_50k
bcdf16f5-a802-5448-9dc9-59fd6d166c2f,SARIM,5,true,false,2026-08-02T00:00:00Z,,,Zemberek master-dictionary + FrequencyWords tr_50k
d342518d-8f5a-5317-b3b1-b9bcb54c401f,SARMA,5,true,true,2026-08-02T00:00:00Z,299,38827,Zemberek master-dictionary + FrequencyWords tr_50k
d3791557-72dd-59d7-be6b-4bb0dea65705,SARPA,5,true,true,2026-08-02T00:00:00Z,780,18787,Zemberek master-dictionary + FrequencyWords tr_50k
7fdab1f1-9178-5d78-a14c-675edd8769e5,SARİG,5,true,false,2026-08-02T00:00:00Z,,,Zemberek master-dictionary + FrequencyWords tr_50k
d64a7ba3-659b-59f1-8e7f-5c1d981aa59d,SARİH,5,true,false,2026-08-02T00:00:00Z,,,Zemberek master-dictionary + FrequencyWords tr_50k
b78a9ea5-cf74-55f1-af2f-b41a0082239f,SATEN,5,true,true,2026-08-02T00:00:00Z,333,35909,Zemberek master-dictionary + FrequencyWords tr_50k
bd35e872-312f-535f-9329-0c6b55310cf6,SATIH,5,true,false,2026-08-02T00:00:00Z,,,Zemberek master-dictionary + FrequencyWords tr_50k
aa196539-dac6-5dce-ae72-1b63ea720d12,SATIM,5,true,false,2026-08-02T00:00:00Z,,,Zemberek master-dictionary + FrequencyWords tr_50k
e34e17d6-0696-5a34-9e0c-9465e0995a01,SATIR,5,true,true,2026-08-02T00:00:00Z,967,15769,Zemberek master-dictionary + FrequencyWords tr_50k
476bd24b-80c5-5b81-8370-04f34355a3f2,SATIŞ,5,true,true,2026-08-02T00:00:00Z,5326,3624,Zemberek master-dictionary + FrequencyWords tr_50k
5596ffde-8677-52f1-9752-ee8d570f782d,SATİR,5,true,false,2026-08-02T00:00:00Z,,,Zemberek master-dictionary + FrequencyWords tr_50k
86139c1d-2eb0-550c-a1b0-e46eecaeba0a,SAUNA,5,true,false,2026-08-02T00:00:00Z,289,39873,Zemberek master-dictionary + FrequencyWords tr_50k
c0861af3-8412-5a11-8a60-696796a89e6f,SAVAK,5,true,false,2026-08-02T00:00:00Z,,,Zemberek master-dictionary + FrequencyWords tr_50k
bf339ea9-f587-5bed-8d46-53486cf32150,SAVAN,5,true,false,2026-08-02T00:00:00Z,,,Zemberek master-dictionary + FrequencyWords tr_50k
83f3e0c2-5cf4-5599-ab73-e23ef7a7d075,SAVAT,5,true,false,2026-08-02T00:00:00Z,,,Zemberek master-dictionary + FrequencyWords tr_50k
66326e8a-39f3-590b-8132-02a8bef691ef,SAVAŞ,5,true,true,2026-08-02T00:00:00Z,39227,534,Zemberek master-dictionary + FrequencyWords tr_50k
34238308-3fcf-5aaa-abcf-651b75631735,SAVCI,5,true,true,2026-08-02T00:00:00Z,3733,4961,Zemberek master-dictionary + FrequencyWords tr_50k
a1d8c070-15d8-5f61-9300-d4333407bb98,SAYAÇ,5,true,false,2026-08-02T00:00:00Z,,,Zemberek master-dictionary + FrequencyWords tr_50k
06916901-8ac9-5050-a8b4-76feb34a9234,SAYFA,5,true,true,2026-08-02T00:00:00Z,4410,4312,Zemberek master-dictionary + FrequencyWords tr_50k
1b25bf2a-3ea2-5670-9c3f-8f20e610bd81,SAYGI,5,true,true,2026-08-02T00:00:00Z,16594,1206,Zemberek master-dictionary + FrequencyWords tr_50k
7269cde9-71cb-5bbe-80a3-e3d538695400,SAYHA,5,true,false,2026-08-02T00:00:00Z,,,Zemberek master-dictionary + FrequencyWords tr_50k
89ed6c42-c453-506b-a78e-8ece6e0af0f8,SAYIM,5,true,true,2026-08-02T00:00:00Z,1569,10623,Zemberek master-dictionary + FrequencyWords tr_50k
73b0458b-7c2c-5987-a7d9-e169a9733ea1,SAYIN,5,true,true,2026-08-02T00:00:00Z,22339,920,Zemberek master-dictionary + FrequencyWords tr_50k
165a7a24-c130-5e43-88c9-2b2dafa79129,SAYRI,5,true,false,2026-08-02T00:00:00Z,,,Zemberek master-dictionary + FrequencyWords tr_50k
af01f426-ec80-5dd9-a0d6-329f19a94f1a,SAZAK,5,true,false,2026-08-02T00:00:00Z,,,Zemberek master-dictionary + FrequencyWords tr_50k
19a269b2-5cd5-5548-9bd6-f241ee9c27d5,SAZAN,5,true,false,2026-08-02T00:00:00Z,276,41184,Zemberek master-dictionary + FrequencyWords tr_50k
0c8a7fe6-e9b2-56f9-a87d-36957fa61442,SAÇAK,5,true,false,2026-08-02T00:00:00Z,,,Zemberek master-dictionary + FrequencyWords tr_50k
12de0f87-7f2e-5900-b121-8ee22b0d9c66,SAÇIK,5,true,true,2026-08-02T00:00:00Z,408,30919,Zemberek master-dictionary + FrequencyWords tr_50k
7278b7f3-4cad-5549-8177-76af7f5ef271,SAÇMA,5,true,true,2026-08-02T00:00:00Z,22310,925,Zemberek master-dictionary + FrequencyWords tr_50k
368f5bd8-7214-596e-ac6d-cd1526640747,SAĞCI,5,true,false,2026-08-02T00:00:00Z,,,Zemberek master-dictionary + FrequencyWords tr_50k
d5df3d4a-0aa4-5af0-97d8-43627f613884,SAĞIM,5,true,false,2026-08-02T00:00:00Z,,,Zemberek master-dictionary + FrequencyWords tr_50k
b1a910b9-abaa-56b3-8b7c-f05de93be2a7,SAĞIN,5,true,false,2026-08-02T00:00:00Z,,,Zemberek master-dictionary + FrequencyWords tr_50k
fe8a847c-0dd7-5d44-afb8-8488e2ad0417,SAĞIR,5,true,true,2026-08-02T00:00:00Z,3858,4830,Zemberek master-dictionary + FrequencyWords tr_50k
d035ea7f-0730-547c-ab47-89d6a15468af,SAĞRI,5,true,false,2026-08-02T00:00:00Z,,,Zemberek master-dictionary + FrequencyWords tr_50k
2a7d3475-e3a9-5074-8b06-5b5d680c599c,SAİKA,5,true,false,2026-08-02T00:00:00Z,,,Zemberek master-dictionary + FrequencyWords tr_50k
05719133-f2a2-563b-8c94-6befbd705ba2,SEANS,5,true,true,2026-08-02T00:00:00Z,893,16807,Zemberek master-dictionary + FrequencyWords tr_50k
924315cb-31c0-54dd-a2ba-dd4f66a1bf76,SEBAT,5,true,false,2026-08-02T00:00:00Z,,,Zemberek master-dictionary + FrequencyWords tr_50k
968b1e64-34b6-5f25-b2ca-90bffe0dd79b,SEBEP,5,true,true,2026-08-02T00:00:00Z,24110,857,Zemberek master-dictionary + FrequencyWords tr_50k
382b7b23-d846-555a-a463-dc3606f08677,SEBZE,5,true,true,2026-08-02T00:00:00Z,2092,8311,Zemberek master-dictionary + FrequencyWords tr_50k
e98908de-745d-504e-bcf4-12d928c0ce81,SEBİL,5,true,false,2026-08-02T00:00:00Z,,,Zemberek master-dictionary + FrequencyWords tr_50k
e38ecfcc-411e-513b-bc8a-b04b3e1cd225,SECDE,5,true,false,2026-08-02T00:00:00Z,,,Zemberek master-dictionary + FrequencyWords tr_50k
90fef604-bddd-5b57-9c71-ef8643deb697,SEDEF,5,true,false,2026-08-02T00:00:00Z,,,Zemberek master-dictionary + FrequencyWords tr_50k
552e930e-5c3b-5f46-993e-c5294de66ac4,SEDYE,5,true,true,2026-08-02T00:00:00Z,553,24485,Zemberek master-dictionary + FrequencyWords tr_50k
2e2cf02b-1abc-5498-bd1d-0b81e4e609ff,SEDİR,5,true,false,2026-08-02T00:00:00Z,,,Zemberek master-dictionary + FrequencyWords tr_50k
1a45424e-d9bc-5515-aba2-3653a26ea496,SEFER,5,true,true,2026-08-02T00:00:00Z,30231,688,Zemberek master-dictionary + FrequencyWords tr_50k
aa00b1a0-296e-5b6d-aef3-aa28b3da5433,SEFİH,5,true,false,2026-08-02T00:00:00Z,,,Zemberek master-dictionary + FrequencyWords tr_50k
9a04d2f2-972c-57bb-8c62-48fd7fd58893,SEFİL,5,true,true,2026-08-02T00:00:00Z,2766,6538,Zemberek master-dictionary + FrequencyWords tr_50k
491636bf-cd48-5954-9e97-8945ed2ec6f9,SEFİR,5,true,false,2026-08-02T00:00:00Z,,,Zemberek master-dictionary + FrequencyWords tr_50k
3ea759f8-7359-5ff2-b521-76b51e488b15,SEHER,5,true,false,2026-08-02T00:00:00Z,,,Zemberek master-dictionary + FrequencyWords tr_50k
575e2d02-5726-5fa1-bfe6-de7cc45aa55f,SEHPA,5,true,false,2026-08-02T00:00:00Z,,,Zemberek master-dictionary + FrequencyWords tr_50k
f2fae288-9ae2-5395-aa37-5b77a4b7143d,SEHİM,5,true,false,2026-08-02T00:00:00Z,,,Zemberek master-dictionary + FrequencyWords tr_50k
6db3c632-86ae-5fb7-a28c-e7af05404460,SEHİV,5,true,false,2026-08-02T00:00:00Z,,,Zemberek master-dictionary + FrequencyWords tr_50k
e42acae7-1467-5889-ac2d-86f5574db5bb,SEKEL,5,true,false,2026-08-02T00:00:00Z,,,Zemberek master-dictionary + FrequencyWords tr_50k
a39a96a2-60ea-5cbe-a464-2abf5a5ace0d,SEKSİ,5,true,true,2026-08-02T00:00:00Z,16845,1183,Zemberek master-dictionary + FrequencyWords tr_50k
5b43653e-c08b-5017-b960-47d4f1555a99,SEKTE,5,true,false,2026-08-02T00:00:00Z,,,Zemberek master-dictionary + FrequencyWords tr_50k
3184cd0d-56ab-5d81-8637-0e7f18400bbd,SEKİL,5,true,false,2026-08-02T00:00:00Z,,,Zemberek master-dictionary + FrequencyWords tr_50k
f963f0d8-c84b-508a-b372-090e38729449,SEKİZ,5,true,true,2026-08-02T00:00:00Z,18228,1097,Zemberek master-dictionary + FrequencyWords tr_50k
23b576be-0cf0-5878-95bc-3b52410ee22a,SELAM,5,true,false,2026-08-02T00:00:00Z,130363,154,Zemberek master-dictionary + FrequencyWords tr_50k
d75de2bf-a457-52ef-9695-a520eeb9bfa3,SELEF,5,true,false,2026-08-02T00:00:00Z,,,Zemberek master-dictionary + FrequencyWords tr_50k
f9bf57ee-a43d-575f-8b20-42d10ffaf6a5,SELEK,5,true,false,2026-08-02T00:00:00Z,,,Zemberek master-dictionary + FrequencyWords tr_50k
4206813d-f325-5d7c-93e6-c68eeaaa8423,SELEN,5,true,true,2026-08-02T00:00:00Z,441,29152,Zemberek master-dictionary + FrequencyWords tr_50k
1c63b3be-a4b5-5eac-b311-2c6a7d875824,SELVA,5,true,false,2026-08-02T00:00:00Z,,,Zemberek master-dictionary + FrequencyWords tr_50k
e03db2ec-5736-505a-a606-f45ef8734a0a,SELVİ,5,true,false,2026-08-02T00:00:00Z,,,Zemberek master-dictionary + FrequencyWords tr_50k
915180dc-24c4-551f-b478-eab0b7b670b3,SELİM,5,true,true,2026-08-02T00:00:00Z,498,26522,Zemberek master-dictionary + FrequencyWords tr_50k
525fa584-b19e-5115-8119-8c7cacb5033f,SELİS,5,true,false,2026-08-02T00:00:00Z,,,Zemberek master-dictionary + FrequencyWords tr_50k
315a4daf-053a-5b46-b4eb-bf49dbab0575,SEMAH,5,true,false,2026-08-02T00:00:00Z,,,Zemberek master-dictionary + FrequencyWords tr_50k
30989699-3698-5f94-8664-91d8a2e64586,SEMAN,5,true,false,2026-08-02T00:00:00Z,,,Zemberek master-dictionary + FrequencyWords tr_50k
d3675d6e-d2c7-58bb-b9b7-d34b1fd3317f,SEMEN,5,true,false,2026-08-02T00:00:00Z,,,Zemberek master-dictionary + FrequencyWords tr_50k
27836d77-81d9-5082-ab75-b1b752bd2326,SEMER,5,true,false,2026-08-02T00:00:00Z,,,Zemberek master-dictionary + FrequencyWords tr_50k
fa1ba831-d870-5fbd-9390-7ea4e05c83f2,SEMİH,5,true,false,2026-08-02T00:00:00Z,,,Zemberek master-dictionary + FrequencyWords tr_50k
6901be6c-05ed-52ac-96e7-491623e387e6,SEMİZ,5,true,false,2026-08-02T00:00:00Z,,,Zemberek master-dictionary + FrequencyWords tr_50k
4c74c06d-acfc-5b77-b9f6-d3cf7c438824,SENEK,5,true,false,2026-08-02T00:00:00Z,,,Zemberek master-dictionary + FrequencyWords tr_50k
454531c2-f44f-5076-81ca-4aa03fb59390,SENET,5,true,true,2026-08-02T00:00:00Z,307,38063,Zemberek master-dictionary + FrequencyWords tr_50k
be3ffe4d-fcb2-5c61-9680-ea411b0fff00,SENİR,5,true,false,2026-08-02T00:00:00Z,,,Zemberek master-dictionary + FrequencyWords tr_50k
72603a39-0167-5bd0-ad2a-00c9b2798a2e,SENİT,5,true,false,2026-08-02T00:00:00Z,,,Zemberek master-dictionary + FrequencyWords tr_50k
cb61f27c-5c1b-5474-83c7-46d996fbb737,SEPEK,5,true,false,2026-08-02T00:00:00Z,,,Zemberek master-dictionary + FrequencyWords tr_50k
aca81d49-e78b-5d44-a509-70ad542edd02,SEPET,5,true,true,2026-08-02T00:00:00Z,692,20611,Zemberek master-dictionary + FrequencyWords tr_50k
a3b04492-5516-5be1-b003-76ca3bafdba1,SEPYA,5,true,false,2026-08-02T00:00:00Z,,,Zemberek master-dictionary + FrequencyWords tr_50k
8f0ab784-4bfd-5cea-b8d9-d62ec8d239ac,SERAK,5,true,false,2026-08-02T00:00:00Z,,,Zemberek master-dictionary + FrequencyWords tr_50k
6548bb65-98c6-58e4-9dd5-680e2187bb86,SERAP,5,true,false,2026-08-02T00:00:00Z,252,43988,Zemberek master-dictionary + FrequencyWords tr_50k
418d4c0b-607c-541c-9877-e4b556d0901d,SEREN,5,true,false,2026-08-02T00:00:00Z,,,Zemberek master-dictionary + FrequencyWords tr_50k
6460f9b5-c388-5553-8560-7de44f1240ab,SERGİ,5,true,true,2026-08-02T00:00:00Z,931,16243,Zemberek master-dictionary + FrequencyWords tr_50k
7bfe8701-cfeb-502e-80e2-3a08714ac2d3,SERUM,5,true,true,2026-08-02T00:00:00Z,1390,11739,Zemberek master-dictionary + FrequencyWords tr_50k
e949450a-5b25-5e02-b2f6-523dd618ee36,SERVİ,5,true,false,2026-08-02T00:00:00Z,,,Zemberek master-dictionary + FrequencyWords tr_50k
9659e5e0-e8f4-53a5-ae28-81d16e873f90,SERÇE,5,true,true,2026-08-02T00:00:00Z,819,18043,Zemberek master-dictionary + FrequencyWords tr_50k
15de7ffb-8850-53f1-b2af-918b4fbfa585,SERİM,5,true,false,2026-08-02T00:00:00Z,,,Zemberek master-dictionary + FrequencyWords tr_50k
0d1091fe-96d2-517c-84a0-cf7410ae5b26,SERİN,5,true,true,2026-08-02T00:00:00Z,1464,11247,Zemberek master-dictionary + FrequencyWords tr_50k
395d94aa-778d-5e77-834b-a9cc0b013ddd,SERİŞ,5,true,false,2026-08-02T00:00:00Z,,,Zemberek master-dictionary + FrequencyWords tr_50k
28131d4e-08c4-503e-afb2-e2716fbfcc14,SESLİ,5,true,true,2026-08-02T00:00:00Z,4320,4395,Zemberek master-dictionary + FrequencyWords tr_50k
f8666d45-9326-544e-b8c2-3ecb4888f2ce,SESÇİ,5,true,false,2026-08-02T00:00:00Z,,,Zemberek master-dictionary + FrequencyWords tr_50k
f86cb78e-8a05-5afb-aa0e-fc8ad307191c,SETER,5,true,false,2026-08-02T00:00:00Z,,,Zemberek master-dictionary + FrequencyWords tr_50k
2a7d24ab-605d-5bd5-bfad-d9fade880574,SETRE,5,true,false,2026-08-02T00:00:00Z,,,Zemberek master-dictionary + FrequencyWords tr_50k
8a46e78e-11b5-5d1b-bded-b7c505394ed8,SETİK,5,true,false,2026-08-02T00:00:00Z,,,Zemberek master-dictionary + FrequencyWords tr_50k
abe9502d-1fe2-5a44-92a3-e6e81806605a,SETİR,5,true,false,2026-08-02T00:00:00Z,,,Zemberek master-dictionary + FrequencyWords tr_50k
11d6564b-eb86-5623-a664-d8b7a03a473a,SEVAP,5,true,false,2026-08-02T00:00:00Z,,,Zemberek master-dictionary + FrequencyWords tr_50k
c0b79011-6877-5293-935b-5bba5e125f89,SEVDA,5,true,false,2026-08-02T00:00:00Z,,,Zemberek master-dictionary + FrequencyWords tr_50k
ac2f338c-a28e-5045-8362-088606fbca26,SEVER,5,true,true,2026-08-02T00:00:00Z,13706,1458,Zemberek master-dictionary + FrequencyWords tr_50k
da804122-8932-5f12-9525-a4232eafe4f2,SEVGİ,5,true,true,2026-08-02T00:00:00Z,8702,2241,Zemberek master-dictionary + FrequencyWords tr_50k
b2d799fc-9c12-5ce8-ba3d-f86de8df0f63,SEVİM,5,true,false,2026-08-02T00:00:00Z,,,Zemberek master-dictionary + FrequencyWords tr_50k
dbaf4018-b060-56d0-b96d-67651a3be518,SEYEK,5,true,false,2026-08-02T00:00:00Z,,,Zemberek master-dictionary + FrequencyWords tr_50k
320ab704-475c-5f92-b47c-d9680f1505b1,SEYİR,5,true,true,2026-08-02T00:00:00Z,1738,9758,Zemberek master-dictionary + FrequencyWords tr_50k
d20e2714-08c6-570a-a086-f1a1008faada,SEYİS,5,true,false,2026-08-02T00:00:00Z,,,Zemberek master-dictionary + FrequencyWords tr_50k
3c0b4f3f-5c37-5937-932f-4192eae44372,SEYİT,5,true,false,2026-08-02T00:00:00Z,,,Zemberek master-dictionary + FrequencyWords tr_50k
ffa72400-6d21-5593-9198-2608ba0a4894,SEZGİ,5,true,false,2026-08-02T00:00:00Z,283,40442,Zemberek master-dictionary + FrequencyWords tr_50k
867365e6-6165-551b-99b0-c04463dd59d4,SEZON,5,true,true,2026-08-02T00:00:00Z,8217,2389,Zemberek master-dictionary + FrequencyWords tr_50k
16556ad3-0260-54fd-98ff-2522fc0849c0,SEZİŞ,5,true,false,2026-08-02T00:00:00Z,,,Zemberek master-dictionary + FrequencyWords tr_50k
d9678a1d-ab5d-5440-91f7-db941656deee,SEÇAL,5,true,false,2026-08-02T00:00:00Z,,,Zemberek master-dictionary + FrequencyWords tr_50k
68d14b09-c261-579d-8fdc-6626a150bd75,SEÇKİ,5,true,false,2026-08-02T00:00:00Z,,,Zemberek master-dictionary + FrequencyWords tr_50k
7e449549-d2fb-5fe9-a177-b93cc14b6692,SEÇİK,5,true,false,2026-08-02T00:00:00Z,279,40865,Zemberek master-dictionary + FrequencyWords tr_50k
bb58d61f-2ee3-5062-a9c2-fadbc7fd458e,SEÇİM,5,true,true,2026-08-02T00:00:00Z,12183,1626,Zemberek master-dictionary + FrequencyWords tr_50k
2414bc64-51e4-5f92-b9d9-cbdce01894b8,SICAK,5,true,true,2026-08-02T00:00:00Z,27632,739,Zemberek master-dictionary + FrequencyWords tr_50k
aa020a5c-93e1-576e-8104-d08f7c4fd730,SIFAT,5,true,false,2026-08-02T00:00:00Z,,,Zemberek master-dictionary + FrequencyWords tr_50k
f7c10f64-6b58-5318-ae0e-6fdcc52ad279,SIFIR,5,true,true,2026-08-02T00:00:00Z,5279,3661,Zemberek master-dictionary + FrequencyWords tr_50k
307d655d-c3fb-5fc1-97cd-1e0c666446bf,SIKIM,5,true,false,2026-08-02T00:00:00Z,,,Zemberek master-dictionary + FrequencyWords tr_50k
083dd5d9-b9a3-5776-a9db-91a84c618895,SIKIT,5,true,false,2026-08-02T00:00:00Z,,,Zemberek master-dictionary + FrequencyWords tr_50k
06623ed6-a558-53e8-8485-c85545ecd1da,SIKÇA,5,true,true,2026-08-02T00:00:00Z,872,17132,Zemberek master-dictionary + FrequencyWords tr_50k
10293a97-9d2a-5ded-8312-e20eb9f680fe,SIMAK,5,true,false,2026-08-02T00:00:00Z,,,Zemberek master-dictionary + FrequencyWords tr_50k
3de17525-e6f2-5d79-9910-000bb59098a0,SINAV,5,true,true,2026-08-02T00:00:00Z,2864,6313,Zemberek master-dictionary + FrequencyWords tr_50k
2943ee55-5e7c-5f93-afb4-9ef6b9b6d49c,SINDI,5,true,false,2026-08-02T00:00:00Z,,,Zemberek master-dictionary + FrequencyWords tr_50k
ea09f6b4-8060-5f86-8b97-dc609f0dc0b5,SINIF,5,true,true,2026-08-02T00:00:00Z,12128,1635,Zemberek master-dictionary + FrequencyWords tr_50k
bcfbddf0-b6f4-5631-b26d-c93e2b0e65ac,SINIK,5,true,false,2026-08-02T00:00:00Z,,,Zemberek master-dictionary + FrequencyWords tr_50k
e4f37077-de68-51d4-9cca-8f2fb446a8a5,SINIR,5,true,true,2026-08-02T00:00:00Z,4886,3922,Zemberek master-dictionary + FrequencyWords tr_50k
7cf4d5d4-314b-5384-8492-4b2d819d5017,SIRAT,5,true,false,2026-08-02T00:00:00Z,,,Zemberek master-dictionary + FrequencyWords tr_50k
15bdb216-dc5a-5dba-9db1-df75c31d1b4c,SIRIK,5,true,false,2026-08-02T00:00:00Z,219,48787,Zemberek master-dictionary + FrequencyWords tr_50k
89e124c3-59cd-55df-9b9d-0815982ebe05,SIRIM,5,true,false,2026-08-02T00:00:00Z,,,Zemberek master-dictionary + FrequencyWords tr_50k
6b35494f-3262-5aa5-99af-a4c474013cba,SIRLI,5,true,false,2026-08-02T00:00:00Z,,,Zemberek master-dictionary + FrequencyWords tr_50k
11ae6fcc-dd86-573c-9a79-859960552a19,SIRMA,5,true,false,2026-08-02T00:00:00Z,,,Zemberek master-dictionary + FrequencyWords tr_50k
2ad9a478-630e-573c-924b-cca551f06bdc,SIRÇA,5,true,false,2026-08-02T00:00:00Z,,,Zemberek master-dictionary + FrequencyWords tr_50k
f9a5f594-e206-53a7-a099-f76bfbbec3d6,SISKA,5,true,true,2026-08-02T00:00:00Z,1760,9626,Zemberek master-dictionary + FrequencyWords tr_50k
8ed6cb8b-11f8-5be9-88fa-a91e43e0992f,SITMA,5,true,true,2026-08-02T00:00:00Z,432,29600,Zemberek master-dictionary + FrequencyWords tr_50k
6901eb11-33bb-57af-b368-d4c80ad5b24d,SIVIK,5,true,false,2026-08-02T00:00:00Z,,,Zemberek master-dictionary + FrequencyWords tr_50k
8e5e90f2-f237-5216-8dc0-ded9513d2fe3,SIYGA,5,true,false,2026-08-02T00:00:00Z,,,Zemberek master-dictionary + FrequencyWords tr_50k
0d946e4e-171a-5899-90fd-6889e977c4cc,SIYGI,5,true,false,2026-08-02T00:00:00Z,,,Zemberek master-dictionary + FrequencyWords tr_50k
29a929c8-ab81-50e9-9ddc-0921c9c7c521,SIZAK,5,true,false,2026-08-02T00:00:00Z,,,Zemberek master-dictionary + FrequencyWords tr_50k
540be776-c11b-5e7c-ba09-e97393a85f67,SIZIM,5,true,false,2026-08-02T00:00:00Z,,,Zemberek master-dictionary + FrequencyWords tr_50k
930d30bf-55b1-51ee-a0cb-27fa4550162d,SIÇAN,5,true,true,2026-08-02T00:00:00Z,2179,8036,Zemberek master-dictionary + FrequencyWords tr_50k
03f6e6e1-85d0-505a-9bdd-492ef87a0450,SIĞIR,5,true,true,2026-08-02T00:00:00Z,1847,9198,Zemberek master-dictionary + FrequencyWords tr_50k
ac7d2ffa-27aa-5e0a-bbd2-bd826b8adf58,SIĞLA,5,true,false,2026-08-02T00:00:00Z,,,Zemberek master-dictionary + FrequencyWords tr_50k
2b26c892-e75b-53a8-bf89-a84887001df5,SKALA,5,true,false,2026-08-02T00:00:00Z,,,Zemberek master-dictionary + FrequencyWords tr_50k
313daca5-4c8d-509c-8f9f-368529bc960c,SKİNK,5,true,false,2026-08-02T00:00:00Z,,,Zemberek master-dictionary + FrequencyWords tr_50k
c62a6bde-3d6f-5509-93c1-23da1e1abd09,SLAYT,5,true,false,2026-08-02T00:00:00Z,212,49717,Zemberek master-dictionary + FrequencyWords tr_50k
5febf9a0-a0cf-56e3-a874-496909aa4dcb,SOFRA,5,true,true,2026-08-02T00:00:00Z,352,34427,Zemberek master-dictionary + FrequencyWords tr_50k
6c01a72c-4555-5585-aeb2-74e66ea0ee33,SOFTA,5,true,false,2026-08-02T00:00:00Z,,,Zemberek master-dictionary + FrequencyWords tr_50k
9c585678-e6f2-5ac1-8fda-9d6adb688674,SOKAK,5,true,true,2026-08-02T00:00:00Z,8524,2292,Zemberek master-dictionary + FrequencyWords tr_50k
14f647a5-77b7-5ba1-b298-1b88a81a9549,SOKET,5,true,false,2026-08-02T00:00:00Z,,,Zemberek master-dictionary + FrequencyWords tr_50k
e769d2a1-038b-5a45-83d4-36816b703a77,SOKRA,5,true,false,2026-08-02T00:00:00Z,,,Zemberek master-dictionary + FrequencyWords tr_50k
c16167dc-3166-5a53-b3f9-199732ceaf5e,SOKUM,5,true,false,2026-08-02T00:00:00Z,,,Zemberek master-dictionary + FrequencyWords tr_50k
d49ec50c-018f-5646-a8f5-707d6d6768ce,SOKUR,5,true,false,2026-08-02T00:00:00Z,,,Zemberek master-dictionary + FrequencyWords tr_50k
f2c8b754-0c5e-5c4a-8c11-4dee53dc256b,SOLAK,5,true,true,2026-08-02T00:00:00Z,590,23321,Zemberek master-dictionary + FrequencyWords tr_50k
9e0eb575-46fe-575a-8d8f-fea8c6e4af16,SOLCU,5,true,false,2026-08-02T00:00:00Z,233,46662,Zemberek master-dictionary + FrequencyWords tr_50k
c4169ee7-b852-598c-81d6-7eec2160a1d7,SOLUK,5,true,true,2026-08-02T00:00:00Z,1982,8707,Zemberek master-dictionary + FrequencyWords tr_50k
42954795-3214-5719-9ba9-293390cdf389,SOMAK,5,true,false,2026-08-02T00:00:00Z,,,Zemberek master-dictionary + FrequencyWords tr_50k
378cfb8e-1980-5c07-aeb3-10ac148edf16,SOMON,5,true,true,2026-08-02T00:00:00Z,937,16167,Zemberek master-dictionary + FrequencyWords tr_50k
ff1cce2e-23e0-562f-b52e-42b1a41353e4,SOMUN,5,true,false,2026-08-02T00:00:00Z,259,43154,Zemberek master-dictionary + FrequencyWords tr_50k
04e92ef8-0286-5bae-8195-7d3dd2fbe1aa,SOMUT,5,true,true,2026-08-02T00:00:00Z,1233,12977,Zemberek master-dictionary + FrequencyWords tr_50k
b6c73603-1dd4-53ad-8dfb-6bddcee7ae72,SOMYA,5,true,false,2026-08-02T00:00:00Z,,,Zemberek master-dictionary + FrequencyWords tr_50k
3958edc0-dbca-5cd5-80b4-681e0f8b3bb6,SONAR,5,true,true,2026-08-02T00:00:00Z,479,27340,Zemberek master-dictionary + FrequencyWords tr_50k
6e578ed5-939a-54ec-919c-44fdc63dc1c1,SONAT,5,true,false,2026-08-02T00:00:00Z,,,Zemberek master-dictionary + FrequencyWords tr_50k
13012c7d-3dd5-5fa9-ad0e-771b2ec596a1,SONDA,5,true,true,2026-08-02T00:00:00Z,1050,14759,Zemberek master-dictionary + FrequencyWords tr_50k
b4f98c67-f2f6-55dc-b470-164421c71124,SONLU,5,true,false,2026-08-02T00:00:00Z,,,Zemberek master-dictionary + FrequencyWords tr_50k
01eebd15-f393-5aad-8c6d-533d9619193c,SONRA,5,true,false,2026-08-02T00:00:00Z,433514,44,Zemberek master-dictionary + FrequencyWords tr_50k
39d10b92-1c88-573f-8e1a-eb218bb2505c,SONUÇ,5,true,true,2026-08-02T00:00:00Z,9963,1966,Zemberek master-dictionary + FrequencyWords tr_50k
518ca28d-ab45-597f-94ba-144a7cb84550,SORGU,5,true,true,2026-08-02T00:00:00Z,1750,9682,Zemberek master-dictionary + FrequencyWords tr_50k
9bbd6638-4b9c-527c-8adf-0359f34f79c7,SORTİ,5,true,false,2026-08-02T00:00:00Z,,,Zemberek master-dictionary + FrequencyWords tr_50k
da798b46-6b8f-5caa-b7e9-db02fc14da52,SORUM,5,true,true,2026-08-02T00:00:00Z,6440,3054,Zemberek master-dictionary + FrequencyWords tr_50k
df5fc146-d123-5693-aa9d-c0a8c07727ca,SORUN,5,true,true,2026-08-02T00:00:00Z,173900,118,Zemberek master-dictionary + FrequencyWords tr_50k
42c55022-588a-517f-a132-028bef8b7596,SORİT,5,true,false,2026-08-02T00:00:00Z,,,Zemberek master-dictionary + FrequencyWords tr_50k
8434782c-da90-5f30-98e7-d589704e5227,SOSİS,5,true,true,2026-08-02T00:00:00Z,2187,8011,Zemberek master-dictionary + FrequencyWords tr_50k
6b1a461d-8761-519f-a75f-c3c7085af345,SOYKA,5,true,false,2026-08-02T00:00:00Z,,,Zemberek master-dictionary + FrequencyWords tr_50k
89c1f117-1f6c-5a34-8edc-c030646e7dc5,SOYLU,5,true,true,2026-08-02T00:00:00Z,2055,8418,Zemberek master-dictionary + FrequencyWords tr_50k
4bbf1830-5387-5837-ab93-4d9267ea9eb8,SOYUT,5,true,true,2026-08-02T00:00:00Z,472,27692,Zemberek master-dictionary + FrequencyWords tr_50k
1bde2e0e-6ed3-5e46-91c4-3201a41e8f94,SOĞAN,5,true,true,2026-08-02T00:00:00Z,1574,10589,Zemberek master-dictionary + FrequencyWords tr_50k
c19387aa-96c7-566b-9d15-a139f7531c46,SOĞUK,5,true,true,2026-08-02T00:00:00Z,22301,926,Zemberek master-dictionary + FrequencyWords tr_50k
1afbb2c9-35e0-5b41-acf9-2cdd3950121f,SPAZM,5,true,false,2026-08-02T00:00:00Z,,,Zemberek master-dictionary + FrequencyWords tr_50k
ac81434d-4ad5-51dc-8501-9d243b5fe48b,SPERM,5,true,true,2026-08-02T00:00:00Z,1845,9210,Zemberek master-dictionary + FrequencyWords tr_50k
54b8e78a-09ca-52d5-8676-55abd3417c1f,SPREY,5,true,true,2026-08-02T00:00:00Z,772,18958,Zemberek master-dictionary + FrequencyWords tr_50k
111a79a9-6110-53ec-ace9-401872bf5945,STANT,5,true,false,2026-08-02T00:00:00Z,,,Zemberek master-dictionary + FrequencyWords tr_50k
8514fa38-6ade-57a3-9cdc-86a5532beb3d,START,5,true,false,2026-08-02T00:00:00Z,265,42490,Zemberek master-dictionary + FrequencyWords tr_50k
5cc2598c-fc19-5c01-895d-d0ec9c7b0232,STATÜ,5,true,false,2026-08-02T00:00:00Z,,,Zemberek master-dictionary + FrequencyWords tr_50k
572336b6-afa3-53e4-a12f-9e31893f3f11,STENO,5,true,false,2026-08-02T00:00:00Z,,,Zemberek master-dictionary + FrequencyWords tr_50k
bbac3202-f1d6-5b34-954e-f005de12e379,STENT,5,true,false,2026-08-02T00:00:00Z,,,Zemberek master-dictionary + FrequencyWords tr_50k
fd7b88d9-9a63-5dad-ac68-ad5cc177d744,STRES,5,true,true,2026-08-02T00:00:00Z,3511,5255,Zemberek master-dictionary + FrequencyWords tr_50k
00228661-ee01-56f8-af20-aab0e7fd2020,STREÇ,5,true,false,2026-08-02T00:00:00Z,,,Zemberek master-dictionary + FrequencyWords tr_50k
1eb42469-341e-5731-bc81-42f5d93596ca,STİLO,5,true,false,2026-08-02T00:00:00Z,,,Zemberek master-dictionary + FrequencyWords tr_50k
a9c60c73-ce93-53d2-bb46-169367011d34,SUARE,5,true,false,2026-08-02T00:00:00Z,,,Zemberek master-dictionary + FrequencyWords tr_50k
a37ae00b-f12f-5aa5-8657-a7f43faa61dd,SUBAY,5,true,true,2026-08-02T00:00:00Z,2617,6861,Zemberek master-dictionary + FrequencyWords tr_50k
002a0ba2-40ac-5d89-9bbc-1190e6f33998,SUBRA,5,true,false,2026-08-02T00:00:00Z,,,Zemberek master-dictionary + FrequencyWords tr_50k
3b9a4284-e958-5626-8565-4b2dc7754433,SUBUK,5,true,false,2026-08-02T00:00:00Z,,,Zemberek master-dictionary + FrequencyWords tr_50k
a3fb5a78-9ddc-574a-9546-b7873b0f4dbd,SUBYE,5,true,false,2026-08-02T00:00:00Z,,,Zemberek master-dictionary + FrequencyWords tr_50k
fe36260e-6bf7-5b5c-b8eb-f2777b07a05b,SUCUK,5,true,false,2026-08-02T00:00:00Z,241,45467,Zemberek master-dictionary + FrequencyWords tr_50k
1e4eda1a-fc11-54fa-abd0-e007eae8a07d,SUCUL,5,true,false,2026-08-02T00:00:00Z,,,Zemberek master-dictionary + FrequencyWords tr_50k
2fb02be6-76b8-558b-af52-f87a40161150,SUDAK,5,true,false,2026-08-02T00:00:00Z,,,Zemberek master-dictionary + FrequencyWords tr_50k
287872c9-e765-560e-8a6c-776629eb2f12,SUDAN,5,true,true,2026-08-02T00:00:00Z,3671,5037,Zemberek master-dictionary + FrequencyWords tr_50k
aef0cb61-cd5e-5dd8-b737-db124d7a091d,SUFLE,5,true,false,2026-08-02T00:00:00Z,285,40307,Zemberek master-dictionary + FrequencyWords tr_50k
1a12ebf7-ac0d-5ce2-8adf-70060a6019b0,SUKUT,5,true,false,2026-08-02T00:00:00Z,,,Zemberek master-dictionary + FrequencyWords tr_50k
eae8aacc-e44c-5c53-8b4f-2d12dda203d5,SULAK,5,true,false,2026-08-02T00:00:00Z,,,Zemberek master-dictionary + FrequencyWords tr_50k
77c85936-0322-52b3-95e1-d149f88c181a,SULTA,5,true,false,2026-08-02T00:00:00Z,,,Zemberek master-dictionary + FrequencyWords tr_50k
d5fa2aa1-9557-5d57-b9e9-2e2d99f9468d,SULUK,5,true,false,2026-08-02T00:00:00Z,,,Zemberek master-dictionary + FrequencyWords tr_50k
8c9c595f-cd5e-59f3-b976-a7b1cf4dce06,SUMAK,5,true,false,2026-08-02T00:00:00Z,,,Zemberek master-dictionary + FrequencyWords tr_50k
3205e84c-78d3-5d5f-8472-c631f94be4ad,SUMEN,5,true,false,2026-08-02T00:00:00Z,,,Zemberek master-dictionary + FrequencyWords tr_50k
9bca887e-7acc-5e73-b30a-6f50ecfb3113,SUNAK,5,true,false,2026-08-02T00:00:00Z,,,Zemberek master-dictionary + FrequencyWords tr_50k
d5c8c8dd-85b3-57a0-b7de-9ccac6a1caf3,SUNGU,5,true,false,2026-08-02T00:00:00Z,,,Zemberek master-dictionary + FrequencyWords tr_50k
199c1f4d-96f7-58ea-9b51-5d19d14093f4,SUNTA,5,true,false,2026-08-02T00:00:00Z,,,Zemberek master-dictionary + FrequencyWords tr_50k
6dc573f6-ca4f-57af-ac54-0df591698ed4,SUNUM,5,true,true,2026-08-02T00:00:00Z,1031,14992,Zemberek master-dictionary + FrequencyWords tr_50k
359cc076-5ba1-527a-bcb3-1a8cbd7fa3bb,SUNUŞ,5,true,false,2026-08-02T00:00:00Z,,,Zemberek master-dictionary + FrequencyWords tr_50k
bf795eff-810d-5046-9d66-c0dc3884cf61,SUOKU,5,true,false,2026-08-02T00:00:00Z,,,Zemberek master-dictionary + FrequencyWords tr_50k
d7083eeb-ef94-537e-b622-66fbf7cc3b1a,SUPAP,5,true,false,2026-08-02T00:00:00Z,,,Zemberek master-dictionary + FrequencyWords tr_50k
c86ad2cd-9ea8-56ec-aab6-40357bbe05cb,SURAT,5,true,true,2026-08-02T00:00:00Z,3417,5377,Zemberek master-dictionary + FrequencyWords tr_50k
14b5f886-e105-5f79-b9c7-5a1266d65e88,SURET,5,true,false,2026-08-02T00:00:00Z,,,Zemberek master-dictionary + FrequencyWords tr_50k
c93f2311-47e6-5b0d-b6fc-aa362eebfe10,SUSAK,5,true,false,2026-08-02T00:00:00Z,,,Zemberek master-dictionary + FrequencyWords tr_50k
ec3b48a6-2887-5b60-8409-09a3e18ee78f,SUSAM,5,true,true,2026-08-02T00:00:00Z,435,29419,Zemberek master-dictionary + FrequencyWords tr_50k
8f78f5e9-ff89-558d-bdff-fae5741f675c,SUSKU,5,true,false,2026-08-02T00:00:00Z,,,Zemberek master-dictionary + FrequencyWords tr_50k
4c74104c-351f-59be-badc-6ef2a273f420,SUSTA,5,true,false,2026-08-02T00:00:00Z,,,Zemberek master-dictionary + FrequencyWords tr_50k
5ad3f0d4-3a2c-55eb-8f0f-0a132d6d0d72,SUSUZ,5,true,true,2026-08-02T00:00:00Z,872,17127,Zemberek master-dictionary + FrequencyWords tr_50k
3a214044-0ae4-51e0-90f9-ca2e852b1d4c,SUVAT,5,true,false,2026-08-02T00:00:00Z,,,Zemberek master-dictionary + FrequencyWords tr_50k
c0f27e20-1255-55a4-9032-772be2e0095d,SUYUK,5,true,false,2026-08-02T00:00:00Z,,,Zemberek master-dictionary + FrequencyWords tr_50k
a3fd0f3a-73a5-58e9-88dc-56b503bb5c0e,SUÇLU,5,true,true,2026-08-02T00:00:00Z,18856,1064,Zemberek master-dictionary + FrequencyWords tr_50k
5c392cc1-b808-5bbf-8adb-20f41751a21a,SÖKEL,5,true,false,2026-08-02T00:00:00Z,,,Zemberek master-dictionary + FrequencyWords tr_50k
7436417c-f932-51ca-97e1-2d85211f59a4,SÖKÜK,5,true,false,2026-08-02T00:00:00Z,,,Zemberek master-dictionary + FrequencyWords tr_50k
b1fcce2d-dc0f-5ccd-ae14-ae6f865f8b7f,SÖKÜM,5,true,false,2026-08-02T00:00:00Z,,,Zemberek master-dictionary + FrequencyWords tr_50k
492749d3-5810-5e07-80c8-f900424cc6bb,SÖKÜN,5,true,false,2026-08-02T00:00:00Z,,,Zemberek master-dictionary + FrequencyWords tr_50k
f56e845c-7579-5006-9e25-007ac7e346a5,SÖLOM,5,true,false,2026-08-02T00:00:00Z,,,Zemberek master-dictionary + FrequencyWords tr_50k
d9ae91b7-305f-550f-815d-3b06183fc268,SÖNÜK,5,true,true,2026-08-02T00:00:00Z,497,26620,Zemberek master-dictionary + FrequencyWords tr_50k
553ba50a-1c9c-521c-97f2-722854543d1d,SÖNÜM,5,true,false,2026-08-02T00:00:00Z,,,Zemberek master-dictionary + FrequencyWords tr_50k
1fb4730c-1175-57c9-a67a-8355778ae6e3,SÖVEN,5,true,false,2026-08-02T00:00:00Z,,,Zemberek master-dictionary + FrequencyWords tr_50k
d5d82301-44b5-573a-8747-ffb3e82155b7,SÖVGÜ,5,true,false,2026-08-02T00:00:00Z,,,Zemberek master-dictionary + FrequencyWords tr_50k
d5b9955c-cb03-5628-a491-cdf4fd2c7570,SÖZCÜ,5,true,false,2026-08-02T00:00:00Z,230,47068,Zemberek master-dictionary + FrequencyWords tr_50k
b37d047d-fe1d-52b1-a861-42fc7eca1314,SÖZDE,5,true,true,2026-08-02T00:00:00Z,2761,6551,Zemberek master-dictionary + FrequencyWords tr_50k
aebca553-6b28-55ae-9312-9efbed4350be,SÖZEL,5,true,false,2026-08-02T00:00:00Z,,,Zemberek master-dictionary + FrequencyWords tr_50k
e97f9534-dd9f-549a-ae4e-ef222438ee07,SÖZLÜ,5,true,true,2026-08-02T00:00:00Z,1535,10821,Zemberek master-dictionary + FrequencyWords tr_50k
059abb15-2127-5030-829e-a6cafefeefcc,SÖĞÜT,5,true,false,2026-08-02T00:00:00Z,255,43680,Zemberek master-dictionary + FrequencyWords tr_50k
d7cf973e-fe0d-52c5-b1c2-c4d5ee8c972f,SÖĞÜŞ,5,true,false,2026-08-02T00:00:00Z,,,Zemberek master-dictionary + FrequencyWords tr_50k
cdce93b4-d2e4-5c74-a84b-510c3ad55e68,SÜBEK,5,true,false,2026-08-02T00:00:00Z,,,Zemberek master-dictionary + FrequencyWords tr_50k
9ca18be0-ab7b-5625-bbbd-3b9f6b112268,SÜBUT,5,true,false,2026-08-02T00:00:00Z,,,Zemberek master-dictionary + FrequencyWords tr_50k
f6fd10af-a3ef-5c78-8b34-960d4df29e0f,SÜBYE,5,true,false,2026-08-02T00:00:00Z,,,Zemberek master-dictionary + FrequencyWords tr_50k
357921a0-dec8-5b99-8c28-58a67a4ac314,SÜCUT,5,true,false,2026-08-02T00:00:00Z,,,Zemberek master-dictionary + FrequencyWords tr_50k
e70d3696-9bcf-5344-bfab-1a48fad696eb,SÜKSE,5,true,false,2026-08-02T00:00:00Z,,,Zemberek master-dictionary + FrequencyWords tr_50k
296530bc-e285-53ff-bb82-27c30ad7e502,SÜLÜK,5,true,true,2026-08-02T00:00:00Z,394,31717,Zemberek master-dictionary + FrequencyWords tr_50k
847de04c-cfea-5636-b6f1-03296a720ce8,SÜLÜN,5,true,false,2026-08-02T00:00:00Z,,,Zemberek master-dictionary + FrequencyWords tr_50k
d3057a25-8da1-5930-8907-6c91b3acd622,SÜLÜS,5,true,false,2026-08-02T00:00:00Z,,,Zemberek master-dictionary + FrequencyWords tr_50k
20984075-3679-5cd6-a096-e835a7501d64,SÜMEK,5,true,false,2026-08-02T00:00:00Z,,,Zemberek master-dictionary + FrequencyWords tr_50k
f1710699-c9f9-5bd0-b192-904ee94910c6,SÜMEN,5,true,false,2026-08-02T00:00:00Z,,,Zemberek master-dictionary + FrequencyWords tr_50k
87c867e8-c27e-50e8-ade0-19f9fda7c9a9,SÜMÜK,5,true,true,2026-08-02T00:00:00Z,511,26050,Zemberek master-dictionary + FrequencyWords tr_50k
ba7cbbe6-e6d0-5f90-8e8b-e0b131900352,SÜNGÜ,5,true,false,2026-08-02T00:00:00Z,,,Zemberek master-dictionary + FrequencyWords tr_50k
a808fc43-7ed6-5bf9-92ef-bdadad14d5a7,SÜPER,5,true,true,2026-08-02T00:00:00Z,21409,949,Zemberek master-dictionary + FrequencyWords tr_50k
95b6ccca-8650-5212-a49c-bbe6c4f54d28,SÜRAT,5,true,true,2026-08-02T00:00:00Z,722,19995,Zemberek master-dictionary + FrequencyWords tr_50k
ca2548a4-c228-5369-afab-16a07c3ed39d,SÜREK,5,true,false,2026-08-02T00:00:00Z,,,Zemberek master-dictionary + FrequencyWords tr_50k
fe0d13c0-4c49-5924-9bdd-7022e02ec8ee,SÜREÇ,5,true,true,2026-08-02T00:00:00Z,1618,10347,Zemberek master-dictionary + FrequencyWords tr_50k
78391433-bfc1-54ff-8770-ac7cfebc6e9b,SÜRFE,5,true,false,2026-08-02T00:00:00Z,,,Zemberek master-dictionary + FrequencyWords tr_50k
0f8f3df9-4e65-5f95-b34e-401214d39847,SÜRGÜ,5,true,false,2026-08-02T00:00:00Z,,,Zemberek master-dictionary + FrequencyWords tr_50k
7674f613-8817-5ca3-82fd-08fc302502cb,SÜRME,5,true,true,2026-08-02T00:00:00Z,920,16413,Zemberek master-dictionary + FrequencyWords tr_50k
98a1dd8a-4060-5e6c-b7d8-8bc0452f8a8e,SÜRRE,5,true,false,2026-08-02T00:00:00Z,,,Zemberek master-dictionary + FrequencyWords tr_50k
0c8f0ffe-3d7f-55cc-bedd-e99a6cb1483f,SÜRUR,5,true,false,2026-08-02T00:00:00Z,,,Zemberek master-dictionary + FrequencyWords tr_50k
2bf7c75c-0b38-5a46-9b3f-28207cc06081,SÜRÜM,5,true,false,2026-08-02T00:00:00Z,,,Zemberek master-dictionary + FrequencyWords tr_50k
ca1be0b6-c93b-5d49-8714-c5e1e1070f5b,SÜSEN,5,true,false,2026-08-02T00:00:00Z,,,Zemberek master-dictionary + FrequencyWords tr_50k
1ed063d7-51e2-5db8-92c7-362209de8861,SÜSLÜ,5,true,true,2026-08-02T00:00:00Z,2301,7674,Zemberek master-dictionary + FrequencyWords tr_50k
20992611-785d-5bf2-9f3d-a8d4240a9593,SÜTLÜ,5,true,true,2026-08-02T00:00:00Z,933,16221,Zemberek master-dictionary + FrequencyWords tr_50k
773f40f7-98ff-5568-80be-5622c0779a5b,SÜTRE,5,true,false,2026-08-02T00:00:00Z,,,Zemberek master-dictionary + FrequencyWords tr_50k
5c6c67bd-5679-551d-9650-18266c2e6e4c,SÜTUN,5,true,true,2026-08-02T00:00:00Z,350,34600,Zemberek master-dictionary + FrequencyWords tr_50k
1915d296-aef9-5f2e-811d-64f5fbd95b40,SÜVEN,5,true,false,2026-08-02T00:00:00Z,,,Zemberek master-dictionary + FrequencyWords tr_50k
9ca2cb9d-193d-519c-9957-9a1d8a254ff6,SÜYEK,5,true,false,2026-08-02T00:00:00Z,,,Zemberek master-dictionary + FrequencyWords tr_50k
7fe6a8b9-4632-566d-84f4-16db679104c4,SÜYÜM,5,true,false,2026-08-02T00:00:00Z,,,Zemberek master-dictionary + FrequencyWords tr_50k
8efb805e-a4a7-5212-8910-8eb9346d20a5,SÜZEK,5,true,false,2026-08-02T00:00:00Z,,,Zemberek master-dictionary + FrequencyWords tr_50k
15fc5f6c-aa1a-5831-8220-d523518efcd4,SÜZGÜ,5,true,false,2026-08-02T00:00:00Z,,,Zemberek master-dictionary + FrequencyWords tr_50k
dd83aa04-72f2-51b1-8d74-fec5110f331b,SÜZÜK,5,true,false,2026-08-02T00:00:00Z,,,Zemberek master-dictionary + FrequencyWords tr_50k
94740a2b-1274-5cbd-92e5-4b3bee5708d6,SİBAK,5,true,false,2026-08-02T00:00:00Z,,,Zemberek master-dictionary + FrequencyWords tr_50k
b207a77d-df63-5823-b802-1598be4d51b0,SİCİL,5,true,true,2026-08-02T00:00:00Z,404,31142,Zemberek master-dictionary + FrequencyWords tr_50k
1a0ffbcc-b133-55ef-a88f-34e6779a4886,SİCİM,5,true,false,2026-08-02T00:00:00Z,269,41981,Zemberek master-dictionary + FrequencyWords tr_50k
318f06e7-c479-539f-a1d8-64cec02df81a,SİDİK,5,true,true,2026-08-02T00:00:00Z,867,17211,Zemberek master-dictionary + FrequencyWords tr_50k
bb2ed893-ea3d-5cef-a4be-947414415bd7,SİFON,5,true,false,2026-08-02T00:00:00Z,,,Zemberek master-dictionary + FrequencyWords tr_50k
5d5caf3e-7cbd-5d87-b46b-e5378e23b4e8,SİFİN,5,true,false,2026-08-02T00:00:00Z,,,Zemberek master-dictionary + FrequencyWords tr_50k
86d495e3-98a9-5002-b52d-0aa5a3deae8b,SİGAR,5,true,false,2026-08-02T00:00:00Z,,,Zemberek master-dictionary + FrequencyWords tr_50k
8e5d1ad5-b5b4-5f6b-b0c1-2829a9d8c87d,SİHİR,5,true,true,2026-08-02T00:00:00Z,3233,5677,Zemberek master-dictionary + FrequencyWords tr_50k
ea8b555c-61df-5111-9a55-ff9cae927501,SİKKE,5,true,false,2026-08-02T00:00:00Z,239,45767,Zemberek master-dictionary + FrequencyWords tr_50k
b655b8ac-94b5-54bb-8b19-bb6e9e6d559f,SİLAJ,5,true,false,2026-08-02T00:00:00Z,,,Zemberek master-dictionary + FrequencyWords tr_50k
0e9495aa-acb6-599a-83f8-a3be759b7f9f,SİLGİ,5,true,false,2026-08-02T00:00:00Z,,,Zemberek master-dictionary + FrequencyWords tr_50k
6b5f992e-b5b2-5834-ad1f-b7b55072778f,SİLKİ,5,true,false,2026-08-02T00:00:00Z,,,Zemberek master-dictionary + FrequencyWords tr_50k
094a8656-e5ba-5bf7-81c9-958f472e6839,SİLLE,5,true,false,2026-08-02T00:00:00Z,,,Zemberek master-dictionary + FrequencyWords tr_50k
89daa28b-3ef9-5e82-9937-2d1f6f84253d,SİLME,5,true,true,2026-08-02T00:00:00Z,329,36244,Zemberek master-dictionary + FrequencyWords tr_50k
fb22bde4-5964-511a-b0ed-8d129b6194e5,SİLİK,5,true,false,2026-08-02T00:00:00Z,235,46386,Zemberek master-dictionary + FrequencyWords tr_50k
f236db08-4b6a-5f03-8be8-f8c8e415542c,SİLİS,5,true,false,2026-08-02T00:00:00Z,,,Zemberek master-dictionary + FrequencyWords tr_50k
acbd65b5-7b5d-5d17-abe8-0f3872fe17d2,SİMGE,5,true,false,2026-08-02T00:00:00Z,,,Zemberek master-dictionary + FrequencyWords tr_50k
2cc5d429-dfde-59b6-a175-a89c3c2c1e97,SİMYA,5,true,false,2026-08-02T00:00:00Z,,,Zemberek master-dictionary + FrequencyWords tr_50k
f760b760-55a4-5754-9173-39a17ad6accd,SİMİT,5,true,true,2026-08-02T00:00:00Z,502,26393,Zemberek master-dictionary + FrequencyWords tr_50k
7c7ad516-a6dc-524e-b4bf-7136cd4057bd,SİNEK,5,true,true,2026-08-02T00:00:00Z,2067,8386,Zemberek master-dictionary + FrequencyWords tr_50k
09064432-41ac-516a-a3d7-0c4ca73bb375,SİNLE,5,true,false,2026-08-02T00:00:00Z,,,Zemberek master-dictionary + FrequencyWords tr_50k
185c8043-2870-5343-9cce-da70eb6611a2,SİNSİ,5,true,true,2026-08-02T00:00:00Z,1893,9011,Zemberek master-dictionary + FrequencyWords tr_50k
db5d0e09-9ed2-5c56-ba1d-f9f407828514,SİNÜS,5,true,false,2026-08-02T00:00:00Z,266,42412,Zemberek master-dictionary + FrequencyWords tr_50k
d37998c0-9ae0-5d2d-aa25-14c475e9abe4,SİNİK,5,true,false,2026-08-02T00:00:00Z,,,Zemberek master-dictionary + FrequencyWords tr_50k
7434fd67-3f13-5cae-ad06-b720a292b793,SİNİR,5,true,true,2026-08-02T00:00:00Z,10368,1887,Zemberek master-dictionary + FrequencyWords tr_50k
9a46c52a-ae74-549c-a400-436bcd703f7e,SİPER,5,true,true,2026-08-02T00:00:00Z,1127,13936,Zemberek master-dictionary + FrequencyWords tr_50k
041ff3cc-4c78-5ff5-a172-905c3fd7a666,SİPSİ,5,true,false,2026-08-02T00:00:00Z,,,Zemberek master-dictionary + FrequencyWords tr_50k
0e4ed48e-9f7d-59e3-9273-aa3d49a3ef8e,SİREN,5,true,true,2026-08-02T00:00:00Z,656,21505,Zemberek master-dictionary + FrequencyWords tr_50k
0394434c-e968-5b51-a3d3-00a38a3f70f6,SİRKE,5,true,true,2026-08-02T00:00:00Z,921,16405,Zemberek master-dictionary + FrequencyWords tr_50k
c80fd67a-2bd8-56e5-a331-5ed526c32954,SİRMO,5,true,false,2026-08-02T00:00:00Z,,,Zemberek master-dictionary + FrequencyWords tr_50k
5ef69cec-ed12-58cf-ba06-8406663de396,SİROZ,5,true,false,2026-08-02T00:00:00Z,,,Zemberek master-dictionary + FrequencyWords tr_50k
be82d778-4cac-5ace-9fea-01304e1ebdcf,SİRTO,5,true,false,2026-08-02T00:00:00Z,,,Zemberek master-dictionary + FrequencyWords tr_50k
8c9a329c-5f5b-5200-a069-ae73a7ad9090,SİTEM,5,true,false,2026-08-02T00:00:00Z,,,Zemberek master-dictionary + FrequencyWords tr_50k
0d12e9ff-e9a6-5344-8322-0ea3ad26a6d0,SİTİL,5,true,false,2026-08-02T00:00:00Z,,,Zemberek master-dictionary + FrequencyWords tr_50k
50ab0501-8f09-5e7d-9d32-58950b6ac258,SİVRİ,5,true,true,2026-08-02T00:00:00Z,1778,9537,Zemberek master-dictionary + FrequencyWords tr_50k
6773ccfb-37c5-56c0-9ce9-3146c9950a64,SİVİL,5,true,true,2026-08-02T00:00:00Z,4469,4255,Zemberek master-dictionary + FrequencyWords tr_50k
a5f5f523-7a16-5203-9f63-b8f31ddc1e14,SİYAH,5,true,true,2026-08-02T00:00:00Z,19254,1041,Zemberek master-dictionary + FrequencyWords tr_50k
9fb5f321-736e-5604-aa51-7c4a88fa7fab,SİYAK,5,true,false,2026-08-02T00:00:00Z,,,Zemberek master-dictionary + FrequencyWords tr_50k
d20e10c2-163b-5b17-ad9b-a7b2f16b395c,SİYEK,5,true,false,2026-08-02T00:00:00Z,,,Zemberek master-dictionary + FrequencyWords tr_50k
80a142c2-6bc3-52c2-8d68-ed69e90daddf,SİYER,5,true,false,2026-08-02T00:00:00Z,,,Zemberek master-dictionary + FrequencyWords tr_50k
2e31bac1-d469-52ac-8000-ee5a70970066,SİĞİL,5,true,false,2026-08-02T00:00:00Z,,,Zemberek master-dictionary + FrequencyWords tr_50k
6a85aba6-a587-5633-8d20-3ecc12e4a9e3,TABAK,5,true,true,2026-08-02T00:00:00Z,2289,7709,Zemberek master-dictionary + FrequencyWords tr_50k
0bc78abd-c2b0-57d2-99ad-3d4a4b23e737,TABAN,5,true,true,2026-08-02T00:00:00Z,370,33223,Zemberek master-dictionary + FrequencyWords tr_50k
cf687ce2-d049-50a6-9791-8494523f0ec6,TABLA,5,true,false,2026-08-02T00:00:00Z,,,Zemberek master-dictionary + FrequencyWords tr_50k
63a0c528-8aaf-5997-9137-20cf95643882,TABLO,5,true,true,2026-08-02T00:00:00Z,1914,8939,Zemberek master-dictionary + FrequencyWords tr_50k
d223236d-95e8-586f-9ff6-34676dbc71ab,TABUR,5,true,true,2026-08-02T00:00:00Z,688,20732,Zemberek master-dictionary + FrequencyWords tr_50k
2ee3c9c3-fc8c-5e66-9a84-0d33f4698ed0,TABUT,5,true,true,2026-08-02T00:00:00Z,1240,12907,Zemberek master-dictionary + FrequencyWords tr_50k
1fa9d0a9-660d-5254-8727-1cdf9635ac46,TABYA,5,true,false,2026-08-02T00:00:00Z,,,Zemberek master-dictionary + FrequencyWords tr_50k
83ce8ec6-4d18-5263-9340-be8825048485,TABİP,5,true,true,2026-08-02T00:00:00Z,824,17962,Zemberek master-dictionary + FrequencyWords tr_50k
e6eb8d31-6c52-59ad-ad62-ce1c2160aaf6,TABİR,5,true,true,2026-08-02T00:00:00Z,511,26037,Zemberek master-dictionary + FrequencyWords tr_50k
1287904e-ce20-5b8e-a15c-c06384341724,TACİL,5,true,false,2026-08-02T00:00:00Z,,,Zemberek master-dictionary + FrequencyWords tr_50k
0e0aedd6-6730-5d52-a83f-9b5522983382,TACİR,5,true,false,2026-08-02T00:00:00Z,,,Zemberek master-dictionary + FrequencyWords tr_50k
02dd896a-46cc-5921-9cac-1ba62c9571a0,TACİZ,5,true,true,2026-08-02T00:00:00Z,3956,4735,Zemberek master-dictionary + FrequencyWords tr_50k
4ebd8a23-53c0-5774-b2e6-b25f39e8d586,TADAT,5,true,false,2026-08-02T00:00:00Z,,,Zemberek master-dictionary + FrequencyWords tr_50k
c2530eaf-bb60-58f0-9cd7-d9e50fa939a8,TADIM,5,true,false,2026-08-02T00:00:00Z,,,Zemberek master-dictionary + FrequencyWords tr_50k
a66e9f97-e8ab-55f6-8381-be70680d9009,TADİL,5,true,false,2026-08-02T00:00:00Z,,,Zemberek master-dictionary + FrequencyWords tr_50k
a7dc14b2-52f7-5999-ba8c-f853c29f91ea,TAFRA,5,true,false,2026-08-02T00:00:00Z,,,Zemberek master-dictionary + FrequencyWords tr_50k
7c430afd-75ab-5930-ac27-5b83e56e7b18,TAFTA,5,true,false,2026-08-02T00:00:00Z,,,Zemberek master-dictionary + FrequencyWords tr_50k
14a9a72c-f742-570d-847f-7b98ae57e23e,TAHIL,5,true,true,2026-08-02T00:00:00Z,737,19639,Zemberek master-dictionary + FrequencyWords tr_50k
af38c2be-1824-5b93-8f0e-f882730bb5bb,TAHRA,5,true,false,2026-08-02T00:00:00Z,,,Zemberek master-dictionary + FrequencyWords tr_50k
d69bb7a1-27a4-576b-bc28-177ffb7f3549,TAHTA,5,true,true,2026-08-02T00:00:00Z,3950,4737,Zemberek master-dictionary + FrequencyWords tr_50k
01fdc78e-b962-5367-8af5-a0d0b0e66ec9,TAHİN,5,true,false,2026-08-02T00:00:00Z,,,Zemberek master-dictionary + FrequencyWords tr_50k
0df39a1e-526b-5560-ac12-6bfec4bc0fb4,TAKAS,5,true,true,2026-08-02T00:00:00Z,3191,5742,Zemberek master-dictionary + FrequencyWords tr_50k
de3e9ca5-272b-55fc-8b09-80bf364eb18c,TAKAT,5,true,false,2026-08-02T00:00:00Z,,,Zemberek master-dictionary + FrequencyWords tr_50k
1d086cdb-34ab-5ad7-b2f6-148deedd6247,TAKIK,5,true,false,2026-08-02T00:00:00Z,,,Zemberek master-dictionary + FrequencyWords tr_50k
1a32b8be-7f99-5fb3-b12e-a180f39a049f,TAKIM,5,true,true,2026-08-02T00:00:00Z,20661,984,Zemberek master-dictionary + FrequencyWords tr_50k
82cba0a4-d8f4-597e-b9c4-7dc0db16034c,TAKIR,5,true,false,2026-08-02T00:00:00Z,,,Zemberek master-dictionary + FrequencyWords tr_50k
8d667eb5-e135-5e5f-aff4-c24c02a89e07,TAKKE,5,true,false,2026-08-02T00:00:00Z,,,Zemberek master-dictionary + FrequencyWords tr_50k
fa7b99ee-700a-52e3-8640-9863969e3d98,TAKLA,5,true,true,2026-08-02T00:00:00Z,669,21179,Zemberek master-dictionary + FrequencyWords tr_50k
ddbfa222-0ce7-52bd-94a0-63896dd73c17,TAKOZ,5,true,false,2026-08-02T00:00:00Z,,,Zemberek master-dictionary + FrequencyWords tr_50k
b397bf37-5dbc-5094-aa8b-6409461e45e0,TAKSA,5,true,false,2026-08-02T00:00:00Z,,,Zemberek master-dictionary + FrequencyWords tr_50k
efb7af7e-bfd9-5c16-a398-344800bc93e0,TAKSİ,5,true,true,2026-08-02T00:00:00Z,9063,2153,Zemberek master-dictionary + FrequencyWords tr_50k
4c463d2a-f7c9-51d2-a49e-cd2fdab2896d,TAKTİ,5,true,false,2026-08-02T00:00:00Z,,,Zemberek master-dictionary + FrequencyWords tr_50k
95a2146c-94da-57c3-b775-41fcf40d8b5b,TAKVA,5,true,false,2026-08-02T00:00:00Z,,,Zemberek master-dictionary + FrequencyWords tr_50k
2afe3e71-92fd-5f4c-9d90-329f798e2163,TAKİM,5,true,false,2026-08-02T00:00:00Z,246,44827,Zemberek master-dictionary + FrequencyWords tr_50k
16f6166b-c503-5344-95c9-873c7685077f,TAKİP,5,true,true,2026-08-02T00:00:00Z,47595,443,Zemberek master-dictionary + FrequencyWords tr_50k
c79857ec-3a0f-583e-b5d4-d4e1b985183c,TALAN,5,true,true,2026-08-02T00:00:00Z,545,24775,Zemberek master-dictionary + FrequencyWords tr_50k
f4b7132a-bac6-5f88-aa04-74ea754db698,TALAZ,5,true,false,2026-08-02T00:00:00Z,,,Zemberek master-dictionary + FrequencyWords tr_50k
0b114b93-aeb4-54f5-9a7b-900587ffa766,TALAŞ,5,true,false,2026-08-02T00:00:00Z,,,Zemberek master-dictionary + FrequencyWords tr_50k
7b4c017b-ae43-5e90-88da-ba813ccb9d75,TALEP,5,true,true,2026-08-02T00:00:00Z,6488,3026,Zemberek master-dictionary + FrequencyWords tr_50k
663ba217-4010-5448-b5ca-ae4e3f51967d,TALİH,5,true,true,2026-08-02T00:00:00Z,761,19173,Zemberek master-dictionary + FrequencyWords tr_50k
a91a8ad2-88ff-5df9-9d91-0aac4b3465c1,TALİK,5,true,false,2026-08-02T00:00:00Z,,,Zemberek master-dictionary + FrequencyWords tr_50k
49d2e462-7af8-589f-a75a-3e4cd0a71a38,TALİL,5,true,false,2026-08-02T00:00:00Z,,,Zemberek master-dictionary + FrequencyWords tr_50k
314193dd-eeef-5d6c-93bf-0dc0a3bc3ca9,TALİM,5,true,true,2026-08-02T00:00:00Z,616,22609,Zemberek master-dictionary + FrequencyWords tr_50k
be5ba894-061b-53d5-a14c-6130c069e487,TALİP,5,true,false,2026-08-02T00:00:00Z,254,43763,Zemberek master-dictionary + FrequencyWords tr_50k
d53ad4ef-c442-5ad3-b2cb-1a1a49dac7ad,TAMAH,5,true,false,2026-08-02T00:00:00Z,,,Zemberek master-dictionary + FrequencyWords tr_50k
3a17f12d-01b5-5278-aed6-6aafd7ffd30d,TAMAM,5,true,false,2026-08-02T00:00:00Z,659080,28,Zemberek master-dictionary + FrequencyWords tr_50k
4dbdcd71-d14a-55cb-925b-177f0885416f,TAMİK,5,true,false,2026-08-02T00:00:00Z,,,Zemberek master-dictionary + FrequencyWords tr_50k
41c2192f-235f-547b-b7a5-dcbe4971b993,TAMİM,5,true,false,2026-08-02T00:00:00Z,,,Zemberek master-dictionary + FrequencyWords tr_50k
63e0fac2-4fd1-5773-8903-9c70944ce602,TAMİR,5,true,true,2026-08-02T00:00:00Z,11382,1727,Zemberek master-dictionary + FrequencyWords tr_50k
ea0b471f-faa4-568a-8fa2-a540a10c88da,TANEN,5,true,false,2026-08-02T00:00:00Z,,,Zemberek master-dictionary + FrequencyWords tr_50k
8dbb3f11-f098-5263-b6fd-779393a01bfd,TANGO,5,true,true,2026-08-02T00:00:00Z,1144,13771,Zemberek master-dictionary + FrequencyWords tr_50k
a5e2ed34-1288-59e7-bdf8-8c912324c52d,TANIK,5,true,true,2026-08-02T00:00:00Z,9035,2165,Zemberek master-dictionary + FrequencyWords tr_50k
4936d423-fde2-5742-b025-76fee79848e0,TANIM,5,true,true,2026-08-02T00:00:00Z,406,31037,Zemberek master-dictionary + FrequencyWords tr_50k
4d5b40e9-ac1e-5cf7-a4b4-4ad8ca481524,TANIT,5,true,true,2026-08-02T00:00:00Z,401,31327,Zemberek master-dictionary + FrequencyWords tr_50k
ac740881-b86f-50f8-b5ce-04b488962f23,TANIŞ,5,true,true,2026-08-02T00:00:00Z,2575,6954,Zemberek master-dictionary + FrequencyWords tr_50k
c580129f-49e2-50f6-b753-89835fd74b58,TANRI,5,true,false,2026-08-02T00:00:00Z,79935,277,Zemberek master-dictionary + FrequencyWords tr_50k
166f348b-4e0d-5196-a432-a7005999dfe3,TANİN,5,true,false,2026-08-02T00:00:00Z,,,Zemberek master-dictionary + FrequencyWords tr_50k
39e170fb-5929-5e22-929d-3df0d28500fc,TAPAN,5,true,false,2026-08-02T00:00:00Z,281,40681,Zemberek master-dictionary + FrequencyWords tr_50k
ea93c92f-93d4-5ad4-9e50-7f96596bb5a5,TAPIR,5,true,false,2026-08-02T00:00:00Z,,,Zemberek master-dictionary + FrequencyWords tr_50k
83cd8fc1-c6d2-5454-8f54-f4afcdb02686,TAPON,5,true,false,2026-08-02T00:00:00Z,,,Zemberek master-dictionary + FrequencyWords tr_50k
60a75ea3-53a2-546a-acd5-f843a14b07b2,TAPİR,5,true,false,2026-08-02T00:00:00Z,,,Zemberek master-dictionary + FrequencyWords tr_50k
ebfdba9d-ca85-5ecf-af25-22aa5cf5f209,TARAF,5,true,true,2026-08-02T00:00:00Z,6911,2837,Zemberek master-dictionary + FrequencyWords tr_50k
bc12bf50-9ba9-5759-b3d8-a18101862df0,TARAK,5,true,true,2026-08-02T00:00:00Z,439,29220,Zemberek master-dictionary + FrequencyWords tr_50k
ffcd2a6c-4866-5f8e-81b6-38e13136c94d,TARAZ,5,true,false,2026-08-02T00:00:00Z,,,Zemberek master-dictionary + FrequencyWords tr_50k
eb83af6c-c9f9-5749-adca-fdc983a74c0c,TARAŞ,5,true,false,2026-08-02T00:00:00Z,,,Zemberek master-dictionary + FrequencyWords tr_50k
034fc82f-b848-5c3b-a531-ddcbf040dffb,TARET,5,true,false,2026-08-02T00:00:00Z,,,Zemberek master-dictionary + FrequencyWords tr_50k
f0e42464-f78e-5abe-b507-e4e9cae506e4,TARIM,5,true,true,2026-08-02T00:00:00Z,1098,14253,Zemberek master-dictionary + FrequencyWords tr_50k
023109f0-577c-5a66-bebd-f9ea417c9d7c,TARLA,5,true,true,2026-08-02T00:00:00Z,664,21313,Zemberek master-dictionary + FrequencyWords tr_50k
3f691faa-72bc-5a8b-9f39-c7a9ed423ca3,TARTI,5,true,false,2026-08-02T00:00:00Z,,,Zemberek master-dictionary + FrequencyWords tr_50k
15811e28-2703-5b91-bbae-147ae676abed,TARİF,5,true,true,2026-08-02T00:00:00Z,5211,3697,Zemberek master-dictionary + FrequencyWords tr_50k
95431f8c-f59b-5c26-84df-d9b4f3312341,TARİH,5,true,true,2026-08-02T00:00:00Z,8942,2186,Zemberek master-dictionary + FrequencyWords tr_50k
ddabaf38-eecd-542f-920e-6c8714672258,TARİK,5,true,false,2026-08-02T00:00:00Z,,,Zemberek master-dictionary + FrequencyWords tr_50k
404fb877-722f-5e16-a17f-482d589cffd3,TARİZ,5,true,false,2026-08-02T00:00:00Z,,,Zemberek master-dictionary + FrequencyWords tr_50k
570ed6d9-1caa-552b-bce0-409621012de1,TASAR,5,true,false,2026-08-02T00:00:00Z,,,Zemberek master-dictionary + FrequencyWords tr_50k
7c206ff6-5c28-5a0d-8b1e-8b533c71fc64,TASDİ,5,true,false,2026-08-02T00:00:00Z,,,Zemberek master-dictionary + FrequencyWords tr_50k
e362ae50-6e8f-570f-a7c3-20382af66031,TASIM,5,true,false,2026-08-02T00:00:00Z,,,Zemberek master-dictionary + FrequencyWords tr_50k
8517a65d-f4cd-5ffe-b00a-4e053c578bc1,TASMA,5,true,true,2026-08-02T00:00:00Z,576,23757,Zemberek master-dictionary + FrequencyWords tr_50k
7fce9672-31a2-53aa-8d2e-c3d53264a19e,TASNİ,5,true,false,2026-08-02T00:00:00Z,,,Zemberek master-dictionary + FrequencyWords tr_50k
c75a1761-0c6e-5f91-81aa-dcf576e5b643,TATAR,5,true,false,2026-08-02T00:00:00Z,,,Zemberek master-dictionary + FrequencyWords tr_50k
e3521f60-7b6d-52ba-a1c5-9fdb00266eb5,TATLI,5,true,true,2026-08-02T00:00:00Z,30831,673,Zemberek master-dictionary + FrequencyWords tr_50k
8da40d16-e9d5-5026-8dca-fc8899160aad,TATİL,5,true,true,2026-08-02T00:00:00Z,6570,2976,Zemberek master-dictionary + FrequencyWords tr_50k
fcafe799-fd43-5bd4-89cb-e705103ab273,TAVAF,5,true,false,2026-08-02T00:00:00Z,,,Zemberek master-dictionary + FrequencyWords tr_50k
13d55265-2d36-5c16-9a48-6bc426cd4728,TAVAN,5,true,true,2026-08-02T00:00:00Z,2817,6432,Zemberek master-dictionary + FrequencyWords tr_50k
9626587a-824a-5965-8948-37991f8c90e0,TAVIR,5,true,true,2026-08-02T00:00:00Z,1396,11693,Zemberek master-dictionary + FrequencyWords tr_50k
418f8f8a-cef2-53b7-9f14-df02153a91d8,TAVLA,5,true,false,2026-08-02T00:00:00Z,,,Zemberek master-dictionary + FrequencyWords tr_50k
970f085c-256a-557d-bd7b-7d81d02e8135,TAVUK,5,true,true,2026-08-02T00:00:00Z,10070,1946,Zemberek master-dictionary + FrequencyWords tr_50k
ee1a8b35-c148-59f2-9f1b-5f0379089e4b,TAVUS,5,true,true,2026-08-02T00:00:00Z,349,34724,Zemberek master-dictionary + FrequencyWords tr_50k
5b97fe71-9abd-53e0-bccc-77ff1a5cff6a,TAVİK,5,true,false,2026-08-02T00:00:00Z,,,Zemberek master-dictionary + FrequencyWords tr_50k
590193a6-769c-50ee-928c-dd0f6ee43ad6,TAVİZ,5,true,true,2026-08-02T00:00:00Z,556,24417,Zemberek master-dictionary + FrequencyWords tr_50k
4e5dc747-4cd7-5397-a1af-2999d9cbe394,TAYFA,5,true,true,2026-08-02T00:00:00Z,670,21140,Zemberek master-dictionary + FrequencyWords tr_50k
c90c3dee-85bf-5328-8d27-b705910f293d,TAYGA,5,true,false,2026-08-02T00:00:00Z,,,Zemberek master-dictionary + FrequencyWords tr_50k
a24cffde-1eb6-5e28-b858-ae2d38f650ef,TAYIN,5,true,false,2026-08-02T00:00:00Z,,,Zemberek master-dictionary + FrequencyWords tr_50k
05007518-93ce-544f-bbca-1eac0f949464,TAYİN,5,true,true,2026-08-02T00:00:00Z,1283,12547,Zemberek master-dictionary + FrequencyWords tr_50k
fad951fa-594b-5546-a853-f955c3527209,TAYİP,5,true,false,2026-08-02T00:00:00Z,,,Zemberek master-dictionary + FrequencyWords tr_50k
fe29cbbc-5b78-5dfd-9e82-ab1a83ff6317,TAZİM,5,true,false,2026-08-02T00:00:00Z,,,Zemberek master-dictionary + FrequencyWords tr_50k
7b0cefda-a320-5ac0-ac9e-80eef43cb648,TAZİP,5,true,false,2026-08-02T00:00:00Z,,,Zemberek master-dictionary + FrequencyWords tr_50k
268741e1-143e-59af-a928-7be7803bb4ad,TAZİZ,5,true,false,2026-08-02T00:00:00Z,,,Zemberek master-dictionary + FrequencyWords tr_50k
4074f529-3a33-5dc0-93b6-c236d26d92d7,TAİFE,5,true,false,2026-08-02T00:00:00Z,,,Zemberek master-dictionary + FrequencyWords tr_50k
17845dd6-c675-51cf-83f0-bf3fc76ddd42,TAŞAK,5,true,true,2026-08-02T00:00:00Z,1567,10628,Zemberek master-dictionary + FrequencyWords tr_50k
d76dcd91-05e8-57d3-9e82-93fcf20a9838,TAŞIL,5,true,false,2026-08-02T00:00:00Z,,,Zemberek master-dictionary + FrequencyWords tr_50k
0919a934-4ab7-54da-bf86-35d83a966863,TAŞIM,5,true,false,2026-08-02T00:00:00Z,,,Zemberek master-dictionary + FrequencyWords tr_50k
a1390198-aa3f-5fde-b4ca-740fc7ba0b39,TAŞIT,5,true,false,2026-08-02T00:00:00Z,,,Zemberek master-dictionary + FrequencyWords tr_50k
ddc0fe22-f27b-5c03-8495-47cd5332dd93,TAŞRA,5,true,true,2026-08-02T00:00:00Z,523,25568,Zemberek master-dictionary + FrequencyWords tr_50k
85a815b9-dff2-5fd0-8cc7-d7e3198bebab,TEALİ,5,true,false,2026-08-02T00:00:00Z,,,Zemberek master-dictionary + FrequencyWords tr_50k
2c0f8b1c-688e-514a-aee9-c7f39856e628,TEATİ,5,true,false,2026-08-02T00:00:00Z,,,Zemberek master-dictionary + FrequencyWords tr_50k
d96aeb4c-3da7-50f4-9bf1-429f8c2bb475,TEBAA,5,true,false,2026-08-02T00:00:00Z,,,Zemberek master-dictionary + FrequencyWords tr_50k
40e4f3cf-8e35-5b48-adff-1798cc44ffdc,TEBER,5,true,false,2026-08-02T00:00:00Z,,,Zemberek master-dictionary + FrequencyWords tr_50k
b71973d6-be0e-5d1f-bcad-a92d2da1ca30,TECİL,5,true,false,2026-08-02T00:00:00Z,,,Zemberek master-dictionary + FrequencyWords tr_50k
f866adf3-168e-5020-88b4-f6772e19e7df,TECİM,5,true,false,2026-08-02T00:00:00Z,,,Zemberek master-dictionary + FrequencyWords tr_50k
29632ff4-39ee-59a0-8b15-492e611a2d6f,TEDAİ,5,true,false,2026-08-02T00:00:00Z,,,Zemberek master-dictionary + FrequencyWords tr_50k
4b5ffc8a-0567-5c6e-8826-fb75f2e20d22,TEDİP,5,true,false,2026-08-02T00:00:00Z,,,Zemberek master-dictionary + FrequencyWords tr_50k
b4f85823-c903-5279-902b-7cda984c253e,TEFEK,5,true,true,2026-08-02T00:00:00Z,1425,11485,Zemberek master-dictionary + FrequencyWords tr_50k
82bc1832-7aa3-5a7b-ba4c-1aa9e529f0f3,TEHİR,5,true,false,2026-08-02T00:00:00Z,,,Zemberek master-dictionary + FrequencyWords tr_50k
747f0207-39f1-595e-800d-885d430cfdb8,TEKEL,5,true,false,2026-08-02T00:00:00Z,,,Zemberek master-dictionary + FrequencyWords tr_50k
8ea91593-e964-56d9-9a9c-2b1c6c039def,TEKER,5,true,true,2026-08-02T00:00:00Z,3911,4775,Zemberek master-dictionary + FrequencyWords tr_50k
c5da8b7b-7c7a-5500-b2b3-be82ff92f516,TEKKE,5,true,false,2026-08-02T00:00:00Z,,,Zemberek master-dictionary + FrequencyWords tr_50k
95929674-6abb-53b8-844d-0ae75d63c05f,TEKME,5,true,true,2026-08-02T00:00:00Z,2510,7109,Zemberek master-dictionary + FrequencyWords tr_50k
69bbfe81-64c6-57e9-81be-881bf4b42d7b,TEKNE,5,true,true,2026-08-02T00:00:00Z,4817,3979,Zemberek master-dictionary + FrequencyWords tr_50k
d1aaeb6a-3562-541a-b953-ca3ad25289d7,TEKST,5,true,false,2026-08-02T00:00:00Z,,,Zemberek master-dictionary + FrequencyWords tr_50k
9c17b48f-93ed-53f7-8c89-385a314ccca3,TEKİL,5,true,false,2026-08-02T00:00:00Z,,,Zemberek master-dictionary + FrequencyWords tr_50k
f22de259-837d-5bae-9645-77c7c01ac864,TEKİN,5,true,true,2026-08-02T00:00:00Z,533,25194,Zemberek master-dictionary + FrequencyWords tr_50k
735d8b51-8a58-5fe5-8027-493c3e002a3c,TEKİR,5,true,false,2026-08-02T00:00:00Z,,,Zemberek master-dictionary + FrequencyWords tr_50k
57630b8c-0936-55ed-a32f-43c837912b38,TEKİT,5,true,false,2026-08-02T00:00:00Z,,,Zemberek master-dictionary + FrequencyWords tr_50k
c3c1ffdf-9ff9-5520-b698-6ffbda4653be,TELEF,5,true,false,2026-08-02T00:00:00Z,,,Zemberek master-dictionary + FrequencyWords tr_50k
657ffbfb-72c4-5e6f-9ae3-a3c7f52b7a5e,TELEK,5,true,false,2026-08-02T00:00:00Z,,,Zemberek master-dictionary + FrequencyWords tr_50k
6abbddf2-31a8-542b-8c57-a9583eaf77ea,TELEM,5,true,false,2026-08-02T00:00:00Z,,,Zemberek master-dictionary + FrequencyWords tr_50k
7420fcaa-f84b-5092-8bce-c126ccad20b7,TELES,5,true,false,2026-08-02T00:00:00Z,,,Zemberek master-dictionary + FrequencyWords tr_50k
f60080db-056a-5cb1-8f25-8e21c6a59d44,TELVE,5,true,false,2026-08-02T00:00:00Z,,,Zemberek master-dictionary + FrequencyWords tr_50k
9f6139f6-8312-5104-8724-c11d242c95cc,TELİF,5,true,true,2026-08-02T00:00:00Z,639,21945,Zemberek master-dictionary + FrequencyWords tr_50k
56f4c132-2cfa-5190-ad3f-579109a7667d,TELİN,5,true,false,2026-08-02T00:00:00Z,,,Zemberek master-dictionary + FrequencyWords tr_50k
a9a00347-0ecf-5bff-a321-e2b41fbf0cef,TELİS,5,true,false,2026-08-02T00:00:00Z,,,Zemberek master-dictionary + FrequencyWords tr_50k
d586a3cb-a88a-5a47-bdc1-f3b5d94b3704,TEMAS,5,true,true,2026-08-02T00:00:00Z,5085,3779,Zemberek master-dictionary + FrequencyWords tr_50k
fb5bbf4e-7ad8-5c27-8dd8-c39871cc80ee,TEMEK,5,true,false,2026-08-02T00:00:00Z,,,Zemberek master-dictionary + FrequencyWords tr_50k
a69641fc-1f0c-57e2-8031-339fb559fa64,TEMEL,5,true,true,2026-08-02T00:00:00Z,7860,2498,Zemberek master-dictionary + FrequencyWords tr_50k
910b3da9-6f7e-5e6f-a41d-4b7d3ffcf91a,TEMPO,5,true,true,2026-08-02T00:00:00Z,419,30338,Zemberek master-dictionary + FrequencyWords tr_50k
40dd84e0-396d-5e10-9a6f-91b527a7835d,TEMİN,5,true,true,2026-08-02T00:00:00Z,6546,2987,Zemberek master-dictionary + FrequencyWords tr_50k
eeec5a01-1318-5e2c-b6e5-9a64cfb3f7de,TEMİZ,5,true,true,2026-08-02T00:00:00Z,23954,865,Zemberek master-dictionary + FrequencyWords tr_50k
b30c7140-f823-50af-beaa-3c138874eccb,TENGE,5,true,false,2026-08-02T00:00:00Z,,,Zemberek master-dictionary + FrequencyWords tr_50k
7f374d07-e3d0-5ccb-937f-09ee5b78d4b3,TENHA,5,true,true,2026-08-02T00:00:00Z,357,34121,Zemberek master-dictionary + FrequencyWords tr_50k
08abf52f-5aec-5b0d-a620-44ee4ea412b4,TENOR,5,true,false,2026-08-02T00:00:00Z,,,Zemberek master-dictionary + FrequencyWords tr_50k
51e84866-1af6-5cc8-9cc2-90fdcd1354b4,TENTE,5,true,false,2026-08-02T00:00:00Z,,,Zemberek master-dictionary + FrequencyWords tr_50k
88d790e1-c021-5469-b31a-a3f659915939,TENYA,5,true,false,2026-08-02T00:00:00Z,,,Zemberek master-dictionary + FrequencyWords tr_50k
e1b34736-30fc-5a3d-95ac-f67cca2d720b,TENİS,5,true,true,2026-08-02T00:00:00Z,2824,6409,Zemberek master-dictionary + FrequencyWords tr_50k
7bf4d163-8e9e-5fa5-8290-2c053c144740,TEORİ,5,true,true,2026-08-02T00:00:00Z,2514,7096,Zemberek master-dictionary + FrequencyWords tr_50k
00824203-65e6-5fad-ae24-f207c6789d29,TEPKE,5,true,false,2026-08-02T00:00:00Z,,,Zemberek master-dictionary + FrequencyWords tr_50k
0c67b745-450a-5478-a670-9ce57cbbd234,TEPKİ,5,true,true,2026-08-02T00:00:00Z,8772,2219,Zemberek master-dictionary + FrequencyWords tr_50k
440255e0-b2f4-550c-ae50-00085c3ee5fb,TEPSİ,5,true,true,2026-08-02T00:00:00Z,370,33208,Zemberek master-dictionary + FrequencyWords tr_50k
bc9ca01d-f1c3-5b32-86b0-c05878838792,TEPİK,5,true,false,2026-08-02T00:00:00Z,,,Zemberek master-dictionary + FrequencyWords tr_50k
07f4575a-be2b-504c-9008-1fefdb6a145b,TEPİR,5,true,false,2026-08-02T00:00:00Z,,,Zemberek master-dictionary + FrequencyWords tr_50k
7029696b-f58d-54b7-804e-1d230e7968fa,TERAS,5,true,false,2026-08-02T00:00:00Z,271,41764,Zemberek master-dictionary + FrequencyWords tr_50k
ce12b396-81de-56ce-a1bf-b6756295dc43,TERBİ,5,true,false,2026-08-02T00:00:00Z,,,Zemberek master-dictionary + FrequencyWords tr_50k
be73ee9f-7c7a-5d30-9a88-6a7ce2a650ac,TEREK,5,true,false,2026-08-02T00:00:00Z,,,Zemberek master-dictionary + FrequencyWords tr_50k
3be9e856-dd47-56e5-9cdc-ac88e1f26728,TERES,5,true,false,2026-08-02T00:00:00Z,,,Zemberek master-dictionary + FrequencyWords tr_50k
02680f01-41ee-5ac5-9719-962425b42638,TERFİ,5,true,true,2026-08-02T00:00:00Z,4134,4550,Zemberek master-dictionary + FrequencyWords tr_50k
739c2a9c-df4f-5a47-ac01-2c5b551437ec,TERKİ,5,true,false,2026-08-02T00:00:00Z,,,Zemberek master-dictionary + FrequencyWords tr_50k
4dad3b1b-e74d-5853-8ab4-ce5971897c58,TERME,5,true,false,2026-08-02T00:00:00Z,,,Zemberek master-dictionary + FrequencyWords tr_50k
afb9eb87-3ea6-5d82-a17f-e5a5b81e1010,TERZİ,5,true,true,2026-08-02T00:00:00Z,670,21142,Zemberek master-dictionary + FrequencyWords tr_50k
94c88a8a-d02b-5968-9c65-8c61b3907ea2,TERÖR,5,true,false,2026-08-02T00:00:00Z,2197,7976,Zemberek master-dictionary + FrequencyWords tr_50k
6287a473-434e-55d3-b712-241455cc7f1c,TERİM,5,true,true,2026-08-02T00:00:00Z,698,20514,Zemberek master-dictionary + FrequencyWords tr_50k
72f6bfb7-ba82-5776-9c9b-b2c787701973,TESRİ,5,true,false,2026-08-02T00:00:00Z,,,Zemberek master-dictionary + FrequencyWords tr_50k
be1dd347-9bc4-5ef3-b673-6b88395a00c2,TESTİ,5,true,true,2026-08-02T00:00:00Z,7211,2724,Zemberek master-dictionary + FrequencyWords tr_50k
c9a72e3d-e991-5fc1-aaf4-b7ad52689f04,TESİR,5,true,false,2026-08-02T00:00:00Z,,,Zemberek master-dictionary + FrequencyWords tr_50k
ad35f1fc-2599-54cb-9cd2-cea555fd6da7,TESİS,5,true,true,2026-08-02T00:00:00Z,1001,15329,Zemberek master-dictionary + FrequencyWords tr_50k
41ae5ce1-9dae-519f-a503-41a8da97b8c8,TESİT,5,true,false,2026-08-02T00:00:00Z,,,Zemberek master-dictionary + FrequencyWords tr_50k
9ea7ddfb-46e3-56d7-b16b-48c1678c9e68,TETİK,5,true,true,2026-08-02T00:00:00Z,551,24564,Zemberek master-dictionary + FrequencyWords tr_50k
b9e29e99-749f-5635-9f8d-00736c1522a0,TETİR,5,true,false,2026-08-02T00:00:00Z,,,Zemberek master-dictionary + FrequencyWords tr_50k
711b234e-39ab-5d0b-9a46-f8474521d854,TEVDİ,5,true,false,2026-08-02T00:00:00Z,,,Zemberek master-dictionary + FrequencyWords tr_50k
67be416f-265c-5880-9515-fea58900fb4f,TEVEK,5,true,false,2026-08-02T00:00:00Z,,,Zemberek master-dictionary + FrequencyWords tr_50k
9105122f-f7a4-5210-96ee-33ac64c6bec9,TEVKİ,5,true,false,2026-08-02T00:00:00Z,,,Zemberek master-dictionary + FrequencyWords tr_50k
72aef2a8-f383-50ed-8720-87153e218416,TEVSİ,5,true,false,2026-08-02T00:00:00Z,,,Zemberek master-dictionary + FrequencyWords tr_50k
50eea949-bae0-5d2d-8bb4-52b77061189b,TEVZİ,5,true,false,2026-08-02T00:00:00Z,,,Zemberek master-dictionary + FrequencyWords tr_50k
1bba6809-0a11-5795-a1d3-a06f5512789d,TEVİL,5,true,false,2026-08-02T00:00:00Z,,,Zemberek master-dictionary + FrequencyWords tr_50k
3ca4fc02-387d-5bd0-be67-74119af72798,TEYEL,5,true,false,2026-08-02T00:00:00Z,,,Zemberek master-dictionary + FrequencyWords tr_50k
3b94aa7a-8011-52ac-976b-60605ff0e83c,TEYZE,5,true,false,2026-08-02T00:00:00Z,6456,3046,Zemberek master-dictionary + FrequencyWords tr_50k
c7f3ca00-f4da-56db-a45d-83a46ddb1ad6,TEYİT,5,true,true,2026-08-02T00:00:00Z,2061,8401,Zemberek master-dictionary + FrequencyWords tr_50k
75ca95e7-0ac8-546e-bf81-eb7d5b7318db,TEZAT,5,true,false,2026-08-02T00:00:00Z,,,Zemberek master-dictionary + FrequencyWords tr_50k
e80c96a2-ccf6-5cb9-96f7-fc412af7e269,TEZEK,5,true,false,2026-08-02T00:00:00Z,,,Zemberek master-dictionary + FrequencyWords tr_50k
6403b9dc-832d-553c-b7a9-a71fcd5e4d6b,TEĞET,5,true,false,2026-08-02T00:00:00Z,,,Zemberek master-dictionary + FrequencyWords tr_50k
5e3587c0-f844-5c9d-8221-e0c74319c24e,TEİST,5,true,false,2026-08-02T00:00:00Z,,,Zemberek master-dictionary + FrequencyWords tr_50k
8401b00f-a348-57d8-b8cc-c73d1c3cde17,TEİZM,5,true,false,2026-08-02T00:00:00Z,,,Zemberek master-dictionary + FrequencyWords tr_50k
95201154-ddb8-5f68-a95c-d4552c791bcf,TEŞCİ,5,true,false,2026-08-02T00:00:00Z,,,Zemberek master-dictionary + FrequencyWords tr_50k
9831cf66-1420-519e-8762-567a29ce09fe,TEŞNE,5,true,false,2026-08-02T00:00:00Z,,,Zemberek master-dictionary + FrequencyWords tr_50k
4867231f-e1c3-5f04-8043-a931f7d2b1d9,TEŞRİ,5,true,false,2026-08-02T00:00:00Z,,,Zemberek master-dictionary + FrequencyWords tr_50k
1da0a7b1-67ad-59e6-9401-3f8afd21fb90,TEŞYİ,5,true,false,2026-08-02T00:00:00Z,,,Zemberek master-dictionary + FrequencyWords tr_50k
9e04f9f1-4fdf-52b5-a61c-344d7616f5f0,TIFIL,5,true,false,2026-08-02T00:00:00Z,,,Zemberek master-dictionary + FrequencyWords tr_50k
86ac4bad-e74d-5b21-978d-68b9a92f53fe,TIKAÇ,5,true,false,2026-08-02T00:00:00Z,,,Zemberek master-dictionary + FrequencyWords tr_50k
47c26641-25f8-559a-b19b-3cf1b4bfd348,TIKIM,5,true,false,2026-08-02T00:00:00Z,,,Zemberek master-dictionary + FrequencyWords tr_50k
5a544004-bc03-54bc-aa2a-b8e90f35d5e1,TIKIR,5,true,true,2026-08-02T00:00:00Z,377,32763,Zemberek master-dictionary + FrequencyWords tr_50k
d325a6ef-f1a6-5ee5-a5ab-25b03c5e52aa,TIKIZ,5,true,false,2026-08-02T00:00:00Z,,,Zemberek master-dictionary + FrequencyWords tr_50k
cb9b1894-50b5-5e72-9380-d45b4b648901,TIKIŞ,5,true,false,2026-08-02T00:00:00Z,,,Zemberek master-dictionary + FrequencyWords tr_50k
a4d0a4b4-45df-59f8-ae81-ccda50f6beb7,TIMAR,5,true,false,2026-08-02T00:00:00Z,,,Zemberek master-dictionary + FrequencyWords tr_50k
6349446a-ad2f-5176-8d8f-c282ce76f3bb,TINAZ,5,true,false,2026-08-02T00:00:00Z,,,Zemberek master-dictionary + FrequencyWords tr_50k
56d399f7-5cd1-5a6f-b184-09dc48ff4a31,TIPIR,5,true,false,2026-08-02T00:00:00Z,,,Zemberek master-dictionary + FrequencyWords tr_50k
1dce1454-b02a-5184-8571-cab6fcdb359d,TIPIŞ,5,true,false,2026-08-02T00:00:00Z,,,Zemberek master-dictionary + FrequencyWords tr_50k
94eec9d6-a8ee-56eb-b503-5621b968d828,TIPKI,5,true,true,2026-08-02T00:00:00Z,26189,786,Zemberek master-dictionary + FrequencyWords tr_50k
4df3458b-3e96-5bff-8dff-bee43eb72514,TIRAK,5,true,false,2026-08-02T00:00:00Z,,,Zemberek master-dictionary + FrequencyWords tr_50k
89329a7f-ac78-59b7-a005-121547813bd9,TIRAŞ,5,true,true,2026-08-02T00:00:00Z,3017,6040,Zemberek master-dictionary + FrequencyWords tr_50k
9f47f82b-f16a-58c9-a6cb-3472f156feb1,TIRIK,5,true,false,2026-08-02T00:00:00Z,,,Zemberek master-dictionary + FrequencyWords tr_50k
0bbf3c95-95a3-543e-a462-3b6d470ff30d,TIRIL,5,true,false,2026-08-02T00:00:00Z,,,Zemberek master-dictionary + FrequencyWords tr_50k
60a818be-5de9-5f0d-bbc3-8eb17dd0fff1,TIRIS,5,true,false,2026-08-02T00:00:00Z,,,Zemberek master-dictionary + FrequencyWords tr_50k
f3a6a291-9f06-50b7-9c0a-e9a363961678,TOHUM,5,true,true,2026-08-02T00:00:00Z,986,15517,Zemberek master-dictionary + FrequencyWords tr_50k
2642b863-3cae-51bf-a849-07818d9eaf28,TOKAT,5,true,true,2026-08-02T00:00:00Z,2101,8278,Zemberek master-dictionary + FrequencyWords tr_50k
d5d5e424-e198-5850-b395-ab5dcd0f4691,TOKAÇ,5,true,false,2026-08-02T00:00:00Z,,,Zemberek master-dictionary + FrequencyWords tr_50k
883c9ede-d9fe-5883-a3b9-9c99b1086257,TOKUZ,5,true,false,2026-08-02T00:00:00Z,,,Zemberek master-dictionary + FrequencyWords tr_50k
389cbd5c-c392-5b16-b87f-043f2b7d5139,TOKUŞ,5,true,true,2026-08-02T00:00:00Z,952,15976,Zemberek master-dictionary + FrequencyWords tr_50k
796fe0c9-004b-5a3c-ab41-e64bb67e5227,TOKYO,5,true,true,2026-08-02T00:00:00Z,3347,5511,Zemberek master-dictionary + FrequencyWords tr_50k
10a75d76-5d03-5a55-bb7a-69b00a20060f,TOLGA,5,true,false,2026-08-02T00:00:00Z,,,Zemberek master-dictionary + FrequencyWords tr_50k
bec0b4fd-c8e5-5985-a30d-9bf5e712ecfa,TOMAK,5,true,false,2026-08-02T00:00:00Z,,,Zemberek master-dictionary + FrequencyWords tr_50k
71738a6b-2d5e-513a-96c8-6c6c3d907a2b,TOMAR,5,true,true,2026-08-02T00:00:00Z,387,32162,Zemberek master-dictionary + FrequencyWords tr_50k
64ec7b5d-ca3c-5c26-84af-82b6f8cade87,TONAJ,5,true,false,2026-08-02T00:00:00Z,,,Zemberek master-dictionary + FrequencyWords tr_50k
341e8ffd-c285-5e7f-8e6d-e6d5e5da5d06,TONER,5,true,false,2026-08-02T00:00:00Z,,,Zemberek master-dictionary + FrequencyWords tr_50k
1f2aa249-9b65-5ca0-8f3c-aefd9fa0bad4,TONGA,5,true,false,2026-08-02T00:00:00Z,,,Zemberek master-dictionary + FrequencyWords tr_50k
39520e64-620c-5fd9-9277-61f1dfe1e0f8,TONLA,5,true,true,2026-08-02T00:00:00Z,908,16558,Zemberek master-dictionary + FrequencyWords tr_50k
4ac9d1db-5296-5ea8-be50-db4e005acf29,TONOZ,5,true,false,2026-08-02T00:00:00Z,,,Zemberek master-dictionary + FrequencyWords tr_50k
4a5b301d-7f4f-5fee-b96e-5dbb775f23b0,TONİK,5,true,true,2026-08-02T00:00:00Z,648,21721,Zemberek master-dictionary + FrequencyWords tr_50k
d8e03257-f61b-5928-ab73-99ea4ba18980,TOPAK,5,true,false,2026-08-02T00:00:00Z,,,Zemberek master-dictionary + FrequencyWords tr_50k
2c0cd8c6-ade3-5167-b581-a51a60857d6b,TOPAL,5,true,true,2026-08-02T00:00:00Z,547,24716,Zemberek master-dictionary + FrequencyWords tr_50k
d90b97fc-f5b0-5481-9054-ca26fe77e100,TOPAR,5,true,false,2026-08-02T00:00:00Z,251,44158,Zemberek master-dictionary + FrequencyWords tr_50k
fdaf1fe9-3775-55fb-8bee-6287cb173582,TOPAZ,5,true,false,2026-08-02T00:00:00Z,,,Zemberek master-dictionary + FrequencyWords tr_50k
68aea2c4-3842-5a09-a2e1-973f73983348,TOPAÇ,5,true,false,2026-08-02T00:00:00Z,,,Zemberek master-dictionary + FrequencyWords tr_50k
9f580425-7958-59bc-a5ad-3fac0481504c,TOPLU,5,true,true,2026-08-02T00:00:00Z,2867,6305,Zemberek master-dictionary + FrequencyWords tr_50k
e9e479c8-89cc-5759-83d2-f5351a20806d,TOPUK,5,true,true,2026-08-02T00:00:00Z,352,34488,Zemberek master-dictionary + FrequencyWords tr_50k
9ff19061-71cf-5857-8247-34da17461ae7,TOPUR,5,true,false,2026-08-02T00:00:00Z,,,Zemberek master-dictionary + FrequencyWords tr_50k
15f79a68-f906-5cc8-9fcd-16cc7de93f2d,TOPUT,5,true,false,2026-08-02T00:00:00Z,,,Zemberek master-dictionary + FrequencyWords tr_50k
2e3677a2-4ae5-52f7-aca8-d415ff86bb44,TOPUZ,5,true,false,2026-08-02T00:00:00Z,,,Zemberek master-dictionary + FrequencyWords tr_50k
65e8ec7f-6f28-5e27-90ae-fab8bdeb2b46,TOPİK,5,true,false,2026-08-02T00:00:00Z,,,Zemberek master-dictionary + FrequencyWords tr_50k
85122a9d-ee73-520c-af54-c087be208920,TORAK,5,true,false,2026-08-02T00:00:00Z,,,Zemberek master-dictionary + FrequencyWords tr_50k
ade8afd6-31ac-5f01-97f7-2e7900ffa1d8,TORBA,5,true,true,2026-08-02T00:00:00Z,1476,11148,Zemberek master-dictionary + FrequencyWords tr_50k
878dff4c-4f01-5128-81da-227306c0742d,TORNA,5,true,false,2026-08-02T00:00:00Z,,,Zemberek master-dictionary + FrequencyWords tr_50k
c0690a74-9654-58a3-acd3-a57e308ff33e,TORTU,5,true,false,2026-08-02T00:00:00Z,,,Zemberek master-dictionary + FrequencyWords tr_50k
abe5fe52-6e43-5a04-b32c-e839f747463a,TORUM,5,true,false,2026-08-02T00:00:00Z,,,Zemberek master-dictionary + FrequencyWords tr_50k
782782f3-10de-531f-a089-97f320b9950f,TORUN,5,true,true,2026-08-02T00:00:00Z,612,22727,Zemberek master-dictionary + FrequencyWords tr_50k
8384fd41-3792-5908-a381-dbf960de4cb7,TORİK,5,true,false,2026-08-02T00:00:00Z,,,Zemberek master-dictionary + FrequencyWords tr_50k
722317a3-ef10-5002-b42a-952c45b2fbb2,TOSUN,5,true,false,2026-08-02T00:00:00Z,,,Zemberek master-dictionary + FrequencyWords tr_50k
d41cbf74-e343-5e70-852a-42064ca41002,TOTAL,5,true,false,2026-08-02T00:00:00Z,,,Zemberek master-dictionary + FrequencyWords tr_50k
bcba76d2-0813-5b17-83cc-57091bcc85a0,TOTEM,5,true,false,2026-08-02T00:00:00Z,,,Zemberek master-dictionary + FrequencyWords tr_50k
334768a0-29dc-5bf2-b012-c10c712dab71,TOYGA,5,true,false,2026-08-02T00:00:00Z,,,Zemberek master-dictionary + FrequencyWords tr_50k
399fc3e4-f82c-56dd-ab54-4094b4284286,TOZAN,5,true,false,2026-08-02T00:00:00Z,,,Zemberek master-dictionary + FrequencyWords tr_50k
318d0bb5-b929-5502-afe5-66a7fe549513,TRAFO,5,true,false,2026-08-02T00:00:00Z,,,Zemberek master-dictionary + FrequencyWords tr_50k
d2e3bc6d-5bf0-507f-9ff9-cf97c01b07b1,TRAKE,5,true,false,2026-08-02T00:00:00Z,,,Zemberek master-dictionary + FrequencyWords tr_50k
e3b5de1d-2c77-5abc-9876-701e0a555682,TRANS,5,true,true,2026-08-02T00:00:00Z,473,27621,Zemberek master-dictionary + FrequencyWords tr_50k
0e31697f-93f5-5043-b048-9d4b5f32692d,TRANŞ,5,true,false,2026-08-02T00:00:00Z,,,Zemberek master-dictionary + FrequencyWords tr_50k
08c4ab02-7222-58a9-bac8-b03a70349db6,TRATA,5,true,false,2026-08-02T00:00:00Z,,,Zemberek master-dictionary + FrequencyWords tr_50k
8024f957-8858-5cd6-902c-a2180304769d,TREND,5,true,false,2026-08-02T00:00:00Z,,,Zemberek master-dictionary + FrequencyWords tr_50k
4e25d676-3266-5c5c-ab64-4a5433f491ed,TROMP,5,true,false,2026-08-02T00:00:00Z,,,Zemberek master-dictionary + FrequencyWords tr_50k
4b9264ce-3306-5259-a2b2-4c43bbe88935,TRÖST,5,true,false,2026-08-02T00:00:00Z,,,Zemberek master-dictionary + FrequencyWords tr_50k
2f6f0056-29b1-54ce-aedb-22e5376fb7b2,TRİAS,5,true,false,2026-08-02T00:00:00Z,,,Zemberek master-dictionary + FrequencyWords tr_50k
8532d210-cd2d-5bf8-ac50-6c0a8e2ad3fe,TRİKO,5,true,false,2026-08-02T00:00:00Z,,,Zemberek master-dictionary + FrequencyWords tr_50k
c3e4a76c-c2d0-576a-a073-ef063285a5cc,TUFAN,5,true,false,2026-08-02T00:00:00Z,,,Zemberek master-dictionary + FrequencyWords tr_50k
df11ecb0-f27d-5558-b6fa-cff77365484b,TUGAY,5,true,false,2026-08-02T00:00:00Z,,,Zemberek master-dictionary + FrequencyWords tr_50k
e9d486c5-015a-50de-ab2d-d6b0e1204ff0,TUHAF,5,true,false,2026-08-02T00:00:00Z,35398,597,Zemberek master-dictionary + FrequencyWords tr_50k
a6afda65-5d01-53ea-8e88-1281e6c1b999,TUKUR,5,true,false,2026-08-02T00:00:00Z,,,Zemberek master-dictionary + FrequencyWords tr_50k
86e905fe-330f-512e-b6ca-c7715e89797b,TULUK,5,true,false,2026-08-02T00:00:00Z,,,Zemberek master-dictionary + FrequencyWords tr_50k
4ad901e7-4379-5fef-9e18-5075831bc562,TULUM,5,true,true,2026-08-02T00:00:00Z,321,36851,Zemberek master-dictionary + FrequencyWords tr_50k
74f46530-1c59-50c6-9987-829f04ccbfce,TULUP,5,true,false,2026-08-02T00:00:00Z,,,Zemberek master-dictionary + FrequencyWords tr_50k
c51d8b96-150e-57a6-a351-bdb0f6aa210b,TUMAN,5,true,false,2026-08-02T00:00:00Z,,,Zemberek master-dictionary + FrequencyWords tr_50k
3d127f03-0174-5f8b-a70f-430637f42bec,TUMBA,5,true,false,2026-08-02T00:00:00Z,,,Zemberek master-dictionary + FrequencyWords tr_50k
b09cf795-f104-5887-a42c-8914929b4d8e,TUNİK,5,true,false,2026-08-02T00:00:00Z,,,Zemberek master-dictionary + FrequencyWords tr_50k
8ab58dce-5f1f-5ff7-9038-65bbb134efc7,TURAÇ,5,true,false,2026-08-02T00:00:00Z,,,Zemberek master-dictionary + FrequencyWords tr_50k
869eb2e6-2a14-5ac3-9bc4-45c7f1799973,TURBA,5,true,false,2026-08-02T00:00:00Z,,,Zemberek master-dictionary + FrequencyWords tr_50k
6dd302ae-7670-501b-8130-7f2799093c00,TURBO,5,true,true,2026-08-02T00:00:00Z,646,21758,Zemberek master-dictionary + FrequencyWords tr_50k
0e388db8-175c-5050-ba32-adc87fc5f3c2,TURFA,5,true,false,2026-08-02T00:00:00Z,,,Zemberek master-dictionary + FrequencyWords tr_50k
04e61891-162a-5c7a-849b-cfdba0d051cf,TURNA,5,true,false,2026-08-02T00:00:00Z,272,41718,Zemberek master-dictionary + FrequencyWords tr_50k
8acf184f-be0f-5881-8a45-5c0ab7e8a171,TURNE,5,true,true,2026-08-02T00:00:00Z,325,36579,Zemberek master-dictionary + FrequencyWords tr_50k
8e6993c1-9663-5a65-8132-0b1af88b9f9f,TURNO,5,true,false,2026-08-02T00:00:00Z,,,Zemberek master-dictionary + FrequencyWords tr_50k
40b0db20-2f8f-5951-940e-94fd9f62efc1,TURTA,5,true,true,2026-08-02T00:00:00Z,2501,7129,Zemberek master-dictionary + FrequencyWords tr_50k
171b0dd4-cc26-53ba-bedc-d58353066b88,TURŞU,5,true,true,2026-08-02T00:00:00Z,1075,14497,Zemberek master-dictionary + FrequencyWords tr_50k
bd1aa45c-87db-57f2-8029-34218471d792,TUTAK,5,true,false,2026-08-02T00:00:00Z,,,Zemberek master-dictionary + FrequencyWords tr_50k
f99d5003-8b2a-596e-9ad7-6559df1d0c1d,TUTAM,5,true,true,2026-08-02T00:00:00Z,706,20328,Zemberek master-dictionary + FrequencyWords tr_50k
1fbfe4cd-f9c6-5d87-8ac7-11c5a62cfce8,TUTAR,5,true,true,2026-08-02T00:00:00Z,4858,3942,Zemberek master-dictionary + FrequencyWords tr_50k
fa5fb5b4-eb0f-54ac-9a6c-5fe9368324a7,TUTAÇ,5,true,false,2026-08-02T00:00:00Z,,,Zemberek master-dictionary + FrequencyWords tr_50k
2ba1f57a-9dbb-5e7d-bba8-30f2f69a7e64,TUTKU,5,true,true,2026-08-02T00:00:00Z,2050,8441,Zemberek master-dictionary + FrequencyWords tr_50k
c9a3ee53-16e3-5cf2-83c4-e9ca9783a224,TUTUK,5,true,false,2026-08-02T00:00:00Z,,,Zemberek master-dictionary + FrequencyWords tr_50k
a5b6ee9c-d991-5b1d-b3a7-052ec3171ba7,TUTUM,5,true,true,2026-08-02T00:00:00Z,507,26189,Zemberek master-dictionary + FrequencyWords tr_50k
a8b2cb6c-55f6-5b81-af96-bf7968168b1c,TUTYA,5,true,false,2026-08-02T00:00:00Z,,,Zemberek master-dictionary + FrequencyWords tr_50k
dd0caa8c-c954-525f-a41c-e550fa6a1ecb,TUVAL,5,true,false,2026-08-02T00:00:00Z,,,Zemberek master-dictionary + FrequencyWords tr_50k
f9932ff8-b076-5f05-84ff-09642f9032f7,TUYUĞ,5,true,false,2026-08-02T00:00:00Z,,,Zemberek master-dictionary + FrequencyWords tr_50k
2079cfb7-1bd5-518e-b918-a7a6f4616c53,TUZAK,5,true,true,2026-08-02T00:00:00Z,7787,2521,Zemberek master-dictionary + FrequencyWords tr_50k
276ba3fb-8976-5b08-9972-7194e647ccae,TUZLA,5,true,false,2026-08-02T00:00:00Z,248,44574,Zemberek master-dictionary + FrequencyWords tr_50k
8c0ba4ac-fc12-5211-ba70-574697f8b3cd,TUĞLA,5,true,true,2026-08-02T00:00:00Z,1124,13965,Zemberek master-dictionary + FrequencyWords tr_50k
ea567827-57c9-5b88-b904-adaab6f85b26,TUĞRA,5,true,false,2026-08-02T00:00:00Z,,,Zemberek master-dictionary + FrequencyWords tr_50k
b2e02806-4305-5ba2-bc8a-949be05f31d9,TVİST,5,true,false,2026-08-02T00:00:00Z,,,Zemberek master-dictionary + FrequencyWords tr_50k
d17b6643-c4ef-5493-bb34-fe2312514d7e,TÖREL,5,true,false,2026-08-02T00:00:00Z,,,Zemberek master-dictionary + FrequencyWords tr_50k
451f70b6-1bf2-5f20-86f9-e465095ac1c3,TÖREN,5,true,true,2026-08-02T00:00:00Z,2516,7089,Zemberek master-dictionary + FrequencyWords tr_50k
325e0980-5e5e-502d-8fce-3f8630aa4c61,TÖRPÜ,5,true,false,2026-08-02T00:00:00Z,,,Zemberek master-dictionary + FrequencyWords tr_50k
a1accc77-6e52-599e-9ecb-8974e50bea97,TÖVBE,5,true,true,2026-08-02T00:00:00Z,1179,13414,Zemberek master-dictionary + FrequencyWords tr_50k
e0778e30-f7b7-5f3b-9096-5ca07cb7ef6f,TÖZEL,5,true,false,2026-08-02T00:00:00Z,,,Zemberek master-dictionary + FrequencyWords tr_50k
04cb224d-1ac3-56be-b063-cf7983f11713,TÜFEK,5,true,true,2026-08-02T00:00:00Z,2838,6385,Zemberek master-dictionary + FrequencyWords tr_50k
2350c92c-0f1b-5a2a-8df7-45455094ffe1,TÜMCE,5,true,false,2026-08-02T00:00:00Z,,,Zemberek master-dictionary + FrequencyWords tr_50k
7d724fc7-f54c-5c3b-9c99-b0767cd13b3e,TÜMEL,5,true,false,2026-08-02T00:00:00Z,,,Zemberek master-dictionary + FrequencyWords tr_50k
400788bf-433e-503f-9b00-81ac64e59de0,TÜMEN,5,true,true,2026-08-02T00:00:00Z,294,39354,Zemberek master-dictionary + FrequencyWords tr_50k
96e66bde-64ed-56b7-baa5-a23e3f70261a,TÜMÖR,5,true,true,2026-08-02T00:00:00Z,1738,9763,Zemberek master-dictionary + FrequencyWords tr_50k
ffb39480-d7c0-59b4-bedb-d81011b2acd3,TÜMÜR,5,true,false,2026-08-02T00:00:00Z,,,Zemberek master-dictionary + FrequencyWords tr_50k
185da4e2-2528-5375-bf32-d762ffca844c,TÜNEK,5,true,false,2026-08-02T00:00:00Z,,,Zemberek master-dictionary + FrequencyWords tr_50k
37e9ba7d-6e9d-5edb-b771-180f3cf71fd4,TÜNEL,5,true,true,2026-08-02T00:00:00Z,2014,8578,Zemberek master-dictionary + FrequencyWords tr_50k
a775f08c-41ba-583f-829d-332cbe6d3927,TÜRAP,5,true,false,2026-08-02T00:00:00Z,,,Zemberek master-dictionary + FrequencyWords tr_50k
e5fd3c9e-5439-5b42-b07a-043062d216d7,TÜRBE,5,true,false,2026-08-02T00:00:00Z,,,Zemberek master-dictionary + FrequencyWords tr_50k
002149f7-2e79-51d5-ad21-f20a7b63b374,TÜREL,5,true,false,2026-08-02T00:00:00Z,,,Zemberek master-dictionary + FrequencyWords tr_50k
3664af07-9dc2-5554-abcd-45f58820248a,TÜREV,5,true,false,2026-08-02T00:00:00Z,,,Zemberek master-dictionary + FrequencyWords tr_50k
55f41908-cbb7-5f3c-b8ca-90a169f0ffcc,TÜRKÜ,5,true,false,2026-08-02T00:00:00Z,,,Zemberek master-dictionary + FrequencyWords tr_50k
f52279c3-4d3b-58ec-b335-b3ebe6c2b24d,TÜRLÜ,5,true,true,2026-08-02T00:00:00Z,15823,1265,Zemberek master-dictionary + FrequencyWords tr_50k
9253bbaa-d66c-5b2d-9eef-15edd110439e,TÜRÜM,5,true,false,2026-08-02T00:00:00Z,,,Zemberek master-dictionary + FrequencyWords tr_50k
59d3befb-7670-5b73-a4e4-747cf6ec0ff7,TÜRÜZ,5,true,false,2026-08-02T00:00:00Z,,,Zemberek master-dictionary + FrequencyWords tr_50k
e12b1fff-94cc-5463-be43-a242209f2fb5,TÜTSÜ,5,true,true,2026-08-02T00:00:00Z,334,35873,Zemberek master-dictionary + FrequencyWords tr_50k
51392cdf-add8-5b87-a6b6-6a7070f9a22d,TÜTÜN,5,true,true,2026-08-02T00:00:00Z,1307,12355,Zemberek master-dictionary + FrequencyWords tr_50k
b621a4aa-314d-5cb3-bd81-6fdc4adcecae,TÜVİT,5,true,false,2026-08-02T00:00:00Z,,,Zemberek master-dictionary + FrequencyWords tr_50k
4218531d-94ff-50cc-811a-65c3af0647e9,TÜZEL,5,true,false,2026-08-02T00:00:00Z,,,Zemberek master-dictionary + FrequencyWords tr_50k
69b5626a-253b-52dc-bea8-799070b71a17,TÜZÜK,5,true,false,2026-08-02T00:00:00Z,,,Zemberek master-dictionary + FrequencyWords tr_50k
8fa4d927-13c6-5fbe-b031-ac8b07dfda9f,TİFÜS,5,true,false,2026-08-02T00:00:00Z,,,Zemberek master-dictionary + FrequencyWords tr_50k
d8ab6165-af02-5206-98ad-9bf4a8d21ce5,TİKEL,5,true,false,2026-08-02T00:00:00Z,,,Zemberek master-dictionary + FrequencyWords tr_50k
7e1dc807-6f0f-5499-aea0-e885684ac52c,TİLKİ,5,true,true,2026-08-02T00:00:00Z,1852,9176,Zemberek master-dictionary + FrequencyWords tr_50k
7763b14d-418b-50c5-bdfe-5028aa20288e,TİMÜS,5,true,false,2026-08-02T00:00:00Z,,,Zemberek master-dictionary + FrequencyWords tr_50k
0fd03562-9448-5e9e-9491-d60e9ed39075,TİNER,5,true,false,2026-08-02T00:00:00Z,,,Zemberek master-dictionary + FrequencyWords tr_50k
12d53b8e-ba65-550e-9bc7-4cf1e7514e34,TİPİK,5,true,true,2026-08-02T00:00:00Z,2565,6977,Zemberek master-dictionary + FrequencyWords tr_50k
ba9b1661-aea4-5185-bdf1-c8636d83aef8,TİRAJ,5,true,false,2026-08-02T00:00:00Z,,,Zemberek master-dictionary + FrequencyWords tr_50k
d5e075ba-4e7f-53fd-8be3-13adccf4525c,TİRAN,5,true,false,2026-08-02T00:00:00Z,,,Zemberek master-dictionary + FrequencyWords tr_50k
8a067722-11db-5f44-a786-5fe155732ed5,TİRAT,5,true,false,2026-08-02T00:00:00Z,,,Zemberek master-dictionary + FrequencyWords tr_50k
bf5260ca-a343-55ef-ae21-7c74e02fe5b4,TİRLE,5,true,false,2026-08-02T00:00:00Z,,,Zemberek master-dictionary + FrequencyWords tr_50k
9ff93d7e-39b5-5cf3-9df6-0367903e1f6e,TİRSİ,5,true,false,2026-08-02T00:00:00Z,,,Zemberek master-dictionary + FrequencyWords tr_50k
b5be6e8b-0bb7-52a9-a622-fba21b45b87b,TİRİL,5,true,false,2026-08-02T00:00:00Z,,,Zemberek master-dictionary + FrequencyWords tr_50k
e2b59d4f-63c7-50bc-b896-8fe27606952b,TİRİT,5,true,false,2026-08-02T00:00:00Z,,,Zemberek master-dictionary + FrequencyWords tr_50k
c474fc11-be81-50d4-bcee-802b8d22b448,TİRİZ,5,true,false,2026-08-02T00:00:00Z,,,Zemberek master-dictionary + FrequencyWords tr_50k
131407ae-64bb-5f75-adf8-cf3e4c900fc2,TİRŞE,5,true,false,2026-08-02T00:00:00Z,,,Zemberek master-dictionary + FrequencyWords tr_50k
27275b18-10af-513f-9058-f07c749f06b4,TİTAN,5,true,true,2026-08-02T00:00:00Z,694,20584,Zemberek master-dictionary + FrequencyWords tr_50k
413fe687-28e7-543b-80b1-815162be769e,TİTİZ,5,true,true,2026-08-02T00:00:00Z,1100,14226,Zemberek master-dictionary + FrequencyWords tr_50k
ca83bf73-69e4-5c1b-97a5-967392f49955,UCUBE,5,true,true,2026-08-02T00:00:00Z,2862,6318,Zemberek master-dictionary + FrequencyWords tr_50k
1a2da3f9-619b-55b2-bb00-840b183975aa,UKNUM,5,true,false,2026-08-02T00:00:00Z,,,Zemberek master-dictionary + FrequencyWords tr_50k
cde047ee-7ba4-511e-bb95-e9d7df8c13f4,ULEMA,5,true,false,2026-08-02T00:00:00Z,,,Zemberek master-dictionary + FrequencyWords tr_50k
205d71e5-67d3-5474-ade5-2d6ce4930898,ULUFE,5,true,false,2026-08-02T00:00:00Z,,,Zemberek master-dictionary + FrequencyWords tr_50k
a13361b2-86bf-58b9-93f5-53ec881bc7aa,UMACI,5,true,false,2026-08-02T00:00:00Z,,,Zemberek master-dictionary + FrequencyWords tr_50k
6168f308-8171-520b-8810-322ece7fe980,UMMAK,5,true,false,2026-08-02T00:00:00Z,239,45783,Zemberek master-dictionary + FrequencyWords tr_50k
53d8c5ef-51ff-5383-8bde-856b2d8d72ed,UMMAN,5,true,false,2026-08-02T00:00:00Z,,,Zemberek master-dictionary + FrequencyWords tr_50k
dbcff460-e845-5861-8b4b-b9639579dbdb,UNSUR,5,true,true,2026-08-02T00:00:00Z,325,36580,Zemberek master-dictionary + FrequencyWords tr_50k
0b91a84a-e1e4-588d-bb7c-dff0fd023e88,UNVAN,5,true,true,2026-08-02T00:00:00Z,362,33775,Zemberek master-dictionary + FrequencyWords tr_50k
205844d3-f370-5258-beab-12d5ae145f15,URGAN,5,true,false,2026-08-02T00:00:00Z,,,Zemberek master-dictionary + FrequencyWords tr_50k
5d03e595-80bc-54c4-a36f-0d9416183a8c,USANÇ,5,true,false,2026-08-02T00:00:00Z,,,Zemberek master-dictionary + FrequencyWords tr_50k
8e036e8a-d482-55ec-b014-9a291d54fa67,USARE,5,true,false,2026-08-02T00:00:00Z,,,Zemberek master-dictionary + FrequencyWords tr_50k
693fb374-600c-519e-b92b-091faae26159,USKUR,5,true,false,2026-08-02T00:00:00Z,,,Zemberek master-dictionary + FrequencyWords tr_50k
99a69ff2-5e18-5a0c-accf-57173db6fa93,UTANÇ,5,true,true,2026-08-02T00:00:00Z,8945,2184,Zemberek master-dictionary + FrequencyWords tr_50k
c0ef3c35-6283-5420-9723-80e7a989ac30,UTMAK,5,true,false,2026-08-02T00:00:00Z,,,Zemberek master-dictionary + FrequencyWords tr_50k
f1d468d8-e6aa-5d87-9e28-7db28dcd9c0e,UYARI,5,true,true,2026-08-02T00:00:00Z,4749,4026,Zemberek master-dictionary + FrequencyWords tr_50k
815ffe9a-cb37-5597-96be-3941888ff473,UYGAR,5,true,true,2026-08-02T00:00:00Z,414,30627,Zemberek master-dictionary + FrequencyWords tr_50k
90060689-80ba-5154-8ef4-ba1114d86864,UYGUN,5,true,true,2026-08-02T00:00:00Z,36411,581,Zemberek master-dictionary + FrequencyWords tr_50k
9ab44cd1-0777-5af5-9fe1-02fc4b10431c,UYLUK,5,true,true,2026-08-02T00:00:00Z,375,32881,Zemberek master-dictionary + FrequencyWords tr_50k
dd2af339-5a61-5d4d-a0d1-10f3087b022d,UYMAK,5,true,false,2026-08-02T00:00:00Z,915,16472,Zemberek master-dictionary + FrequencyWords tr_50k
45dac826-a793-5dbb-8587-243cdeb3ec3e,UYMAZ,5,true,true,2026-08-02T00:00:00Z,614,22653,Zemberek master-dictionary + FrequencyWords tr_50k
420c23d5-b8f9-5fe4-952d-a09e9b1d6d9e,UYRUK,5,true,false,2026-08-02T00:00:00Z,,,Zemberek master-dictionary + FrequencyWords tr_50k
717b2dea-69f1-5e54-9425-2c279ab9aa72,UYSAL,5,true,true,2026-08-02T00:00:00Z,632,22157,Zemberek master-dictionary + FrequencyWords tr_50k
427f264a-ff8f-524e-a3e9-e4ecaf20ada4,UZLET,5,true,false,2026-08-02T00:00:00Z,,,Zemberek master-dictionary + FrequencyWords tr_50k
c9613531-9269-5146-8d30-7ab8e2498e6f,UZMAN,5,true,true,2026-08-02T00:00:00Z,5276,3663,Zemberek master-dictionary + FrequencyWords tr_50k
952932eb-a0e6-5502-b60e-b63d73a30bbd,UÇARI,5,true,false,2026-08-02T00:00:00Z,,,Zemberek master-dictionary + FrequencyWords tr_50k
51afe0d2-5089-5ff9-9cd3-bd4e0d5084d1,UÇKUN,5,true,false,2026-08-02T00:00:00Z,,,Zemberek master-dictionary + FrequencyWords tr_50k
f1b1c35d-8aaa-5671-9a02-1c3e13bb8c1c,UÇKUR,5,true,false,2026-08-02T00:00:00Z,,,Zemberek master-dictionary + FrequencyWords tr_50k
5d96bfa3-f6b7-5c94-8d9e-05986d7156f9,UÇMAK,5,true,false,2026-08-02T00:00:00Z,1840,9244,Zemberek master-dictionary + FrequencyWords tr_50k
2eccb4b1-e0fe-559c-9647-3af6a6af181e,UÇMAN,5,true,false,2026-08-02T00:00:00Z,,,Zemberek master-dictionary + FrequencyWords tr_50k
142fe983-b717-57c4-8d41-9846bcfb6bb3,UĞRAK,5,true,false,2026-08-02T00:00:00Z,,,Zemberek master-dictionary + FrequencyWords tr_50k
944a110e-ac6b-547b-b8eb-f17f61cbf170,UĞRAŞ,5,true,true,2026-08-02T00:00:00Z,898,16739,Zemberek master-dictionary + FrequencyWords tr_50k
1c798b0b-244e-5d51-a792-2e22b2ed40b2,UĞRUN,5,true,false,2026-08-02T00:00:00Z,,,Zemberek master-dictionary + FrequencyWords tr_50k
495a0d8f-de5a-51fd-ae42-131f666f9e89,UŞKUN,5,true,false,2026-08-02T00:00:00Z,,,Zemberek master-dictionary + FrequencyWords tr_50k
bbd07d1a-34de-5a04-864d-02e27f32a07d,UŞŞAK,5,true,false,2026-08-02T00:00:00Z,,,Zemberek master-dictionary + FrequencyWords tr_50k
5ff72af7-d372-5ec3-ac45-8ffc430b8955,VACİP,5,true,false,2026-08-02T00:00:00Z,,,Zemberek master-dictionary + FrequencyWords tr_50k
13bbadef-8c13-5fea-b7a0-332ead7d1ce4,VAGON,5,true,true,2026-08-02T00:00:00Z,739,19604,Zemberek master-dictionary + FrequencyWords tr_50k
675a85fc-0ad0-54eb-b241-3c663dd58f8d,VAHİM,5,true,true,2026-08-02T00:00:00Z,577,23726,Zemberek master-dictionary + FrequencyWords tr_50k
ea89973a-1e29-5b90-a5fd-c2feefc7eaca,VAHİT,5,true,false,2026-08-02T00:00:00Z,,,Zemberek master-dictionary + FrequencyWords tr_50k
31ec11dd-addf-524c-9fb7-0827de21375e,VAHİY,5,true,true,2026-08-02T00:00:00Z,363,33704,Zemberek master-dictionary + FrequencyWords tr_50k
c1b8b3f8-b4ca-574e-aebb-fa016a0892fe,VAKAR,5,true,false,2026-08-02T00:00:00Z,,,Zemberek master-dictionary + FrequencyWords tr_50k
d3538f53-d29f-59b3-bbf0-78894cb7ca95,VAKFE,5,true,false,2026-08-02T00:00:00Z,,,Zemberek master-dictionary + FrequencyWords tr_50k
ce488a1f-0d0b-5ffd-9c34-bc2c149d104c,VAKIA,5,true,false,2026-08-02T00:00:00Z,,,Zemberek master-dictionary + FrequencyWords tr_50k
2d02e285-26cd-5c4e-ac26-3f1c891b7720,VAKIF,5,true,true,2026-08-02T00:00:00Z,613,22681,Zemberek master-dictionary + FrequencyWords tr_50k
3e34e0a1-c698-50b7-9cf8-5cd34b3caef9,VAKUM,5,true,true,2026-08-02T00:00:00Z,461,28147,Zemberek master-dictionary + FrequencyWords tr_50k
18ff11f5-56a1-5261-b03d-bcb1dd06f9d9,VAKUR,5,true,false,2026-08-02T00:00:00Z,,,Zemberek master-dictionary + FrequencyWords tr_50k
2cc5cd96-45d3-5115-aa1b-bcfa1f0ee3a3,VAKİT,5,true,true,2026-08-02T00:00:00Z,25875,800,Zemberek master-dictionary + FrequencyWords tr_50k
33ec47c5-5de1-51f0-a32e-9ea40c6d30dd,VALÖR,5,true,false,2026-08-02T00:00:00Z,,,Zemberek master-dictionary + FrequencyWords tr_50k
0a7febc2-275c-5f84-9318-79a814a8640d,VALİZ,5,true,true,2026-08-02T00:00:00Z,472,27661,Zemberek master-dictionary + FrequencyWords tr_50k
d44811d2-bcce-5a3c-8792-8207dcea52bf,VAPUR,5,true,false,2026-08-02T00:00:00Z,,,Zemberek master-dictionary + FrequencyWords tr_50k
41fc3c20-0c9e-542c-b402-ec4f6c182a04,VARAK,5,true,false,2026-08-02T00:00:00Z,,,Zemberek master-dictionary + FrequencyWords tr_50k
3e3acb1f-aac7-5769-a77c-cc28828217aa,VARAN,5,true,true,2026-08-02T00:00:00Z,349,34714,Zemberek master-dictionary + FrequencyWords tr_50k
0040bcf3-a5ca-5202-97f6-753ee7028652,VARDA,5,true,false,2026-08-02T00:00:00Z,,,Zemberek master-dictionary + FrequencyWords tr_50k
131b3b22-658e-5fc1-b529-4c67ff5a9935,VARGI,5,true,false,2026-08-02T00:00:00Z,,,Zemberek master-dictionary + FrequencyWords tr_50k
3f439c1a-62ea-5977-9b6a-1d5cff0a13cc,VAROŞ,5,true,false,2026-08-02T00:00:00Z,274,41503,Zemberek master-dictionary + FrequencyWords tr_50k
81465545-eef2-5e1a-94fc-a9690e564f47,VARTA,5,true,false,2026-08-02T00:00:00Z,,,Zemberek master-dictionary + FrequencyWords tr_50k
1f37ef47-c5a6-5279-8bd0-cc2e38de49c3,VARİL,5,true,true,2026-08-02T00:00:00Z,405,31100,Zemberek master-dictionary + FrequencyWords tr_50k
84d6949f-f491-573a-850d-cc0aa93004b2,VARİS,5,true,true,2026-08-02T00:00:00Z,577,23739,Zemberek master-dictionary + FrequencyWords tr_50k
97bd0fc5-b44b-5e2d-9e22-3b7c31bac4d4,VARİT,5,true,false,2026-08-02T00:00:00Z,,,Zemberek master-dictionary + FrequencyWords tr_50k
a844b46d-c3e4-5bfe-a57d-d9d642060d68,VASAT,5,true,true,2026-08-02T00:00:00Z,516,25824,Zemberek master-dictionary + FrequencyWords tr_50k
0af47f2e-8d91-5faf-8093-fbaca99d13b2,VASIF,5,true,false,2026-08-02T00:00:00Z,,,Zemberek master-dictionary + FrequencyWords tr_50k
43ee0c46-0e94-5714-9009-66c5aa5fe2cf,VASIL,5,true,false,2026-08-02T00:00:00Z,,,Zemberek master-dictionary + FrequencyWords tr_50k
8af4add3-716f-5c32-8038-9260f54d4b17,VATAN,5,true,true,2026-08-02T00:00:00Z,1462,11260,Zemberek master-dictionary + FrequencyWords tr_50k
d7b28903-d60f-52e3-9bab-f18bf9ab5be0,VATKA,5,true,false,2026-08-02T00:00:00Z,,,Zemberek master-dictionary + FrequencyWords tr_50k
b446d216-a0d5-51ae-8176-9e17712818cb,VATOZ,5,true,false,2026-08-02T00:00:00Z,,,Zemberek master-dictionary + FrequencyWords tr_50k
4f75cdcf-1de4-5dca-a98c-6df29ff4201d,VAZIH,5,true,false,2026-08-02T00:00:00Z,,,Zemberek master-dictionary + FrequencyWords tr_50k
171c5586-e34d-5865-bdc8-011b6368416f,VAŞAK,5,true,false,2026-08-02T00:00:00Z,,,Zemberek master-dictionary + FrequencyWords tr_50k
ccdca568-bc54-543c-b687-49edfc74dbeb,VEBAL,5,true,false,2026-08-02T00:00:00Z,,,Zemberek master-dictionary + FrequencyWords tr_50k
57813999-4813-5b05-b002-864ae2c4477b,VECİH,5,true,false,2026-08-02T00:00:00Z,,,Zemberek master-dictionary + FrequencyWords tr_50k
58cac089-5c75-5947-bf79-002fa0b597a7,VECİT,5,true,false,2026-08-02T00:00:00Z,,,Zemberek master-dictionary + FrequencyWords tr_50k
e8b31950-4361-50c8-b878-7abcb5bee123,VECİZ,5,true,false,2026-08-02T00:00:00Z,,,Zemberek master-dictionary + FrequencyWords tr_50k
7f1a3600-7481-55e7-b424-a0c25a246eb8,VEDİA,5,true,false,2026-08-02T00:00:00Z,,,Zemberek master-dictionary + FrequencyWords tr_50k
d1633f62-66f6-5c32-a766-44d5b3741578,VEFAT,5,true,true,2026-08-02T00:00:00Z,2531,7055,Zemberek master-dictionary + FrequencyWords tr_50k
26cad13c-e00a-5c86-a54a-0963de679aae,VEHİM,5,true,false,2026-08-02T00:00:00Z,,,Zemberek master-dictionary + FrequencyWords tr_50k
df1868e1-956e-5689-9945-1259ef3fb4cd,VEKİL,5,true,true,2026-08-02T00:00:00Z,1315,12295,Zemberek master-dictionary + FrequencyWords tr_50k
340e5c58-0a9a-5fb3-94a2-1330674cb54a,VELET,5,true,false,2026-08-02T00:00:00Z,1923,8909,Zemberek master-dictionary + FrequencyWords tr_50k
c238319a-3307-5a67-94b8-8a404556226c,VELEV,5,true,false,2026-08-02T00:00:00Z,,,Zemberek master-dictionary + FrequencyWords tr_50k
f3ee0dca-c4e2-56f1-9a7b-ffa4706cc5b7,VELUR,5,true,false,2026-08-02T00:00:00Z,,,Zemberek master-dictionary + FrequencyWords tr_50k
40594627-90e6-5865-824f-c3b35e0e672b,VELUT,5,true,false,2026-08-02T00:00:00Z,,,Zemberek master-dictionary + FrequencyWords tr_50k
d7f4a08e-c913-5733-9267-05b60e45567b,VERDİ,5,true,false,2026-08-02T00:00:00Z,40760,518,Zemberek master-dictionary + FrequencyWords tr_50k
3f75fb4d-8a54-5f74-b29f-442a4a2ed686,VEREM,5,true,false,2026-08-02T00:00:00Z,,,Zemberek master-dictionary + FrequencyWords tr_50k
8fbf94fc-698e-5a90-9cfa-f6459262069d,VEREV,5,true,false,2026-08-02T00:00:00Z,,,Zemberek master-dictionary + FrequencyWords tr_50k
a0a0e46b-6ca0-567f-a6f7-617c3a2a6792,VERGİ,5,true,true,2026-08-02T00:00:00Z,5022,3817,Zemberek master-dictionary + FrequencyWords tr_50k
e1ef5a63-0567-50a1-9200-d654763f87e6,VERİM,5,true,false,2026-08-02T00:00:00Z,,,Zemberek master-dictionary + FrequencyWords tr_50k
9ae6581f-f22f-5d2d-91cb-373635c18d26,VERİT,5,true,false,2026-08-02T00:00:00Z,,,Zemberek master-dictionary + FrequencyWords tr_50k
02c89423-c7b9-5039-89e4-2a196ffe823f,VEZNE,5,true,false,2026-08-02T00:00:00Z,,,Zemberek master-dictionary + FrequencyWords tr_50k
a2c8b9c3-b9d9-515d-a326-98590fe00e8f,VEZİN,5,true,false,2026-08-02T00:00:00Z,,,Zemberek master-dictionary + FrequencyWords tr_50k
66b1d295-f7f0-5c74-9a47-05fd8d6d4af8,VEZİR,5,true,true,2026-08-02T00:00:00Z,348,34752,Zemberek master-dictionary + FrequencyWords tr_50k
f8a97650-57ae-5481-9885-063279d9a58c,VEÇHE,5,true,false,2026-08-02T00:00:00Z,,,Zemberek master-dictionary + FrequencyWords tr_50k
daa90926-056a-58db-a672-ff2f4536827c,VICIK,5,true,true,2026-08-02T00:00:00Z,347,34862,Zemberek master-dictionary + FrequencyWords tr_50k
32eabc3a-e532-59c2-a57f-aa200c019b10,VIZIL,5,true,false,2026-08-02T00:00:00Z,,,Zemberek master-dictionary + FrequencyWords tr_50k
c5b40314-282d-55f3-bf58-c8bfe77c3d51,VIZIR,5,true,false,2026-08-02T00:00:00Z,,,Zemberek master-dictionary + FrequencyWords tr_50k
3b70e18a-9c74-55a9-889a-77964ee59a14,VOKAL,5,true,true,2026-08-02T00:00:00Z,293,39478,Zemberek master-dictionary + FrequencyWords tr_50k
3f2ff4a8-9c4c-52e0-bb0a-a7eb30ab69a8,VOLTA,5,true,true,2026-08-02T00:00:00Z,319,37067,Zemberek master-dictionary + FrequencyWords tr_50k
18a31611-2dea-52e8-973b-95a7b6bf6c02,VONOZ,5,true,false,2026-08-02T00:00:00Z,,,Zemberek master-dictionary + FrequencyWords tr_50k
982a86fa-e135-5747-ab0f-197fdb8c1996,VOTKA,5,true,true,2026-08-02T00:00:00Z,2551,7015,Zemberek master-dictionary + FrequencyWords tr_50k
c86ac9f4-6f16-5f9a-a752-e7d38626b055,VOYVO,5,true,false,2026-08-02T00:00:00Z,,,Zemberek master-dictionary + FrequencyWords tr_50k
d453064c-417a-51b2-ad42-e9c1e9322f40,VUKUF,5,true,false,2026-08-02T00:00:00Z,,,Zemberek master-dictionary + FrequencyWords tr_50k
5d0a535e-f6f2-582d-abbc-a3a979287f4d,VULVA,5,true,false,2026-08-02T00:00:00Z,,,Zemberek master-dictionary + FrequencyWords tr_50k
5c85d222-10c4-5730-8cb5-34ff20b22926,VURAÇ,5,true,false,2026-08-02T00:00:00Z,,,Zemberek master-dictionary + FrequencyWords tr_50k
9e99a5be-86e0-5b89-b55e-0f066ed8b0e4,VURGU,5,true,false,2026-08-02T00:00:00Z,,,Zemberek master-dictionary + FrequencyWords tr_50k
3413b037-64cd-5188-bcd0-83ab780e155c,VURUK,5,true,false,2026-08-02T00:00:00Z,,,Zemberek master-dictionary + FrequencyWords tr_50k
c3a8f360-7c0b-59f7-871a-6c758776a083,VUSUL,5,true,false,2026-08-02T00:00:00Z,,,Zemberek master-dictionary + FrequencyWords tr_50k
fe78ed55-baad-59cd-8955-583960ba89b0,VUZUH,5,true,false,2026-08-02T00:00:00Z,,,Zemberek master-dictionary + FrequencyWords tr_50k
3a1cabc2-a24b-5ec7-936a-476fd27ab603,VÜCUT,5,true,true,2026-08-02T00:00:00Z,7002,2803,Zemberek master-dictionary + FrequencyWords tr_50k
7b0234cb-c3de-59ce-8d10-e5a4c8ed5860,VÜRUT,5,true,false,2026-08-02T00:00:00Z,,,Zemberek master-dictionary + FrequencyWords tr_50k
dfb6382e-2f64-561d-b366-294b604298ec,VÜSAT,5,true,false,2026-08-02T00:00:00Z,,,Zemberek master-dictionary + FrequencyWords tr_50k
c54e337d-ce46-5b80-80a6-bbeddacc5d4a,VİDEO,5,true,true,2026-08-02T00:00:00Z,7219,2721,Zemberek master-dictionary + FrequencyWords tr_50k
6f3ead9c-804f-564c-9342-bf912ffcf07a,VİRAJ,5,true,false,2026-08-02T00:00:00Z,218,48841,Zemberek master-dictionary + FrequencyWords tr_50k
56e1eb19-fdc2-5473-977d-9d67ab8e6710,VİRAL,5,true,false,2026-08-02T00:00:00Z,256,43598,Zemberek master-dictionary + FrequencyWords tr_50k
a66519eb-2783-51bc-937a-b36b81887d24,VİRAN,5,true,false,2026-08-02T00:00:00Z,,,Zemberek master-dictionary + FrequencyWords tr_50k
6e87a5bd-9abd-59c8-87c4-216928ccf6fe,VİRÜS,5,true,true,2026-08-02T00:00:00Z,4094,4589,Zemberek master-dictionary + FrequencyWords tr_50k
23a840d0-1df4-5c49-b6c8-f31bbfa6e723,VİSAL,5,true,false,2026-08-02T00:00:00Z,,,Zemberek master-dictionary + FrequencyWords tr_50k
d1704b6c-6789-5ca4-af66-6359b983b678,VİSKİ,5,true,false,2026-08-02T00:00:00Z,6014,3253,Zemberek master-dictionary + FrequencyWords tr_50k
9535c402-1f49-58b6-bc4a-cb530991ecad,VİTES,5,true,true,2026-08-02T00:00:00Z,947,16042,Zemberek master-dictionary + FrequencyWords tr_50k
a095902a-fbe0-58b0-84e1-6e2d4d06e428,VİTİR,5,true,false,2026-08-02T00:00:00Z,,,Zemberek master-dictionary + FrequencyWords tr_50k
efce3c04-f79f-5e1e-9732-0cacedfc9498,VİYAK,5,true,false,2026-08-02T00:00:00Z,,,Zemberek master-dictionary + FrequencyWords tr_50k
fbfad5f1-990b-5b32-b4fa-81522b4f77ed,VİYOL,5,true,false,2026-08-02T00:00:00Z,,,Zemberek master-dictionary + FrequencyWords tr_50k
367b5fd2-6a9b-5e5b-a2c7-240ca599e123,VİZON,5,true,false,2026-08-02T00:00:00Z,,,Zemberek master-dictionary + FrequencyWords tr_50k
2dcd0f89-ecd1-519d-b827-fc343e378063,VİZÖR,5,true,false,2026-08-02T00:00:00Z,,,Zemberek master-dictionary + FrequencyWords tr_50k
480f91ed-92ce-5b5a-bac6-46a4c7066825,VİŞNE,5,true,false,2026-08-02T00:00:00Z,279,40873,Zemberek master-dictionary + FrequencyWords tr_50k
df4917d0-6fb8-589b-b96c-3e7f318e1708,YABAN,5,true,true,2026-08-02T00:00:00Z,2227,7880,Zemberek master-dictionary + FrequencyWords tr_50k
a4c21dea-3ffd-5bef-8a35-88ba1c9b4352,YABGU,5,true,false,2026-08-02T00:00:00Z,,,Zemberek master-dictionary + FrequencyWords tr_50k
4439cd7a-1fdb-532e-b20a-ae6fc8934ee7,YAFTA,5,true,false,2026-08-02T00:00:00Z,,,Zemberek master-dictionary + FrequencyWords tr_50k
e1779436-60a7-5156-bd35-8da217ad31a4,YAHEY,5,true,false,2026-08-02T00:00:00Z,,,Zemberek master-dictionary + FrequencyWords tr_50k
b54cfb7c-a8d0-5613-b2fa-2a8eae1d5a9e,YAHNİ,5,true,true,2026-08-02T00:00:00Z,367,33438,Zemberek master-dictionary + FrequencyWords tr_50k
400f0174-a3d0-5864-b1b7-3bf1949689b7,YAHUT,5,true,true,2026-08-02T00:00:00Z,676,21000,Zemberek master-dictionary + FrequencyWords tr_50k
53ac9941-764f-5616-9c63-3d9e2077c7fa,YAHŞİ,5,true,false,2026-08-02T00:00:00Z,,,Zemberek master-dictionary + FrequencyWords tr_50k
8adc321e-bba7-58d6-af75-0ccbdb312e5f,YAKIM,5,true,false,2026-08-02T00:00:00Z,,,Zemberek master-dictionary + FrequencyWords tr_50k
a764659b-c407-59d0-9962-c5851f0e620d,YAKIN,5,true,true,2026-08-02T00:00:00Z,42821,493,Zemberek master-dictionary + FrequencyWords tr_50k
4bc19d7a-0ce7-595a-93d1-2e292aec5932,YAKIT,5,true,true,2026-08-02T00:00:00Z,3380,5453,Zemberek master-dictionary + FrequencyWords tr_50k
034fbd15-2bef-5141-9a6a-22b093842e3d,YAKUT,5,true,true,2026-08-02T00:00:00Z,477,27429,Zemberek master-dictionary + FrequencyWords tr_50k
7cca97de-4bda-53b4-9ff5-01673dc40a5b,YAKİN,5,true,true,2026-08-02T00:00:00Z,388,32064,Zemberek master-dictionary + FrequencyWords tr_50k
5417b6ee-65be-5063-9447-5c6d99a5c188,YALAK,5,true,false,2026-08-02T00:00:00Z,,,Zemberek master-dictionary + FrequencyWords tr_50k
235adba6-f290-52d5-9472-88a75719326f,YALAN,5,true,true,2026-08-02T00:00:00Z,67748,321,Zemberek master-dictionary + FrequencyWords tr_50k
58bfb15d-f089-53d8-b563-fb11881f1d33,YALAP,5,true,false,2026-08-02T00:00:00Z,,,Zemberek master-dictionary + FrequencyWords tr_50k
ded5ec6a-7d4e-569d-ad8c-9a411ed43ce3,YALAZ,5,true,false,2026-08-02T00:00:00Z,,,Zemberek master-dictionary + FrequencyWords tr_50k
8598827b-87b4-5f61-ab82-09f1cae7dcca,YALIM,5,true,false,2026-08-02T00:00:00Z,,,Zemberek master-dictionary + FrequencyWords tr_50k
b5b51783-587e-5cfa-8bb5-3cae4a8608e7,YALIN,5,true,true,2026-08-02T00:00:00Z,469,27795,Zemberek master-dictionary + FrequencyWords tr_50k
3a0677b7-0f0f-5d07-a9d8-1b104c972443,YALIZ,5,true,false,2026-08-02T00:00:00Z,,,Zemberek master-dictionary + FrequencyWords tr_50k
5437b07f-e75f-545f-8fe9-d52f0bcf82e2,YALPA,5,true,false,2026-08-02T00:00:00Z,,,Zemberek master-dictionary + FrequencyWords tr_50k
021f5f3c-3a79-592b-9e56-798c1f8a4a74,YALPI,5,true,false,2026-08-02T00:00:00Z,,,Zemberek master-dictionary + FrequencyWords tr_50k
d1ace95a-e34e-5688-a0cb-0f09197acf4d,YAMAK,5,true,false,2026-08-02T00:00:00Z,,,Zemberek master-dictionary + FrequencyWords tr_50k
5f855ac4-ea40-56fa-918d-4c474be1d745,YAMAN,5,true,false,2026-08-02T00:00:00Z,255,43699,Zemberek master-dictionary + FrequencyWords tr_50k
440425bd-7b23-5de9-a75d-d08be31bbf63,YAMAÇ,5,true,false,2026-08-02T00:00:00Z,,,Zemberek master-dictionary + FrequencyWords tr_50k
7b870a56-bdf1-548b-b801-191a339a051d,YAMRU,5,true,false,2026-08-02T00:00:00Z,,,Zemberek master-dictionary + FrequencyWords tr_50k
981191f0-5949-52f9-b5d4-4cb42ba2cd36,YAMUK,5,true,true,2026-08-02T00:00:00Z,611,22743,Zemberek master-dictionary + FrequencyWords tr_50k
182e49ca-3e63-5af4-abfc-63d6f3eb4da9,YANAK,5,true,false,2026-08-02T00:00:00Z,281,40630,Zemberek master-dictionary + FrequencyWords tr_50k
2edd8c56-3d7c-5fe1-9ab0-b4d7bad97aeb,YANAL,5,true,false,2026-08-02T00:00:00Z,,,Zemberek master-dictionary + FrequencyWords tr_50k
9edef88f-dc66-5eb6-a1bd-0ec70449d44b,YANAY,5,true,false,2026-08-02T00:00:00Z,,,Zemberek master-dictionary + FrequencyWords tr_50k
987c1028-e116-5f58-999f-319739860857,YANAZ,5,true,false,2026-08-02T00:00:00Z,,,Zemberek master-dictionary + FrequencyWords tr_50k
2d4a9097-6e0e-572e-b9da-0ace3e48a501,YANGI,5,true,false,2026-08-02T00:00:00Z,,,Zemberek master-dictionary + FrequencyWords tr_50k
1d3663f7-f8b7-59bb-82b8-1eb3b88bca95,YANIK,5,true,true,2026-08-02T00:00:00Z,2000,8627,Zemberek master-dictionary + FrequencyWords tr_50k
7d6a0c43-9b44-55ce-af0a-76c453ec4b4a,YANIT,5,true,true,2026-08-02T00:00:00Z,4471,4253,Zemberek master-dictionary + FrequencyWords tr_50k
a044928c-cbaa-5b10-b819-89192752b1c9,YANKI,5,true,true,2026-08-02T00:00:00Z,517,25800,Zemberek master-dictionary + FrequencyWords tr_50k
ec074549-895a-5623-b68c-3907cdde2055,YANLI,5,true,false,2026-08-02T00:00:00Z,,,Zemberek master-dictionary + FrequencyWords tr_50k
dd23ae26-b5bf-51db-8fb7-0b601d1c11ec,YANSI,5,true,false,2026-08-02T00:00:00Z,,,Zemberek master-dictionary + FrequencyWords tr_50k
48fccdcd-4313-52c9-acaf-c4bea12d2b87,YAPAK,5,true,false,2026-08-02T00:00:00Z,,,Zemberek master-dictionary + FrequencyWords tr_50k
5da34821-a494-5f8c-87dd-37be0cbe5fa0,YAPAY,5,true,true,2026-08-02T00:00:00Z,2517,7088,Zemberek master-dictionary + FrequencyWords tr_50k
979859e4-1d90-551d-997b-e6ff066ea58b,YAPIK,5,true,false,2026-08-02T00:00:00Z,,,Zemberek master-dictionary + FrequencyWords tr_50k
3c849d5e-e0e1-50ac-88a6-e6a54b671421,YAPIM,5,true,true,2026-08-02T00:00:00Z,1435,11422,Zemberek master-dictionary + FrequencyWords tr_50k
f0252c18-d07c-5998-b2c3-ce0c27558128,YAPIT,5,true,false,2026-08-02T00:00:00Z,,,Zemberek master-dictionary + FrequencyWords tr_50k
96d71a59-bca0-5646-98f0-47614fde210c,YARAK,5,true,true,2026-08-02T00:00:00Z,661,21377,Zemberek master-dictionary + FrequencyWords tr_50k
871b4a6d-eddb-5dce-9e87-aade1518c4ec,YARAR,5,true,true,2026-08-02T00:00:00Z,10065,1949,Zemberek master-dictionary + FrequencyWords tr_50k
b3615319-7ca6-5f26-aa5e-c450e273bd1c,YARDA,5,true,true,2026-08-02T00:00:00Z,390,31945,Zemberek master-dictionary + FrequencyWords tr_50k
0beefd54-20df-5fad-93cf-68e01b175975,YARGI,5,true,true,2026-08-02T00:00:00Z,714,20156,Zemberek master-dictionary + FrequencyWords tr_50k
1024bc70-dc0b-52b5-8374-db98a098b6ca,YARIK,5,true,true,2026-08-02T00:00:00Z,734,19723,Zemberek master-dictionary + FrequencyWords tr_50k
e536db03-08e3-53f7-ac64-cd5c9491ca77,YARIM,5,true,true,2026-08-02T00:00:00Z,20069,1007,Zemberek master-dictionary + FrequencyWords tr_50k
eb57f5aa-eb6b-514d-b9d5-892b7aea02c1,YARIN,5,true,false,2026-08-02T00:00:00Z,80608,275,Zemberek master-dictionary + FrequencyWords tr_50k
d35a9671-9697-540a-854a-69fe17c5b56b,YARIŞ,5,true,true,2026-08-02T00:00:00Z,5372,3598,Zemberek master-dictionary + FrequencyWords tr_50k
68d7431d-acc8-5eb7-9cf1-15a5d95e4d8e,YARKA,5,true,false,2026-08-02T00:00:00Z,,,Zemberek master-dictionary + FrequencyWords tr_50k
a067e052-dceb-545e-842d-bb0f54d1577c,YARMA,5,true,false,2026-08-02T00:00:00Z,,,Zemberek master-dictionary + FrequencyWords tr_50k
c6fb49d2-12ea-5e8c-a53d-6e7e71862653,YASAK,5,true,true,2026-08-02T00:00:00Z,8075,2431,Zemberek master-dictionary + FrequencyWords tr_50k
6279b22a-bbc8-5ece-a220-a895ea9a4406,YASAL,5,true,true,2026-08-02T00:00:00Z,10362,1890,Zemberek master-dictionary + FrequencyWords tr_50k
a1ff65d5-8274-5f76-be58-e3214c978632,YASSI,5,true,false,2026-08-02T00:00:00Z,224,47967,Zemberek master-dictionary + FrequencyWords tr_50k
da1c6de4-fe0e-57ba-9a0d-c6ee24231dff,YATAK,5,true,true,2026-08-02T00:00:00Z,14079,1415,Zemberek master-dictionary + FrequencyWords tr_50k
759ec706-239c-5f27-8f43-3dc19d6909fa,YATAY,5,true,true,2026-08-02T00:00:00Z,526,25475,Zemberek master-dictionary + FrequencyWords tr_50k
8f10a35e-afb5-5d21-ad91-ead49c69b3e7,YATIK,5,true,false,2026-08-02T00:00:00Z,,,Zemberek master-dictionary + FrequencyWords tr_50k
a840b318-ebcc-53a7-8fe5-b7d2b2a9a48d,YATIM,5,true,false,2026-08-02T00:00:00Z,,,Zemberek master-dictionary + FrequencyWords tr_50k
7a5f8e2a-c33c-54fc-bce2-351ec4e0f8b3,YATIR,5,true,true,2026-08-02T00:00:00Z,753,19305,Zemberek master-dictionary + FrequencyWords tr_50k
31a921aa-d417-5f83-a462-97c451bb7d9e,YATSI,5,true,false,2026-08-02T00:00:00Z,,,Zemberek master-dictionary + FrequencyWords tr_50k
78dc044b-1f79-5fba-a3fc-1ef34420675d,YATUK,5,true,false,2026-08-02T00:00:00Z,,,Zemberek master-dictionary + FrequencyWords tr_50k
66ee660c-7e70-5df5-97b4-61907e96d6a1,YAVAN,5,true,true,2026-08-02T00:00:00Z,367,33440,Zemberek master-dictionary + FrequencyWords tr_50k
68a84533-3268-5b6f-b84c-ede1f2236511,YAVAŞ,5,true,true,2026-08-02T00:00:00Z,28182,727,Zemberek master-dictionary + FrequencyWords tr_50k
d2805c0a-fb12-5097-9e47-334433017e6c,YAVER,5,true,true,2026-08-02T00:00:00Z,2362,7511,Zemberek master-dictionary + FrequencyWords tr_50k
49828e65-bb52-5330-aa40-8aeb5df75a7f,YAVRU,5,true,true,2026-08-02T00:00:00Z,4128,4554,Zemberek master-dictionary + FrequencyWords tr_50k
0747723c-e9e6-5c74-9418-e6ed2784dabf,YAVSI,5,true,false,2026-08-02T00:00:00Z,,,Zemberek master-dictionary + FrequencyWords tr_50k
e2bb291a-4142-549c-9eeb-906be64665f6,YAVUZ,5,true,false,2026-08-02T00:00:00Z,,,Zemberek master-dictionary + FrequencyWords tr_50k
4313351a-5f72-59e9-bd8e-96e726adb82e,YAYAN,5,true,true,2026-08-02T00:00:00Z,512,25981,Zemberek master-dictionary + FrequencyWords tr_50k
74a505ba-89d3-56a1-8b57-18bd01d85d32,YAYGI,5,true,false,2026-08-02T00:00:00Z,,,Zemberek master-dictionary + FrequencyWords tr_50k
c0182b7d-7cda-52a8-84cd-560d6dd6b7e0,YAYIK,5,true,false,2026-08-02T00:00:00Z,,,Zemberek master-dictionary + FrequencyWords tr_50k
b01c27c0-414b-5bdf-880f-3cd19ca2e00e,YAYIM,5,true,false,2026-08-02T00:00:00Z,,,Zemberek master-dictionary + FrequencyWords tr_50k
cef20700-9464-50dd-a5b8-3157670ff1fd,YAYIN,5,true,true,2026-08-02T00:00:00Z,3579,5155,Zemberek master-dictionary + FrequencyWords tr_50k
50e020b6-c8d9-5f42-819a-e61e79bc828f,YAYLA,5,true,false,2026-08-02T00:00:00Z,,,Zemberek master-dictionary + FrequencyWords tr_50k
322b87f2-935f-5ccf-8579-0b03f9e5daad,YAZAR,5,true,true,2026-08-02T00:00:00Z,6670,2925,Zemberek master-dictionary + FrequencyWords tr_50k
c4380d2c-0421-5a31-a639-6647ecf7578a,YAZGI,5,true,false,2026-08-02T00:00:00Z,,,Zemberek master-dictionary + FrequencyWords tr_50k
5953ae3c-0aa3-51db-af34-fe2f4a2c4e35,YAZIK,5,true,false,2026-08-02T00:00:00Z,19093,1053,Zemberek master-dictionary + FrequencyWords tr_50k
3f56db16-a9d1-5178-99b7-cf572a2f20bb,YAZIM,5,true,true,2026-08-02T00:00:00Z,711,20221,Zemberek master-dictionary + FrequencyWords tr_50k
f8a400a8-49e6-51a2-b1c7-a48b01f1397d,YAZIN,5,true,true,2026-08-02T00:00:00Z,3615,5104,Zemberek master-dictionary + FrequencyWords tr_50k
fd5875e3-8eb1-5bed-b494-6864a54df23b,YAZIT,5,true,false,2026-08-02T00:00:00Z,,,Zemberek master-dictionary + FrequencyWords tr_50k
cd9408cb-c370-538f-8c6a-d6ff0d317eea,YAZMA,5,true,true,2026-08-02T00:00:00Z,1647,10192,Zemberek master-dictionary + FrequencyWords tr_50k
6ddbed16-b8ca-5d0f-8158-dcdce5dbd14c,YAĞCI,5,true,true,2026-08-02T00:00:00Z,319,37065,Zemberek master-dictionary + FrequencyWords tr_50k
f15a35be-7b48-596a-8fd3-f63e48230caf,YAĞIR,5,true,false,2026-08-02T00:00:00Z,,,Zemberek master-dictionary + FrequencyWords tr_50k
dfcc4620-ef2e-5e96-9447-d11c0ad8da2f,YAĞIZ,5,true,false,2026-08-02T00:00:00Z,,,Zemberek master-dictionary + FrequencyWords tr_50k
64db9b54-90d8-5dac-b5bc-f7091fe9ef12,YAĞMA,5,true,true,2026-08-02T00:00:00Z,379,32665,Zemberek master-dictionary + FrequencyWords tr_50k
dcf1b7a9-25d7-5629-8939-a10359f160e1,YAŞAM,5,true,true,2026-08-02T00:00:00Z,17778,1122,Zemberek master-dictionary + FrequencyWords tr_50k
9c0d96cc-280d-5e64-a46d-67cf8a88da58,YAŞIT,5,true,false,2026-08-02T00:00:00Z,,,Zemberek master-dictionary + FrequencyWords tr_50k
9f25b18e-7a40-5111-a33b-5b31a2d312ec,YEDEK,5,true,true,2026-08-02T00:00:00Z,5284,3656,Zemberek master-dictionary + FrequencyWords tr_50k
331c5c64-f8cf-5d80-912a-13584b98258d,YEDİZ,5,true,false,2026-08-02T00:00:00Z,,,Zemberek master-dictionary + FrequencyWords tr_50k
e5fb6bdc-9bcf-5330-9a00-93af10eb42e8,YEKTA,5,true,false,2026-08-02T00:00:00Z,,,Zemberek master-dictionary + FrequencyWords tr_50k
4e0025ef-9a00-5428-8d06-c9e3050037b9,YELEK,5,true,true,2026-08-02T00:00:00Z,904,16650,Zemberek master-dictionary + FrequencyWords tr_50k
dd8dec10-366d-5258-96d4-48ed5fc50a9b,YELEÇ,5,true,false,2026-08-02T00:00:00Z,,,Zemberek master-dictionary + FrequencyWords tr_50k
5bc28303-af36-5e30-966a-8fa770112dfd,YELVE,5,true,false,2026-08-02T00:00:00Z,,,Zemberek master-dictionary + FrequencyWords tr_50k
882bcb6f-c3c3-5f44-8e8f-8205c7f82605,YELİN,5,true,false,2026-08-02T00:00:00Z,,,Zemberek master-dictionary + FrequencyWords tr_50k
cf747e34-3047-5d7c-9882-747c69f6f10b,YEMEK,5,true,false,2026-08-02T00:00:00Z,74921,294,Zemberek master-dictionary + FrequencyWords tr_50k
97439fe0-5dbe-55d7-8476-803a74ae3d5c,YEMİN,5,true,true,2026-08-02T00:00:00Z,30250,686,Zemberek master-dictionary + FrequencyWords tr_50k
872dc49d-2325-5979-b03e-ab597b1eb08f,YEMİŞ,5,true,true,2026-08-02T00:00:00Z,4361,4355,Zemberek master-dictionary + FrequencyWords tr_50k
bb1b2837-057c-525a-97fb-e268ddf58a52,YENGE,5,true,false,2026-08-02T00:00:00Z,1069,14554,Zemberek master-dictionary + FrequencyWords tr_50k
df576004-f6d1-593a-a52a-6c095a30c441,YENGİ,5,true,false,2026-08-02T00:00:00Z,,,Zemberek master-dictionary + FrequencyWords tr_50k
4852ddac-f1fb-5006-893e-1b91040faf0e,YENİK,5,true,true,2026-08-02T00:00:00Z,782,18752,Zemberek master-dictionary + FrequencyWords tr_50k
27ba6fcf-70a2-5079-a142-eda1a315fd66,YEREL,5,true,true,2026-08-02T00:00:00Z,8889,2194,Zemberek master-dictionary + FrequencyWords tr_50k
0c877a45-bf72-56ad-bd80-3b0af8a413f2,YEREY,5,true,false,2026-08-02T00:00:00Z,,,Zemberek master-dictionary + FrequencyWords tr_50k
194e66f0-252b-5596-98a1-8eef60f0b926,YERGİ,5,true,false,2026-08-02T00:00:00Z,,,Zemberek master-dictionary + FrequencyWords tr_50k
620ca146-6825-54c0-ba77-889dc06d2e57,YERLİ,5,true,true,2026-08-02T00:00:00Z,3092,5914,Zemberek master-dictionary + FrequencyWords tr_50k
5998056c-3878-5304-9ee3-5d8cf368809b,YETER,5,true,true,2026-08-02T00:00:00Z,56595,371,Zemberek master-dictionary + FrequencyWords tr_50k
5a7277cb-bc4f-5a12-9947-1497a0ee3792,YETKE,5,true,false,2026-08-02T00:00:00Z,,,Zemberek master-dictionary + FrequencyWords tr_50k
00621fd4-710c-5441-8f2f-8c438c5f796a,YETKİ,5,true,true,2026-08-02T00:00:00Z,3065,5957,Zemberek master-dictionary + FrequencyWords tr_50k
ec6a5456-c2aa-5328-804b-bf224f131c8f,YETİK,5,true,false,2026-08-02T00:00:00Z,,,Zemberek master-dictionary + FrequencyWords tr_50k
31b45a20-788d-5c98-9177-aaecb201d6b3,YETİM,5,true,true,2026-08-02T00:00:00Z,1269,12666,Zemberek master-dictionary + FrequencyWords tr_50k
ea5e1b35-b0d0-5db9-8aec-c522e8116702,YEYGİ,5,true,false,2026-08-02T00:00:00Z,,,Zemberek master-dictionary + FrequencyWords tr_50k
9c616bc9-2786-5de6-a5cf-4084b8760b9e,YEZİT,5,true,false,2026-08-02T00:00:00Z,,,Zemberek master-dictionary + FrequencyWords tr_50k
f74361a7-f0e1-5f9e-a71a-b6a15664ea6f,YEĞEN,5,true,false,2026-08-02T00:00:00Z,383,32373,Zemberek master-dictionary + FrequencyWords tr_50k
91023be1-197f-5bbb-b69f-e25e8b75326c,YEĞNİ,5,true,false,2026-08-02T00:00:00Z,,,Zemberek master-dictionary + FrequencyWords tr_50k
02d81e3f-8daa-5758-8e4c-16f404bfc4be,YEĞİN,5,true,false,2026-08-02T00:00:00Z,,,Zemberek master-dictionary + FrequencyWords tr_50k
36ad3f80-6950-50eb-b483-1b243a995388,YEŞİL,5,true,true,2026-08-02T00:00:00Z,12940,1539,Zemberek master-dictionary + FrequencyWords tr_50k
48cbbbda-eb76-5b3b-a270-4753c3519bef,YEŞİM,5,true,true,2026-08-02T00:00:00Z,492,26773,Zemberek master-dictionary + FrequencyWords tr_50k
c230ccc8-9e4e-5d0c-835b-699f97ccdc71,YIKIK,5,true,false,2026-08-02T00:00:00Z,,,Zemberek master-dictionary + FrequencyWords tr_50k
524642bf-c505-56b2-b7c2-6b94a821bcfa,YIKIM,5,true,true,2026-08-02T00:00:00Z,1494,11037,Zemberek master-dictionary + FrequencyWords tr_50k
75b375d5-0855-53fc-985c-a64a3d84712e,YILAN,5,true,true,2026-08-02T00:00:00Z,5978,3271,Zemberek master-dictionary + FrequencyWords tr_50k
3e5f9bc9-451e-59a4-b172-56c52d67839f,YILGI,5,true,false,2026-08-02T00:00:00Z,,,Zemberek master-dictionary + FrequencyWords tr_50k
17c52775-ab2d-5261-8a98-db327cc260f6,YILIK,5,true,false,2026-08-02T00:00:00Z,,,Zemberek master-dictionary + FrequencyWords tr_50k
de3d56b5-1063-5113-94a9-171f09ea3a14,YILKI,5,true,false,2026-08-02T00:00:00Z,,,Zemberek master-dictionary + FrequencyWords tr_50k
cd883feb-9a6e-5c88-b66e-6fd24aa4bd11,YIRIK,5,true,false,2026-08-02T00:00:00Z,,,Zemberek master-dictionary + FrequencyWords tr_50k
8637bc5d-305e-5cbe-b758-1ae0eb1e7a8b,YIĞIN,5,true,true,2026-08-02T00:00:00Z,1458,11288,Zemberek master-dictionary + FrequencyWords tr_50k
703a0a34-515f-5140-976f-63517b9730e4,YOBAZ,5,true,false,2026-08-02T00:00:00Z,,,Zemberek master-dictionary + FrequencyWords tr_50k
fad77fac-7790-5c76-ae2e-08d21bb882d4,YOKSA,5,true,false,2026-08-02T00:00:00Z,121968,175,Zemberek master-dictionary + FrequencyWords tr_50k
a0c86839-ee0a-531c-adcc-33a06a12f9f8,YOKUM,5,true,true,2026-08-02T00:00:00Z,2933,6175,Zemberek master-dictionary + FrequencyWords tr_50k
d0c99360-5a95-56e2-bc4c-1fea4c701a4f,YOKUŞ,5,true,true,2026-08-02T00:00:00Z,481,27274,Zemberek master-dictionary + FrequencyWords tr_50k
98cd2f3f-5826-5737-afc4-9d77474db74b,YOLAK,5,true,false,2026-08-02T00:00:00Z,,,Zemberek master-dictionary + FrequencyWords tr_50k
7825482b-74fa-5e26-8004-355ee75b0bfe,YOLCU,5,true,true,2026-08-02T00:00:00Z,3643,5073,Zemberek master-dictionary + FrequencyWords tr_50k
1d1eb480-54b6-555a-bfe7-0f6be2414094,YOLUK,5,true,false,2026-08-02T00:00:00Z,,,Zemberek master-dictionary + FrequencyWords tr_50k
0109012e-57c0-5260-be00-71c5ea115c44,YONCA,5,true,true,2026-08-02T00:00:00Z,316,37312,Zemberek master-dictionary + FrequencyWords tr_50k
85caa234-7638-58e7-a530-f90aee0c574b,YONGA,5,true,false,2026-08-02T00:00:00Z,,,Zemberek master-dictionary + FrequencyWords tr_50k
36e25454-d6aa-57ff-9895-b779df749ef1,YONTU,5,true,false,2026-08-02T00:00:00Z,,,Zemberek master-dictionary + FrequencyWords tr_50k
86daff86-7619-5e47-85ad-0e439bfd3f19,YORGA,5,true,false,2026-08-02T00:00:00Z,,,Zemberek master-dictionary + FrequencyWords tr_50k
7a2ed582-7009-59ce-a923-e519a577f75f,YORTU,5,true,false,2026-08-02T00:00:00Z,,,Zemberek master-dictionary + FrequencyWords tr_50k
f0cf08a1-3d46-52fa-9ba2-749b29f25df8,YORUM,5,true,true,2026-08-02T00:00:00Z,3741,4958,Zemberek master-dictionary + FrequencyWords tr_50k
96a611d5-e0ee-534b-842c-e088b69a6386,YOSMA,5,true,false,2026-08-02T00:00:00Z,,,Zemberek master-dictionary + FrequencyWords tr_50k
85ba6bd2-f5d4-52e0-a98c-2347b3d52a8e,YOSUN,5,true,true,2026-08-02T00:00:00Z,596,23162,Zemberek master-dictionary + FrequencyWords tr_50k
69265a69-ac21-555b-a948-51af6457c1fd,YOĞUN,5,true,true,2026-08-02T00:00:00Z,8950,2182,Zemberek master-dictionary + FrequencyWords tr_50k
b72575dd-b280-56cd-afdf-c1543221fd6c,YUDUM,5,true,true,2026-08-02T00:00:00Z,1802,9420,Zemberek master-dictionary + FrequencyWords tr_50k
6c96fea6-f328-51ba-8a44-13ad7ebf1388,YUFKA,5,true,false,2026-08-02T00:00:00Z,278,40983,Zemberek master-dictionary + FrequencyWords tr_50k
6cbd1016-8fa9-5c4c-b3d6-98f5ea8a6e05,YUKAÇ,5,true,false,2026-08-02T00:00:00Z,,,Zemberek master-dictionary + FrequencyWords tr_50k
4e8614cf-b9b5-5d0a-8335-e416af5902d5,YULAF,5,true,true,2026-08-02T00:00:00Z,1036,14922,Zemberek master-dictionary + FrequencyWords tr_50k
d4bad05b-d223-5ab1-9c1b-2b3a00006c1b,YULAR,5,true,false,2026-08-02T00:00:00Z,,,Zemberek master-dictionary + FrequencyWords tr_50k
bae2f458-6586-537c-b4db-c2de29ca69a3,YUMAK,5,true,false,2026-08-02T00:00:00Z,,,Zemberek master-dictionary + FrequencyWords tr_50k
9ae59dff-9bba-5f5e-ac9d-292cd8de764b,YUMRU,5,true,true,2026-08-02T00:00:00Z,383,32360,Zemberek master-dictionary + FrequencyWords tr_50k
37512e3d-8ade-51d9-b746-5860a7c75180,YUMUK,5,true,false,2026-08-02T00:00:00Z,,,Zemberek master-dictionary + FrequencyWords tr_50k
a093ad8f-3a66-560a-bfbb-fe86d1fbea25,YUNAK,5,true,false,2026-08-02T00:00:00Z,,,Zemberek master-dictionary + FrequencyWords tr_50k
3c4d05c9-054a-5bd5-8ee6-5260c5cc2ded,YUNUS,5,true,true,2026-08-02T00:00:00Z,895,16781,Zemberek master-dictionary + FrequencyWords tr_50k
ac2303fd-eaa3-5a34-8dfe-8d6c29e90ed9,YURDU,5,true,true,2026-08-02T00:00:00Z,454,28487,Zemberek master-dictionary + FrequencyWords tr_50k
aa9a90d8-ddcd-5943-9163-a66d44a0bddf,YUTAK,5,true,false,2026-08-02T00:00:00Z,,,Zemberek master-dictionary + FrequencyWords tr_50k
f6847972-b637-5aae-ade9-7c90dc26a9c1,YUTUM,5,true,false,2026-08-02T00:00:00Z,,,Zemberek master-dictionary + FrequencyWords tr_50k
bf29dba5-5041-58f0-9435-5d3610ae752f,YUVAK,5,true,false,2026-08-02T00:00:00Z,,,Zemberek master-dictionary + FrequencyWords tr_50k
ba82a2ce-2d29-544a-b510-9555f7a5d688,YUVAR,5,true,false,2026-08-02T00:00:00Z,,,Zemberek master-dictionary + FrequencyWords tr_50k
95aa6571-6623-5f36-9acc-42c43a1e92c6,YUVGU,5,true,false,2026-08-02T00:00:00Z,,,Zemberek master-dictionary + FrequencyWords tr_50k
3fe053d1-db17-5e83-8542-0af751a97d48,YÜKÜM,5,true,false,2026-08-02T00:00:00Z,,,Zemberek master-dictionary + FrequencyWords tr_50k
70545679-0460-5938-aea2-de4503d70395,YÜLGÜ,5,true,false,2026-08-02T00:00:00Z,,,Zemberek master-dictionary + FrequencyWords tr_50k
9d74e98c-05e3-5510-bd6c-5e4e78c32428,YÜLÜK,5,true,false,2026-08-02T00:00:00Z,,,Zemberek master-dictionary + FrequencyWords tr_50k
cddf1359-67ed-5b02-b970-37a1d2dd48b6,YÜREK,5,true,true,2026-08-02T00:00:00Z,1388,11756,Zemberek master-dictionary + FrequencyWords tr_50k
28107b4b-c95c-58cc-8d6c-32efe3754804,YÜRÜK,5,true,false,2026-08-02T00:00:00Z,,,Zemberek master-dictionary + FrequencyWords tr_50k
e8af1e9a-b8a4-5a22-8c01-86860f59503b,YÜSRÜ,5,true,false,2026-08-02T00:00:00Z,,,Zemberek master-dictionary + FrequencyWords tr_50k
f5528a95-0d1c-5059-8b2f-b4235ee2af10,YÜZDE,5,true,true,2026-08-02T00:00:00Z,9653,2028,Zemberek master-dictionary + FrequencyWords tr_50k
9f245ab8-6f81-5ef4-a133-af2ef48e9cae,YÜZER,5,true,true,2026-08-02T00:00:00Z,433,29552,Zemberek master-dictionary + FrequencyWords tr_50k
08f18d05-a742-5619-a905-6023b64d6083,YÜZEY,5,true,true,2026-08-02T00:00:00Z,914,16489,Zemberek master-dictionary + FrequencyWords tr_50k
e11423cb-5156-5e3e-b13e-20fffc130f80,YÜZÜK,5,true,true,2026-08-02T00:00:00Z,5124,3754,Zemberek master-dictionary + FrequencyWords tr_50k
e689159e-6abe-5224-9907-a74fca492ecf,YİRMİ,5,true,true,2026-08-02T00:00:00Z,8807,2216,Zemberek master-dictionary + FrequencyWords tr_50k
366c1f18-2c34-51e5-a0b6-9bcbd63414e4,YİRİK,5,true,false,2026-08-02T00:00:00Z,,,Zemberek master-dictionary + FrequencyWords tr_50k
350954b9-aaf9-5e07-8d19-56562141ce16,YİTİK,5,true,false,2026-08-02T00:00:00Z,,,Zemberek master-dictionary + FrequencyWords tr_50k
06cda7dd-b00a-5e1c-b477-503541263e86,YİTİM,5,true,false,2026-08-02T00:00:00Z,,,Zemberek master-dictionary + FrequencyWords tr_50k
292fa743-015e-5836-b439-0d394ed2866e,YİYİM,5,true,false,2026-08-02T00:00:00Z,,,Zemberek master-dictionary + FrequencyWords tr_50k
c1a2f120-6da4-54f2-a4a3-06bdc415e668,YİĞİT,5,true,true,2026-08-02T00:00:00Z,648,21720,Zemberek master-dictionary + FrequencyWords tr_50k
e44bad2a-326f-52b2-aa0f-4940b8bab127,ZABIT,5,true,false,2026-08-02T00:00:00Z,,,Zemberek master-dictionary + FrequencyWords tr_50k
ebb1906b-bcda-5392-8786-457130960157,ZABİT,5,true,false,2026-08-02T00:00:00Z,,,Zemberek master-dictionary + FrequencyWords tr_50k
54d55a80-54fb-5189-a078-4007940f25ad,ZAFER,5,true,true,2026-08-02T00:00:00Z,6047,3234,Zemberek master-dictionary + FrequencyWords tr_50k
2f4c26a4-c1d5-59d6-86b0-89eb9e59053b,ZAHİR,5,true,false,2026-08-02T00:00:00Z,,,Zemberek master-dictionary + FrequencyWords tr_50k
ca36eea9-9047-5b6a-a59c-d41f2384c80d,ZAHİT,5,true,false,2026-08-02T00:00:00Z,,,Zemberek master-dictionary + FrequencyWords tr_50k
4d9d0962-1e8f-5ca0-bf66-586ed80cbbc2,ZALİM,5,true,true,2026-08-02T00:00:00Z,2703,6669,Zemberek master-dictionary + FrequencyWords tr_50k
3277bd3f-fda8-5163-be62-801ced937a10,ZAMAN,5,true,true,2026-08-02T00:00:00Z,509301,38,Zemberek master-dictionary + FrequencyWords tr_50k
a9fa1948-9a3c-5162-a51f-624da48e34d2,ZAMME,5,true,false,2026-08-02T00:00:00Z,,,Zemberek master-dictionary + FrequencyWords tr_50k
c5d7e7f6-7390-566a-9b41-4a97237d84f0,ZAMİR,5,true,false,2026-08-02T00:00:00Z,,,Zemberek master-dictionary + FrequencyWords tr_50k
13ad382f-6675-5ee4-9398-c98e647f35c3,ZANKA,5,true,false,2026-08-02T00:00:00Z,,,Zemberek master-dictionary + FrequencyWords tr_50k
732d6bef-52f3-567b-ab29-bf4f94232974,ZANLI,5,true,true,2026-08-02T00:00:00Z,1205,13202,Zemberek master-dictionary + FrequencyWords tr_50k
2937b177-855f-5c2f-a4dd-5bbd46ba90c8,ZARAR,5,true,true,2026-08-02T00:00:00Z,36524,580,Zemberek master-dictionary + FrequencyWords tr_50k
948b2f1b-e99b-5f14-b224-4c5818c825d9,ZARTA,5,true,false,2026-08-02T00:00:00Z,,,Zemberek master-dictionary + FrequencyWords tr_50k
57b8daa5-c0cd-5423-97ee-7be59bfa13ab,ZARİF,5,true,true,2026-08-02T00:00:00Z,2493,7147,Zemberek master-dictionary + FrequencyWords tr_50k
49c853f7-9de3-5fe0-919c-8433f9ce0beb,ZATEN,5,true,false,2026-08-02T00:00:00Z,114025,195,Zemberek master-dictionary + FrequencyWords tr_50k
ec03087a-8455-5132-bd06-af32de87be74,ZAYIF,5,true,true,2026-08-02T00:00:00Z,13046,1525,Zemberek master-dictionary + FrequencyWords tr_50k
5eeeb401-cf6a-5d37-8a22-a86804dcd91d,ZAĞAR,5,true,false,2026-08-02T00:00:00Z,,,Zemberek master-dictionary + FrequencyWords tr_50k
ad4dd97a-3a4c-5446-91cc-0cb960358241,ZEBAN,5,true,false,2026-08-02T00:00:00Z,,,Zemberek master-dictionary + FrequencyWords tr_50k
3d42783c-bee0-5b95-9757-b89ee546fc55,ZEBRA,5,true,true,2026-08-02T00:00:00Z,620,22473,Zemberek master-dictionary + FrequencyWords tr_50k
2d5d9666-a0a3-5d2b-958d-310b8ab803ad,ZEBUN,5,true,false,2026-08-02T00:00:00Z,,,Zemberek master-dictionary + FrequencyWords tr_50k
f0981c0f-fb40-5cdd-a27d-6ab351bd1fd0,ZECİR,5,true,false,2026-08-02T00:00:00Z,,,Zemberek master-dictionary + FrequencyWords tr_50k
b6991bfe-5db8-5310-99c1-1c8d99131b9f,ZEFİR,5,true,false,2026-08-02T00:00:00Z,,,Zemberek master-dictionary + FrequencyWords tr_50k
94b5e6c8-c697-52ea-9e34-e1e78dd689ce,ZEHAP,5,true,false,2026-08-02T00:00:00Z,,,Zemberek master-dictionary + FrequencyWords tr_50k
fa934a4b-8a68-59e1-9332-952a50f9625f,ZEHİR,5,true,true,2026-08-02T00:00:00Z,4735,4038,Zemberek master-dictionary + FrequencyWords tr_50k
cefd3841-7ce4-5e10-b64b-2ff8584c5b2e,ZEKER,5,true,false,2026-08-02T00:00:00Z,,,Zemberek master-dictionary + FrequencyWords tr_50k
d4a9bc0a-95a0-5b8d-9b52-5d4f748d5fbf,ZELVE,5,true,false,2026-08-02T00:00:00Z,,,Zemberek master-dictionary + FrequencyWords tr_50k
0235bfef-8404-5d0c-a8d3-f8ba5dd7f651,ZELİL,5,true,false,2026-08-02T00:00:00Z,,,Zemberek master-dictionary + FrequencyWords tr_50k
978154b9-4535-5f4b-9979-e826d7709973,ZEMİN,5,true,true,2026-08-02T00:00:00Z,1960,8789,Zemberek master-dictionary + FrequencyWords tr_50k
c8d36668-f3c5-5e1e-ac2c-442dd6c55544,ZENCİ,5,true,true,2026-08-02T00:00:00Z,6908,2840,Zemberek master-dictionary + FrequencyWords tr_50k
fdc392ae-667b-59c1-b5c1-afd3b0c0e2a2,ZENNE,5,true,false,2026-08-02T00:00:00Z,,,Zemberek master-dictionary + FrequencyWords tr_50k
b3bb030b-8ebf-5295-bb92-8c6c47538583,ZERDE,5,true,false,2026-08-02T00:00:00Z,,,Zemberek master-dictionary + FrequencyWords tr_50k
c140f79e-04a5-5a09-9f5f-7b4bd005fd9b,ZERRE,5,true,true,2026-08-02T00:00:00Z,1360,11968,Zemberek master-dictionary + FrequencyWords tr_50k
33dce44d-6f9a-5d36-aff6-d8aa86e32ad1,ZEVAL,5,true,false,2026-08-02T00:00:00Z,,,Zemberek master-dictionary + FrequencyWords tr_50k
4f067663-b9b8-5537-81e9-4c0b0513e86c,ZEVAT,5,true,false,2026-08-02T00:00:00Z,,,Zemberek master-dictionary + FrequencyWords tr_50k
0ab2e7e3-f618-5960-b62b-a1cc1347f4e7,ZEVCE,5,true,false,2026-08-02T00:00:00Z,,,Zemberek master-dictionary + FrequencyWords tr_50k
21cf758a-ad78-5efb-933f-e8af86020f49,ZEYİL,5,true,false,2026-08-02T00:00:00Z,,,Zemberek master-dictionary + FrequencyWords tr_50k
8f2d264a-872a-5873-b88d-57b1b081fccb,ZIBIN,5,true,false,2026-08-02T00:00:00Z,,,Zemberek master-dictionary + FrequencyWords tr_50k
67fa8e71-69c2-5a30-8cec-d513125d122b,ZIMBA,5,true,true,2026-08-02T00:00:00Z,366,33458,Zemberek master-dictionary + FrequencyWords tr_50k
5ec7cb78-6ebb-5e47-8987-0e31d5ba60cb,ZIPIR,5,true,false,2026-08-02T00:00:00Z,,,Zemberek master-dictionary + FrequencyWords tr_50k
bcfed506-d553-5271-84df-4ad55cd31aee,ZIPKA,5,true,false,2026-08-02T00:00:00Z,,,Zemberek master-dictionary + FrequencyWords tr_50k
ac1cdeb2-8e33-5ccb-a398-a6ca4305aa0b,ZIRVA,5,true,true,2026-08-02T00:00:00Z,533,25214,Zemberek master-dictionary + FrequencyWords tr_50k
dcae937e-1535-5011-9c7c-8d9478cfb44d,ZIVIR,5,true,true,2026-08-02T00:00:00Z,859,17349,Zemberek master-dictionary + FrequencyWords tr_50k
bc5cb2a3-4dfe-57cc-928e-f09bebd91c10,ZLOTİ,5,true,false,2026-08-02T00:00:00Z,,,Zemberek master-dictionary + FrequencyWords tr_50k
b21c033d-970d-52c3-8fa4-8f3e9b4277ef,ZOMBİ,5,true,true,2026-08-02T00:00:00Z,2283,7719,Zemberek master-dictionary + FrequencyWords tr_50k
1701c522-43b3-5558-9ec8-d26db79e9e42,ZORBA,5,true,true,2026-08-02T00:00:00Z,954,15961,Zemberek master-dictionary + FrequencyWords tr_50k
7df32c15-9760-5e7a-96d3-5e8d6eb16960,ZORGU,5,true,false,2026-08-02T00:00:00Z,,,Zemberek master-dictionary + FrequencyWords tr_50k
813e380c-7092-5780-ae7e-8d707a6b20f7,ZORLA,5,true,true,2026-08-02T00:00:00Z,8855,2205,Zemberek master-dictionary + FrequencyWords tr_50k
c60fc906-81de-570c-bff6-9b6c270528d0,ZUHUR,5,true,false,2026-08-02T00:00:00Z,,,Zemberek master-dictionary + FrequencyWords tr_50k
66778634-47d2-5406-a2ae-965ca29b970d,ZULÜM,5,true,true,2026-08-02T00:00:00Z,484,27156,Zemberek master-dictionary + FrequencyWords tr_50k
a0ed93d1-c21a-56c5-bdc2-0d3a03c3f446,ZURNA,5,true,true,2026-08-02T00:00:00Z,473,27612,Zemberek master-dictionary + FrequencyWords tr_50k
a0984175-7dec-5770-8c80-7367becf4087,ZÜBDE,5,true,false,2026-08-02T00:00:00Z,,,Zemberek master-dictionary + FrequencyWords tr_50k
260e8f53-11cd-5c7c-b2d8-cfb6b3178b1f,ZÜHUL,5,true,false,2026-08-02T00:00:00Z,,,Zemberek master-dictionary + FrequencyWords tr_50k
fce1ace4-964c-5e6f-9454-5b98ae1592dc,ZÜLÜF,5,true,false,2026-08-02T00:00:00Z,,,Zemberek master-dictionary + FrequencyWords tr_50k
c2c8a482-d809-59fd-adb2-7db296b4193d,ZÜMRE,5,true,false,2026-08-02T00:00:00Z,,,Zemberek master-dictionary + FrequencyWords tr_50k
c336b1fc-dcdf-5e11-b1fd-be5317390f46,ZÜPPE,5,true,true,2026-08-02T00:00:00Z,1315,12294,Zemberek master-dictionary + FrequencyWords tr_50k
77def9b8-a4ae-5cec-b664-2bf8071bdafe,ZÜRRA,5,true,false,2026-08-02T00:00:00Z,,,Zemberek master-dictionary + FrequencyWords tr_50k
06fc7157-daaa-578b-b76e-012c81eddbff,ZÜYUF,5,true,false,2026-08-02T00:00:00Z,,,Zemberek master-dictionary + FrequencyWords tr_50k
83d8197a-30d7-5c0b-81b6-42933bfd575c,ZİFAF,5,true,false,2026-08-02T00:00:00Z,,,Zemberek master-dictionary + FrequencyWords tr_50k
50a91db7-38bb-56f8-b733-5ea325e50677,ZİFOS,5,true,false,2026-08-02T00:00:00Z,,,Zemberek master-dictionary + FrequencyWords tr_50k
f626c843-c0e4-5e14-af1f-71423a406daa,ZİFİN,5,true,false,2026-08-02T00:00:00Z,,,Zemberek master-dictionary + FrequencyWords tr_50k
fd8de1d9-d8bc-57c3-a979-7f4e228b7d3f,ZİFİR,5,true,false,2026-08-02T00:00:00Z,,,Zemberek master-dictionary + FrequencyWords tr_50k
3f2b77c6-cfac-5798-a93b-948d1b2110e0,ZİGON,5,true,false,2026-08-02T00:00:00Z,,,Zemberek master-dictionary + FrequencyWords tr_50k
8e7cd174-aeff-55f1-9481-04cd47c13c4f,ZİGOT,5,true,false,2026-08-02T00:00:00Z,,,Zemberek master-dictionary + FrequencyWords tr_50k
b9682b0f-ee0e-5f89-b747-c71ab92266e8,ZİHAF,5,true,false,2026-08-02T00:00:00Z,,,Zemberek master-dictionary + FrequencyWords tr_50k
01f86042-3408-5ac0-b18d-6e8c928e839e,ZİHİN,5,true,true,2026-08-02T00:00:00Z,1655,10148,Zemberek master-dictionary + FrequencyWords tr_50k
f5c5a70e-18aa-58fc-a021-f1660b44be65,ZİKİR,5,true,false,2026-08-02T00:00:00Z,,,Zemberek master-dictionary + FrequencyWords tr_50k
ff63b7c1-a986-5967-8076-8c4d66c7c93f,ZİNDE,5,true,true,2026-08-02T00:00:00Z,411,30744,Zemberek master-dictionary + FrequencyWords tr_50k
514beaac-bd63-5dad-bff4-9e315b15f2b4,ZİRVE,5,true,true,2026-08-02T00:00:00Z,677,20977,Zemberek master-dictionary + FrequencyWords tr_50k
3794d77f-bf13-50d6-8d78-c08717a93bd7,ZİYAN,5,true,true,2026-08-02T00:00:00Z,1577,10569,Zemberek master-dictionary + FrequencyWords tr_50k
1e747a42-9dca-5640-ba01-26c6024d9e78,ÇABUK,5,true,false,2026-08-02T00:00:00Z,59725,353,Zemberek master-dictionary + FrequencyWords tr_50k
08849f81-9559-5de9-9387-86fd6e857d65,ÇADIR,5,true,true,2026-08-02T00:00:00Z,1031,14986,Zemberek master-dictionary + FrequencyWords tr_50k
0fdc3f0e-c985-5376-bf03-fb40a4613734,ÇAKAL,5,true,true,2026-08-02T00:00:00Z,1360,11963,Zemberek master-dictionary + FrequencyWords tr_50k
bc3a8958-fefe-5622-be2e-fe79e897067b,ÇAKAR,5,true,false,2026-08-02T00:00:00Z,,,Zemberek master-dictionary + FrequencyWords tr_50k
90692cb5-871c-5e6d-afa0-07757a7e7308,ÇAKER,5,true,false,2026-08-02T00:00:00Z,,,Zemberek master-dictionary + FrequencyWords tr_50k
0cfe82d4-a3f3-5449-8911-fe0435d4bded,ÇAKIL,5,true,true,2026-08-02T00:00:00Z,577,23713,Zemberek master-dictionary + FrequencyWords tr_50k
92cf804c-d024-5c9d-bab8-21c45176b176,ÇAKIM,5,true,false,2026-08-02T00:00:00Z,,,Zemberek master-dictionary + FrequencyWords tr_50k
7ca40f8a-8940-55b8-8b00-3c99db70a4ea,ÇAKIN,5,true,false,2026-08-02T00:00:00Z,,,Zemberek master-dictionary + FrequencyWords tr_50k
cf4c5e77-58ae-5f81-b521-ca6b8d5a4017,ÇAKIR,5,true,false,2026-08-02T00:00:00Z,,,Zemberek master-dictionary + FrequencyWords tr_50k
b71bd8a3-8c7d-5584-84cb-99ec38dd98b4,ÇAKMA,5,true,true,2026-08-02T00:00:00Z,549,24627,Zemberek master-dictionary + FrequencyWords tr_50k
00f095c9-f0ea-5015-813e-3be46c5c26dc,ÇAKRA,5,true,false,2026-08-02T00:00:00Z,273,41548,Zemberek master-dictionary + FrequencyWords tr_50k
cac234b9-d532-5e94-b34d-dcdf1e81600c,ÇALAK,5,true,false,2026-08-02T00:00:00Z,,,Zemberek master-dictionary + FrequencyWords tr_50k
7db1b4e3-eff9-51c5-b97e-54bd53905ca9,ÇALAP,5,true,false,2026-08-02T00:00:00Z,,,Zemberek master-dictionary + FrequencyWords tr_50k
95309698-eefd-511c-a35c-94320697ab83,ÇALAR,5,true,true,2026-08-02T00:00:00Z,3962,4727,Zemberek master-dictionary + FrequencyWords tr_50k
44e29cca-4773-5031-bf02-5e01ef077280,ÇALGI,5,true,false,2026-08-02T00:00:00Z,,,Zemberek master-dictionary + FrequencyWords tr_50k
1d338a5c-f066-594f-9b66-a0e27d06a6c2,ÇALIK,5,true,false,2026-08-02T00:00:00Z,,,Zemberek master-dictionary + FrequencyWords tr_50k
5e2a4682-6f89-5786-b553-9ea2ec1be013,ÇALIM,5,true,false,2026-08-02T00:00:00Z,,,Zemberek master-dictionary + FrequencyWords tr_50k
3ae41208-873f-582c-a49f-78a01a809186,ÇALKI,5,true,false,2026-08-02T00:00:00Z,,,Zemberek master-dictionary + FrequencyWords tr_50k
f4293dfd-5378-5cdb-abda-cf9aadf9085b,ÇALMA,5,true,true,2026-08-02T00:00:00Z,1175,13454,Zemberek master-dictionary + FrequencyWords tr_50k
b565caa2-f4fa-56e4-91d0-c8fcb00c176d,ÇALTI,5,true,false,2026-08-02T00:00:00Z,,,Zemberek master-dictionary + FrequencyWords tr_50k
6acb4b3d-7e65-586f-907b-f218f017eaa1,ÇAMAT,5,true,false,2026-08-02T00:00:00Z,,,Zemberek master-dictionary + FrequencyWords tr_50k
a75857de-e8a3-5091-b0be-ad6db3d5c5d5,ÇAMUR,5,true,true,2026-08-02T00:00:00Z,2604,6890,Zemberek master-dictionary + FrequencyWords tr_50k
a5b1178b-c371-582f-8cb6-aba53c3d59f9,ÇAMÇA,5,true,false,2026-08-02T00:00:00Z,,,Zemberek master-dictionary + FrequencyWords tr_50k
8704aaf7-b8e0-5306-9236-b20912b356e5,ÇANAK,5,true,true,2026-08-02T00:00:00Z,513,25964,Zemberek master-dictionary + FrequencyWords tr_50k
e8d172a3-da40-52ad-8ffb-1d874146dfbb,ÇANDI,5,true,false,2026-08-02T00:00:00Z,,,Zemberek master-dictionary + FrequencyWords tr_50k
6e6717f8-e056-55b5-9f56-1807cbca169d,ÇANTA,5,true,true,2026-08-02T00:00:00Z,4903,3912,Zemberek master-dictionary + FrequencyWords tr_50k
5bf9796e-923b-5bac-a230-1222c1d26285,ÇAPAK,5,true,false,2026-08-02T00:00:00Z,,,Zemberek master-dictionary + FrequencyWords tr_50k
1db02d29-4ea2-59fd-9242-ca3f2b87144c,ÇAPAR,5,true,false,2026-08-02T00:00:00Z,,,Zemberek master-dictionary + FrequencyWords tr_50k
adf4e531-bc83-5a4b-b478-66cc5eefa8aa,ÇAPUL,5,true,false,2026-08-02T00:00:00Z,,,Zemberek master-dictionary + FrequencyWords tr_50k
b64d3d1f-ebc8-57f3-ae72-0e8c498a64d2,ÇAPUT,5,true,false,2026-08-02T00:00:00Z,,,Zemberek master-dictionary + FrequencyWords tr_50k
fd1bd4cd-0735-5437-83aa-c4c74876af83,ÇARIK,5,true,false,2026-08-02T00:00:00Z,,,Zemberek master-dictionary + FrequencyWords tr_50k
ea88cc8c-b77a-507c-8f1d-56d8bbc38a01,ÇARKA,5,true,false,2026-08-02T00:00:00Z,,,Zemberek master-dictionary + FrequencyWords tr_50k
90eafe0b-2a70-5e09-9785-f5194cec6cbe,ÇARPI,5,true,true,2026-08-02T00:00:00Z,539,24996,Zemberek master-dictionary + FrequencyWords tr_50k
30d75c78-5446-55ca-a585-6b86d8d02001,ÇARŞI,5,true,false,2026-08-02T00:00:00Z,,,Zemberek master-dictionary + FrequencyWords tr_50k
b0c72742-8974-5d70-b92e-fe74da0f7396,ÇASAR,5,true,false,2026-08-02T00:00:00Z,,,Zemberek master-dictionary + FrequencyWords tr_50k
4ffbb6b8-c8d3-5d2d-a70f-272fdb8e8b20,ÇATAK,5,true,false,2026-08-02T00:00:00Z,,,Zemberek master-dictionary + FrequencyWords tr_50k
e43cc3a5-f2e0-59e5-9a62-7620f350a9e9,ÇATAL,5,true,true,2026-08-02T00:00:00Z,1229,13008,Zemberek master-dictionary + FrequencyWords tr_50k
83580518-7597-5426-abcd-3bc925df6e98,ÇATIK,5,true,false,2026-08-02T00:00:00Z,,,Zemberek master-dictionary + FrequencyWords tr_50k
2ef3bd9c-ef56-58fd-b8fd-97bda99bbdaa,ÇATIR,5,true,false,2026-08-02T00:00:00Z,,,Zemberek master-dictionary + FrequencyWords tr_50k
da414da9-822a-526d-ba1f-1779b94ab7a0,ÇATKI,5,true,false,2026-08-02T00:00:00Z,,,Zemberek master-dictionary + FrequencyWords tr_50k
f7421a53-049a-54f8-bda1-12daaabf9219,ÇAVUN,5,true,false,2026-08-02T00:00:00Z,,,Zemberek master-dictionary + FrequencyWords tr_50k
ad0452c5-0718-55f3-a876-f39d0df1684e,ÇAVUŞ,5,true,true,2026-08-02T00:00:00Z,12734,1565,Zemberek master-dictionary + FrequencyWords tr_50k
507f4e57-a4ba-5b62-acf8-be8a8758a5b2,ÇAYAN,5,true,false,2026-08-02T00:00:00Z,,,Zemberek master-dictionary + FrequencyWords tr_50k
2615c6bb-04b3-5ef9-9772-f6d3dee821b1,ÇAYIR,5,true,true,2026-08-02T00:00:00Z,325,36597,Zemberek master-dictionary + FrequencyWords tr_50k
3e355970-e172-5307-9779-927ed33f6ca2,ÇAĞLA,5,true,false,2026-08-02T00:00:00Z,,,Zemberek master-dictionary + FrequencyWords tr_50k
460d61a9-bf77-521b-8370-037d6ca325da,ÇAĞRI,5,true,true,2026-08-02T00:00:00Z,4855,3945,Zemberek master-dictionary + FrequencyWords tr_50k
bc15f795-db02-539e-957a-33e7a2a9c9e9,ÇAŞIT,5,true,false,2026-08-02T00:00:00Z,,,Zemberek master-dictionary + FrequencyWords tr_50k
e82d5fac-5733-52f0-b903-c687eedc0a80,ÇEBİÇ,5,true,false,2026-08-02T00:00:00Z,,,Zemberek master-dictionary + FrequencyWords tr_50k
ede89b2c-e3a5-563b-9a61-f937fc69fbea,ÇECİK,5,true,false,2026-08-02T00:00:00Z,,,Zemberek master-dictionary + FrequencyWords tr_50k
b92502d7-c4d9-59c6-82b3-ee46c550f910,ÇEDİK,5,true,false,2026-08-02T00:00:00Z,,,Zemberek master-dictionary + FrequencyWords tr_50k
c46e25e0-0c90-5841-8b02-bf4344dc6390,ÇEHRE,5,true,false,2026-08-02T00:00:00Z,,,Zemberek master-dictionary + FrequencyWords tr_50k
4ca59f47-dd11-5345-8598-ec7a4bd42f2f,ÇEKEK,5,true,false,2026-08-02T00:00:00Z,,,Zemberek master-dictionary + FrequencyWords tr_50k
b5856b3c-d27d-5d25-9ae1-7dcd7bb5753e,ÇEKEL,5,true,false,2026-08-02T00:00:00Z,,,Zemberek master-dictionary + FrequencyWords tr_50k
376f51a1-22f9-52f4-ab4d-411930aecd4b,ÇEKEM,5,true,false,2026-08-02T00:00:00Z,,,Zemberek master-dictionary + FrequencyWords tr_50k
a18ec10e-77a5-537d-aaef-9fe6a77b1a51,ÇEKER,5,true,true,2026-08-02T00:00:00Z,5064,3790,Zemberek master-dictionary + FrequencyWords tr_50k
48e10742-368d-5d2c-90fe-6aab273c0722,ÇEKME,5,true,true,2026-08-02T00:00:00Z,2654,6771,Zemberek master-dictionary + FrequencyWords tr_50k
87906b78-d8e5-541c-a8f7-c2fd7f3051f2,ÇEKÜL,5,true,false,2026-08-02T00:00:00Z,,,Zemberek master-dictionary + FrequencyWords tr_50k
05f0d693-0458-5e79-a4b2-a45072fc1fd6,ÇEKİK,5,true,false,2026-08-02T00:00:00Z,287,40116,Zemberek master-dictionary + FrequencyWords tr_50k
d02aa0f5-cb60-5926-9a8b-935174d735a6,ÇEKİM,5,true,true,2026-08-02T00:00:00Z,5670,3436,Zemberek master-dictionary + FrequencyWords tr_50k
6c03110c-3b0e-5d76-aa29-6b4b8511cf07,ÇEKİÇ,5,true,true,2026-08-02T00:00:00Z,1340,12103,Zemberek master-dictionary + FrequencyWords tr_50k
17af029f-fa62-55df-8207-b27a9329aebc,ÇEKİŞ,5,true,false,2026-08-02T00:00:00Z,241,45478,Zemberek master-dictionary + FrequencyWords tr_50k
7ecfda7d-9706-50b6-a7b4-2033f08ed7fb,ÇELEK,5,true,false,2026-08-02T00:00:00Z,,,Zemberek master-dictionary + FrequencyWords tr_50k
656814fb-33be-5a4d-b4d7-340a082e1e61,ÇELEN,5,true,false,2026-08-02T00:00:00Z,,,Zemberek master-dictionary + FrequencyWords tr_50k
d7b2cdd5-ed4c-56f8-88c0-f98ab8fc04f9,ÇELGİ,5,true,false,2026-08-02T00:00:00Z,,,Zemberek master-dictionary + FrequencyWords tr_50k
d9f2ea09-0f36-538d-88cc-86c9a1a39464,ÇELLO,5,true,true,2026-08-02T00:00:00Z,391,31876,Zemberek master-dictionary + FrequencyWords tr_50k
64bab886-b78a-592f-b29d-bbda2df642ea,ÇELME,5,true,false,2026-08-02T00:00:00Z,235,46273,Zemberek master-dictionary + FrequencyWords tr_50k
55614b86-612d-58ff-8f6c-8d8656aa7542,ÇELİK,5,true,true,2026-08-02T00:00:00Z,3588,5142,Zemberek master-dictionary + FrequencyWords tr_50k
fdfdbf97-da68-5c37-9aa3-3d4284fd5120,ÇELİM,5,true,false,2026-08-02T00:00:00Z,,,Zemberek master-dictionary + FrequencyWords tr_50k
81772186-5d6d-5b0a-889d-51d6aa52e279,ÇEMEN,5,true,false,2026-08-02T00:00:00Z,,,Zemberek master-dictionary + FrequencyWords tr_50k
4241e3dc-53ba-5fee-ad05-94c1646cfbb4,ÇEMÇE,5,true,false,2026-08-02T00:00:00Z,,,Zemberek master-dictionary + FrequencyWords tr_50k
1111a863-3686-5e8f-a06d-6080058bb335,ÇEMİÇ,5,true,false,2026-08-02T00:00:00Z,,,Zemberek master-dictionary + FrequencyWords tr_50k
c893aced-172b-595b-9ed9-7e6d1afacc1e,ÇENEK,5,true,false,2026-08-02T00:00:00Z,,,Zemberek master-dictionary + FrequencyWords tr_50k
419fb4ba-1d58-5056-a761-c90d4c7e8e75,ÇENET,5,true,false,2026-08-02T00:00:00Z,,,Zemberek master-dictionary + FrequencyWords tr_50k
74e0b958-ea38-5e71-ba51-acea84bcf67f,ÇENGİ,5,true,false,2026-08-02T00:00:00Z,,,Zemberek master-dictionary + FrequencyWords tr_50k
9dfb119e-cdeb-5fc9-8a99-7368cb521de5,ÇEPEL,5,true,false,2026-08-02T00:00:00Z,,,Zemberek master-dictionary + FrequencyWords tr_50k
c5979fce-c80f-5903-b4d0-c6493a8765d2,ÇEPER,5,true,false,2026-08-02T00:00:00Z,,,Zemberek master-dictionary + FrequencyWords tr_50k
db8a1408-351c-56e0-bfdb-89df5f19d247,ÇEPEZ,5,true,false,2026-08-02T00:00:00Z,,,Zemberek master-dictionary + FrequencyWords tr_50k
cc4de965-606e-56ae-bec7-7b16b938c0c3,ÇEPİN,5,true,false,2026-08-02T00:00:00Z,,,Zemberek master-dictionary + FrequencyWords tr_50k
83d8913a-0d93-5f65-998e-b09088b5c198,ÇERAĞ,5,true,false,2026-08-02T00:00:00Z,,,Zemberek master-dictionary + FrequencyWords tr_50k
543be62f-1b72-553b-873d-6b19038d71a2,ÇEREZ,5,true,true,2026-08-02T00:00:00Z,546,24737,Zemberek master-dictionary + FrequencyWords tr_50k
fef9dd27-2763-5e26-b098-8d112a43b9fe,ÇERGE,5,true,false,2026-08-02T00:00:00Z,,,Zemberek master-dictionary + FrequencyWords tr_50k
5c641834-95d1-5389-95cf-8b3c69a856e5,ÇERÇİ,5,true,false,2026-08-02T00:00:00Z,,,Zemberek master-dictionary + FrequencyWords tr_50k
44038223-74ad-5892-893e-f1ef2677bf71,ÇETİN,5,true,true,2026-08-02T00:00:00Z,1582,10553,Zemberek master-dictionary + FrequencyWords tr_50k
5a69a320-fa27-5c32-a8c7-be6a39b0bf83,ÇEVRE,5,true,true,2026-08-02T00:00:00Z,2766,6537,Zemberek master-dictionary + FrequencyWords tr_50k
5541967b-03ba-5e6e-901a-694b0caf0109,ÇEVRİ,5,true,false,2026-08-02T00:00:00Z,,,Zemberek master-dictionary + FrequencyWords tr_50k
4ed09550-ad8d-583a-a768-2859259ca414,ÇEVİK,5,true,true,2026-08-02T00:00:00Z,550,24607,Zemberek master-dictionary + FrequencyWords tr_50k
8eeb2680-951b-5bc3-a2fe-4b1302257fa8,ÇEYİZ,5,true,true,2026-08-02T00:00:00Z,302,38562,Zemberek master-dictionary + FrequencyWords tr_50k
1c6d5409-073d-57f8-9ad0-73de6535b028,ÇEŞME,5,true,true,2026-08-02T00:00:00Z,371,33132,Zemberek master-dictionary + FrequencyWords tr_50k
6cfe54ec-5914-5008-b857-3d6d531eb0cd,ÇEŞNİ,5,true,false,2026-08-02T00:00:00Z,,,Zemberek master-dictionary + FrequencyWords tr_50k
648110a7-31cd-53dc-953e-571dbac4d7a3,ÇEŞİT,5,true,true,2026-08-02T00:00:00Z,17753,1125,Zemberek master-dictionary + FrequencyWords tr_50k
29cea3ad-9d14-5b98-8b0c-ead86ebc44a9,ÇIBAN,5,true,false,2026-08-02T00:00:00Z,,,Zemberek master-dictionary + FrequencyWords tr_50k
21256d40-e638-5188-a56b-c846c5c52715,ÇIDAM,5,true,false,2026-08-02T00:00:00Z,,,Zemberek master-dictionary + FrequencyWords tr_50k
a0b9a977-4a70-5b28-8697-b104d6abc65a,ÇIFIT,5,true,false,2026-08-02T00:00:00Z,,,Zemberek master-dictionary + FrequencyWords tr_50k
e063333e-aeba-592c-8be7-d2dba636b325,ÇIKAK,5,true,false,2026-08-02T00:00:00Z,,,Zemberek master-dictionary + FrequencyWords tr_50k
c21a9385-cf37-50fa-a8e8-a71aafb1c89d,ÇIKAR,5,true,true,2026-08-02T00:00:00Z,34210,615,Zemberek master-dictionary + FrequencyWords tr_50k
65160382-f3ea-5367-8791-81f4f78f2118,ÇIKIK,5,true,false,2026-08-02T00:00:00Z,,,Zemberek master-dictionary + FrequencyWords tr_50k
b260cf5d-021f-56dd-b074-6e148c5ebe7e,ÇIKIN,5,true,true,2026-08-02T00:00:00Z,10035,1959,Zemberek master-dictionary + FrequencyWords tr_50k
c6f4c703-eff3-53af-94ca-f8cc309e6251,ÇIKIT,5,true,false,2026-08-02T00:00:00Z,,,Zemberek master-dictionary + FrequencyWords tr_50k
92817368-1ef7-5d62-b47e-8174e14adbf9,ÇIKIŞ,5,true,true,2026-08-02T00:00:00Z,9643,2030,Zemberek master-dictionary + FrequencyWords tr_50k
0abb5a4c-c276-565b-8f0c-8ac1b995558c,ÇIKMA,5,true,true,2026-08-02T00:00:00Z,8176,2403,Zemberek master-dictionary + FrequencyWords tr_50k
78a645b7-30a6-5db2-808e-eb9d1c64d9dc,ÇIKRA,5,true,false,2026-08-02T00:00:00Z,,,Zemberek master-dictionary + FrequencyWords tr_50k
8f543fd4-aab5-5398-b85d-0b2a0f5a4f81,ÇIKTI,5,true,false,2026-08-02T00:00:00Z,43763,486,Zemberek master-dictionary + FrequencyWords tr_50k
91c901b1-d617-525b-ad80-9053b67bcff8,ÇILAN,5,true,false,2026-08-02T00:00:00Z,,,Zemberek master-dictionary + FrequencyWords tr_50k
19be9dc3-4e76-5271-aa81-53352ed6887f,ÇINAR,5,true,false,2026-08-02T00:00:00Z,,,Zemberek master-dictionary + FrequencyWords tr_50k
5a3ec9d9-89ee-5121-b1bf-fa32c4b63607,ÇINGI,5,true,false,2026-08-02T00:00:00Z,,,Zemberek master-dictionary + FrequencyWords tr_50k
dcd56f9b-83d4-55e3-85fb-ee1c1d1cc12f,ÇIPIR,5,true,false,2026-08-02T00:00:00Z,,,Zemberek master-dictionary + FrequencyWords tr_50k
be74c94f-e014-50f1-8041-3b564652387b,ÇIRAK,5,true,true,2026-08-02T00:00:00Z,439,29241,Zemberek master-dictionary + FrequencyWords tr_50k
931307ad-2178-5b2c-a6b5-2ea06d86f330,ÇIRAĞ,5,true,false,2026-08-02T00:00:00Z,,,Zemberek master-dictionary + FrequencyWords tr_50k
96698369-a2f1-5280-b00a-684bdef22187,ÇIRPI,5,true,false,2026-08-02T00:00:00Z,,,Zemberek master-dictionary + FrequencyWords tr_50k
713549de-d1f1-59e3-bdf4-b46a2efd70e0,ÇITAK,5,true,false,2026-08-02T00:00:00Z,,,Zemberek master-dictionary + FrequencyWords tr_50k
3d5a0601-0bf0-5015-8b17-5df03fd99e0a,ÇITIR,5,true,true,2026-08-02T00:00:00Z,999,15364,Zemberek master-dictionary + FrequencyWords tr_50k
ae8d40c2-65ae-5504-bd3a-d30895e42cd4,ÇIYAN,5,true,false,2026-08-02T00:00:00Z,,,Zemberek master-dictionary + FrequencyWords tr_50k
567a3499-ce77-569e-9abd-2010a0c72918,ÇIĞIR,5,true,true,2026-08-02T00:00:00Z,466,27935,Zemberek master-dictionary + FrequencyWords tr_50k
4bfe07d4-1617-5273-9944-896f38df26db,ÇOBAN,5,true,true,2026-08-02T00:00:00Z,992,15447,Zemberek master-dictionary + FrequencyWords tr_50k
e0fe9555-2c30-5682-861e-b955a288c95d,ÇOCUK,5,true,true,2026-08-02T00:00:00Z,106017,219,Zemberek master-dictionary + FrequencyWords tr_50k
21950aa3-acfc-54bc-bbc5-796caf15f195,ÇOKAL,5,true,false,2026-08-02T00:00:00Z,,,Zemberek master-dictionary + FrequencyWords tr_50k
e05766dc-1fb3-5d7c-90c2-4fbea40de46c,ÇOKÇA,5,true,true,2026-08-02T00:00:00Z,687,20748,Zemberek master-dictionary + FrequencyWords tr_50k
bb1bdd0b-38e4-5ffa-a7c5-82dd281cbd47,ÇOLAK,5,true,false,2026-08-02T00:00:00Z,,,Zemberek master-dictionary + FrequencyWords tr_50k
3ace98d6-6b72-5e58-bdfd-37bf2231cfff,ÇOLPA,5,true,false,2026-08-02T00:00:00Z,,,Zemberek master-dictionary + FrequencyWords tr_50k
531a2cb0-b4cd-5505-8c73-e69e1648bc84,ÇOLUK,5,true,true,2026-08-02T00:00:00Z,324,36667,Zemberek master-dictionary + FrequencyWords tr_50k
e8295e09-d654-5b99-a386-11c12de35a8c,ÇOMAK,5,true,false,2026-08-02T00:00:00Z,335,35782,Zemberek master-dictionary + FrequencyWords tr_50k
947d942b-0d64-5977-96a4-59003a0de06e,ÇOMAR,5,true,false,2026-08-02T00:00:00Z,,,Zemberek master-dictionary + FrequencyWords tr_50k
cebbff0c-fedb-5c99-a17b-e2278a084d9b,ÇOPRA,5,true,false,2026-08-02T00:00:00Z,,,Zemberek master-dictionary + FrequencyWords tr_50k
e2ca8f29-9bf0-5d74-8700-46b5e98762c2,ÇOPUR,5,true,false,2026-08-02T00:00:00Z,,,Zemberek master-dictionary + FrequencyWords tr_50k
f7ac7396-14fc-50f1-82bc-43054fd77d84,ÇORAK,5,true,true,2026-08-02T00:00:00Z,664,21293,Zemberek master-dictionary + FrequencyWords tr_50k
dafbdb20-a352-517e-a650-799053db3c82,ÇORAP,5,true,true,2026-08-02T00:00:00Z,2350,7546,Zemberek master-dictionary + FrequencyWords tr_50k
3466fd37-1b1a-5d4f-b677-a2011d28b82b,ÇORBA,5,true,true,2026-08-02T00:00:00Z,3612,5108,Zemberek master-dictionary + FrequencyWords tr_50k
67eebc7d-7b51-5f89-a3d1-00f1a053f521,ÇORLU,5,true,false,2026-08-02T00:00:00Z,,,Zemberek master-dictionary + FrequencyWords tr_50k
adff21bc-97e5-5251-8f25-630f073261f2,ÇOTRA,5,true,false,2026-08-02T00:00:00Z,,,Zemberek master-dictionary + FrequencyWords tr_50k
0b6045b1-24e7-523e-8c8a-9a3ed00811b1,ÇOTUK,5,true,false,2026-08-02T00:00:00Z,,,Zemberek master-dictionary + FrequencyWords tr_50k
7ae27dfe-f107-5f7d-80da-07e1e2f8dc93,ÇOĞUL,5,true,false,2026-08-02T00:00:00Z,260,43095,Zemberek master-dictionary + FrequencyWords tr_50k
e984d202-0342-5511-9611-1d3d63719ef2,ÇOĞUN,5,true,false,2026-08-02T00:00:00Z,,,Zemberek master-dictionary + FrequencyWords tr_50k
310a86d1-1e72-5d32-b9b5-be434319fae0,ÇUBUK,5,true,true,2026-08-02T00:00:00Z,1269,12665,Zemberek master-dictionary + FrequencyWords tr_50k
1ccb74cd-4ce2-505a-85c4-b16f3fd2b92c,ÇUKUR,5,true,true,2026-08-02T00:00:00Z,1453,11325,Zemberek master-dictionary + FrequencyWords tr_50k
7fa2ce22-4f28-59bf-9a40-517f55dc3949,ÇULHA,5,true,false,2026-08-02T00:00:00Z,,,Zemberek master-dictionary + FrequencyWords tr_50k
663b82e1-16f4-51c0-bec3-37dec84d535a,ÇUPRA,5,true,false,2026-08-02T00:00:00Z,,,Zemberek master-dictionary + FrequencyWords tr_50k
b93e7175-bf6d-58e9-8c43-e25f0a4a15f5,ÇUTUR,5,true,false,2026-08-02T00:00:00Z,,,Zemberek master-dictionary + FrequencyWords tr_50k
e9699415-fce2-5d40-9c9c-6bbf6e4269de,ÇUVAL,5,true,true,2026-08-02T00:00:00Z,1054,14702,Zemberek master-dictionary + FrequencyWords tr_50k
c77b7db5-f5fd-5bc8-adfe-a0ee6b1cc609,ÇUŞKA,5,true,false,2026-08-02T00:00:00Z,,,Zemberek master-dictionary + FrequencyWords tr_50k
f1541d51-1514-5757-9001-bf7e2a366b50,ÇÖKEK,5,true,false,2026-08-02T00:00:00Z,,,Zemberek master-dictionary + FrequencyWords tr_50k
a291995c-f444-58be-8685-5bf66c38dea6,ÇÖKEL,5,true,false,2026-08-02T00:00:00Z,,,Zemberek master-dictionary + FrequencyWords tr_50k
1d49d8c6-8520-5712-a0ba-647f3fda062d,ÇÖKÜK,5,true,false,2026-08-02T00:00:00Z,,,Zemberek master-dictionary + FrequencyWords tr_50k
a6a04bf7-2577-557b-95a8-da781acfe3e7,ÇÖKÜM,5,true,false,2026-08-02T00:00:00Z,,,Zemberek master-dictionary + FrequencyWords tr_50k
fb1958f8-3a2c-591a-982c-b118f421915b,ÇÖMEZ,5,true,true,2026-08-02T00:00:00Z,371,33178,Zemberek master-dictionary + FrequencyWords tr_50k
088b5315-e3db-57ea-841e-9468683eb24f,ÇÖMÇE,5,true,false,2026-08-02T00:00:00Z,,,Zemberek master-dictionary + FrequencyWords tr_50k
5ee43b94-ac67-59ad-80a3-2be3081b6678,ÇÖPÇÜ,5,true,true,2026-08-02T00:00:00Z,353,34421,Zemberek master-dictionary + FrequencyWords tr_50k
94938589-7fd7-58b6-83a1-5c57c4e057d4,ÇÖREK,5,true,true,2026-08-02T00:00:00Z,2766,6539,Zemberek master-dictionary + FrequencyWords tr_50k
0e437f81-1bf4-5aa3-bf83-90b4746d741a,ÇÖRKÜ,5,true,false,2026-08-02T00:00:00Z,,,Zemberek master-dictionary + FrequencyWords tr_50k
eb675940-8af5-537e-85fd-7252dbcdbf8d,ÇÖRTÜ,5,true,false,2026-08-02T00:00:00Z,,,Zemberek master-dictionary + FrequencyWords tr_50k
c6dc19ff-d728-5d58-a673-08b70fddce55,ÇÖVEN,5,true,false,2026-08-02T00:00:00Z,,,Zemberek master-dictionary + FrequencyWords tr_50k
9b0dc8b2-6066-515d-b4cb-976a40897caa,ÇÖZGÜ,5,true,false,2026-08-02T00:00:00Z,,,Zemberek master-dictionary + FrequencyWords tr_50k
b7f0e3bc-799e-550a-ad6f-c475a8b8a748,ÇÖZÜK,5,true,false,2026-08-02T00:00:00Z,,,Zemberek master-dictionary + FrequencyWords tr_50k
ccc9e98d-e2c7-5151-b2e5-4cd38d52b46c,ÇÖZÜM,5,true,true,2026-08-02T00:00:00Z,6386,3082,Zemberek master-dictionary + FrequencyWords tr_50k
d4d66199-202d-56c8-9807-c2b78cd4627c,ÇÖZÜŞ,5,true,false,2026-08-02T00:00:00Z,,,Zemberek master-dictionary + FrequencyWords tr_50k
a1d99495-033f-50c4-901c-f8bce9005cec,ÇÖĞÜR,5,true,false,2026-08-02T00:00:00Z,,,Zemberek master-dictionary + FrequencyWords tr_50k
d0f33a46-ebc0-5145-900c-c86fe7d8e849,ÇÜKÜR,5,true,false,2026-08-02T00:00:00Z,,,Zemberek master-dictionary + FrequencyWords tr_50k
c1cdcfbf-9aeb-5611-8910-2c76b96018c2,ÇÜNKÜ,5,true,false,2026-08-02T00:00:00Z,274115,67,Zemberek master-dictionary + FrequencyWords tr_50k
ac0b53ad-0b67-5296-b386-089684b2c302,ÇÜRÜK,5,true,true,2026-08-02T00:00:00Z,1800,9434,Zemberek master-dictionary + FrequencyWords tr_50k
ffb9b073-95b6-51a8-937b-5c650aca75bc,ÇİFTE,5,true,true,2026-08-02T00:00:00Z,3417,5376,Zemberek master-dictionary + FrequencyWords tr_50k
c582e241-26e7-594b-b32c-4e3701a91995,ÇİLEK,5,true,true,2026-08-02T00:00:00Z,1198,13262,Zemberek master-dictionary + FrequencyWords tr_50k
f2f952a8-a27a-5015-a609-6cae10a5eae0,ÇİMEK,5,true,false,2026-08-02T00:00:00Z,,,Zemberek master-dictionary + FrequencyWords tr_50k
1523908a-8398-50e8-b9b9-230a5308e88e,ÇİMEN,5,true,true,2026-08-02T00:00:00Z,407,31003,Zemberek master-dictionary + FrequencyWords tr_50k
6bc6def9-7f2a-5acf-9f78-795fad79ebfe,ÇİNKO,5,true,false,2026-08-02T00:00:00Z,,,Zemberek master-dictionary + FrequencyWords tr_50k
d259446b-49c9-5cf4-951c-276512c574d8,ÇİPİL,5,true,false,2026-08-02T00:00:00Z,,,Zemberek master-dictionary + FrequencyWords tr_50k
f6ef9591-a9d8-5b46-a95e-97e999cbd3ba,ÇİROZ,5,true,false,2026-08-02T00:00:00Z,,,Zemberek master-dictionary + FrequencyWords tr_50k
287b6ff9-ffde-5799-aae3-dfc1ff98a0b9,ÇİRİŞ,5,true,false,2026-08-02T00:00:00Z,,,Zemberek master-dictionary + FrequencyWords tr_50k
353dc942-2412-556d-b57a-5fe7a36d60a6,ÇİTEN,5,true,false,2026-08-02T00:00:00Z,,,Zemberek master-dictionary + FrequencyWords tr_50k
68ebfce0-874c-5600-8c29-f7b64c9ec022,ÇİTME,5,true,false,2026-08-02T00:00:00Z,,,Zemberek master-dictionary + FrequencyWords tr_50k
7d2dddaa-46cc-59b7-b921-83cc5e829635,ÇİVİT,5,true,false,2026-08-02T00:00:00Z,,,Zemberek master-dictionary + FrequencyWords tr_50k
022bfbdd-7684-51d1-a1d8-60f78d302aad,ÇİZER,5,true,true,2026-08-02T00:00:00Z,314,37458,Zemberek master-dictionary + FrequencyWords tr_50k
fe021469-628d-56eb-af0e-3da8e56e744a,ÇİZGE,5,true,false,2026-08-02T00:00:00Z,,,Zemberek master-dictionary + FrequencyWords tr_50k
8756a4ff-ee50-5f6c-aa9b-1acb0f6f72d1,ÇİZGİ,5,true,true,2026-08-02T00:00:00Z,6457,3045,Zemberek master-dictionary + FrequencyWords tr_50k
29eac8ba-4820-5e79-84bc-809896969f7c,ÇİZME,5,true,true,2026-08-02T00:00:00Z,585,23462,Zemberek master-dictionary + FrequencyWords tr_50k
a3390088-e631-5fab-ab5d-4267c263f59c,ÇİZİK,5,true,true,2026-08-02T00:00:00Z,1364,11925,Zemberek master-dictionary + FrequencyWords tr_50k
06a57c14-c21b-5838-bffc-3bcbaa166b55,ÇİZİM,5,true,true,2026-08-02T00:00:00Z,1116,14059,Zemberek master-dictionary + FrequencyWords tr_50k
a73d14b0-63aa-5cde-8d92-afbc69846cef,ÇİÇEK,5,true,true,2026-08-02T00:00:00Z,9057,2159,Zemberek master-dictionary + FrequencyWords tr_50k
f9f71e17-5c08-51bd-b2f4-39595f47824b,ÇİĞDE,5,true,false,2026-08-02T00:00:00Z,,,Zemberek master-dictionary + FrequencyWords tr_50k
527e386f-9192-5ff1-9506-4f60f232fc7d,ÇİĞİN,5,true,false,2026-08-02T00:00:00Z,,,Zemberek master-dictionary + FrequencyWords tr_50k
780f298f-8bec-5e38-b1b2-90e62b7be9e6,ÇİĞİT,5,true,false,2026-08-02T00:00:00Z,,,Zemberek master-dictionary + FrequencyWords tr_50k
41012f29-ebc9-50e2-b8ca-d5f5f7cccecc,ÇİŞİK,5,true,false,2026-08-02T00:00:00Z,,,Zemberek master-dictionary + FrequencyWords tr_50k
d0617c59-c177-5171-ad5e-6b1d5bd431bc,ÖDLEK,5,true,true,2026-08-02T00:00:00Z,1654,10153,Zemberek master-dictionary + FrequencyWords tr_50k
4ee59b76-0926-5155-aa82-04ab4b62c645,ÖDÜNÇ,5,true,true,2026-08-02T00:00:00Z,8349,2347,Zemberek master-dictionary + FrequencyWords tr_50k
1c26bd97-ef9b-5bff-bde3-5dbd5cfe44e8,ÖKSÜZ,5,true,true,2026-08-02T00:00:00Z,535,25127,Zemberek master-dictionary + FrequencyWords tr_50k
5fd308d8-3846-51f5-98eb-ad5df85a0d26,ÖLGÜN,5,true,false,2026-08-02T00:00:00Z,,,Zemberek master-dictionary + FrequencyWords tr_50k
9226ed68-2159-5db9-896f-f3dd8a9af7d3,ÖLMEK,5,true,false,2026-08-02T00:00:00Z,12779,1562,Zemberek master-dictionary + FrequencyWords tr_50k
e7560593-6260-518e-976f-3622a1a5191b,ÖLMEZ,5,true,true,2026-08-02T00:00:00Z,862,17302,Zemberek master-dictionary + FrequencyWords tr_50k
73b84279-6e7d-51cc-9314-b97045b3dd3c,ÖLÇEK,5,true,false,2026-08-02T00:00:00Z,223,48044,Zemberek master-dictionary + FrequencyWords tr_50k
8ce4aa28-20ed-5df0-b9dc-6f995b245a7f,ÖLÇER,5,true,false,2026-08-02T00:00:00Z,,,Zemberek master-dictionary + FrequencyWords tr_50k
d6c6a222-9b80-5ca4-96cc-9882db078f82,ÖLÇÜM,5,true,true,2026-08-02T00:00:00Z,409,30902,Zemberek master-dictionary + FrequencyWords tr_50k
92eabcdc-b567-5c54-8916-306eef504766,ÖLÇÜN,5,true,false,2026-08-02T00:00:00Z,,,Zemberek master-dictionary + FrequencyWords tr_50k
f2d39bef-587c-5135-9a16-dc304128d859,ÖLÇÜT,5,true,false,2026-08-02T00:00:00Z,,,Zemberek master-dictionary + FrequencyWords tr_50k
74de1912-6c88-571a-ab50-be3601d973e8,ÖNCEL,5,true,false,2026-08-02T00:00:00Z,,,Zemberek master-dictionary + FrequencyWords tr_50k
f0f1fb7f-06c6-5dd9-8dc9-301e420d3061,ÖNCÜL,5,true,false,2026-08-02T00:00:00Z,,,Zemberek master-dictionary + FrequencyWords tr_50k
89ff3d88-0a3f-59de-801a-da4d30c29575,ÖNDER,5,true,true,2026-08-02T00:00:00Z,334,35875,Zemberek master-dictionary + FrequencyWords tr_50k
0c1c4728-3f27-5da0-b66b-efb9fe1e2972,ÖNERİ,5,true,true,2026-08-02T00:00:00Z,1181,13402,Zemberek master-dictionary + FrequencyWords tr_50k
445e6cd3-a76d-578f-87b3-57f84c76ae27,ÖNEZE,5,true,false,2026-08-02T00:00:00Z,,,Zemberek master-dictionary + FrequencyWords tr_50k
7aeb42ac-c86a-5a4d-97f9-a4d15e35b894,ÖNLEM,5,true,true,2026-08-02T00:00:00Z,1504,10974,Zemberek master-dictionary + FrequencyWords tr_50k
f4d79224-8f4e-5268-b19a-0f5c19744691,ÖNLÜK,5,true,true,2026-08-02T00:00:00Z,658,21443,Zemberek master-dictionary + FrequencyWords tr_50k
fc9fc302-bde1-5b9d-9764-1700cc27d2ad,ÖPMEK,5,true,false,2026-08-02T00:00:00Z,2096,8295,Zemberek master-dictionary + FrequencyWords tr_50k
d8ec6146-334a-52f5-8b1f-90e68ff13469,ÖRCİN,5,true,false,2026-08-02T00:00:00Z,,,Zemberek master-dictionary + FrequencyWords tr_50k
ab314689-6661-5ee7-a09d-5c3a91e726f7,ÖRDEK,5,true,true,2026-08-02T00:00:00Z,2722,6625,Zemberek master-dictionary + FrequencyWords tr_50k
fc339eda-36bd-5278-a43e-dfc76a518096,ÖREKE,5,true,false,2026-08-02T00:00:00Z,,,Zemberek master-dictionary + FrequencyWords tr_50k
bc3dbf1d-3bea-5722-8e11-fd390109a5ea,ÖRGEN,5,true,false,2026-08-02T00:00:00Z,,,Zemberek master-dictionary + FrequencyWords tr_50k
d8026686-1d60-5f10-9faf-a4948430923b,ÖRGÜN,5,true,false,2026-08-02T00:00:00Z,,,Zemberek master-dictionary + FrequencyWords tr_50k
cb54214a-37ef-5e9c-9cee-3e52c8e4dfa9,ÖRGÜT,5,true,true,2026-08-02T00:00:00Z,842,17639,Zemberek master-dictionary + FrequencyWords tr_50k
b821ba60-1d51-5d11-b540-54e2477cb6a2,ÖRMEK,5,true,false,2026-08-02T00:00:00Z,,,Zemberek master-dictionary + FrequencyWords tr_50k
bf4ed99b-a191-5350-ad36-c427258e73e3,ÖRNEK,5,true,true,2026-08-02T00:00:00Z,9161,2123,Zemberek master-dictionary + FrequencyWords tr_50k
fc84ac37-bddf-5abf-a332-04ad3daf493d,ÖRTÜK,5,true,false,2026-08-02T00:00:00Z,,,Zemberek master-dictionary + FrequencyWords tr_50k
30439fd4-e445-511c-980a-dfe8d3d14213,ÖTEKİ,5,true,false,2026-08-02T00:00:00Z,4906,3909,Zemberek master-dictionary + FrequencyWords tr_50k
e1e5d8b6-f760-5bc0-b750-61cc821181cc,ÖTMEK,5,true,false,2026-08-02T00:00:00Z,,,Zemberek master-dictionary + FrequencyWords tr_50k
c3d0a959-68f7-553c-90d3-89158e80b21a,ÖTÜRÜ,5,true,false,2026-08-02T00:00:00Z,4869,3934,Zemberek master-dictionary + FrequencyWords tr_50k
469e61ad-8f96-53a1-ba0f-46fa3ed81326,ÖVMEK,5,true,false,2026-08-02T00:00:00Z,,,Zemberek master-dictionary + FrequencyWords tr_50k
033e86b6-391e-5edc-99ba-5d8c8e264d17,ÖVÜNÇ,5,true,false,2026-08-02T00:00:00Z,,,Zemberek master-dictionary + FrequencyWords tr_50k
6a0ae235-0a1a-510a-b0c0-22744fb570ef,ÖZDEK,5,true,false,2026-08-02T00:00:00Z,,,Zemberek master-dictionary + FrequencyWords tr_50k
d34a08ee-4385-55d2-acab-b572e8edca6d,ÖZDEN,5,true,false,2026-08-02T00:00:00Z,,,Zemberek master-dictionary + FrequencyWords tr_50k
93854309-ad9b-57ff-b75b-5cb7a9bf9ece,ÖZDEŞ,5,true,false,2026-08-02T00:00:00Z,,,Zemberek master-dictionary + FrequencyWords tr_50k
9951d8ba-3824-5130-9a55-1606f1ea7d9e,ÖZENÇ,5,true,false,2026-08-02T00:00:00Z,,,Zemberek master-dictionary + FrequencyWords tr_50k
dabb3da8-aaca-5e92-818b-0a20682c9c21,ÖZENİ,5,true,false,2026-08-02T00:00:00Z,,,Zemberek master-dictionary + FrequencyWords tr_50k
3e095832-7235-5acf-a850-c80c55dedfc3,ÖZERK,5,true,false,2026-08-02T00:00:00Z,,,Zemberek master-dictionary + FrequencyWords tr_50k
615ade6b-34a2-57ca-9f3e-93865f2308c4,ÖZGÜL,5,true,false,2026-08-02T00:00:00Z,,,Zemberek master-dictionary + FrequencyWords tr_50k
a1fc759f-d678-5fd1-ba0d-93cd22592a0d,ÖZGÜN,5,true,true,2026-08-02T00:00:00Z,993,15426,Zemberek master-dictionary + FrequencyWords tr_50k
2e15498f-cc41-595c-9a6e-72923c95ecb2,ÖZGÜR,5,true,true,2026-08-02T00:00:00Z,12784,1561,Zemberek master-dictionary + FrequencyWords tr_50k
4c7d5e19-3546-5184-800c-781c7f551c8e,ÖZLEM,5,true,true,2026-08-02T00:00:00Z,579,23641,Zemberek master-dictionary + FrequencyWords tr_50k
aeb07850-6b34-531c-8afd-1dd096344e79,ÖZNEL,5,true,false,2026-08-02T00:00:00Z,,,Zemberek master-dictionary + FrequencyWords tr_50k
de54babb-c681-5b74-96b3-9c9dec09aaa9,ÖĞLEN,5,true,true,2026-08-02T00:00:00Z,5750,3369,Zemberek master-dictionary + FrequencyWords tr_50k
2475c43b-89dd-53aa-910c-d4d6cf177896,ÖĞREK,5,true,false,2026-08-02T00:00:00Z,,,Zemberek master-dictionary + FrequencyWords tr_50k
7d5695c8-1fdc-5215-bae1-8a36fec189d7,ÜCRET,5,true,true,2026-08-02T00:00:00Z,2645,6797,Zemberek master-dictionary + FrequencyWords tr_50k
7a112e9b-b683-5c5e-a652-c73f05a667e5,ÜDEBA,5,true,false,2026-08-02T00:00:00Z,,,Zemberek master-dictionary + FrequencyWords tr_50k
2a2c8cdb-021e-5d6f-8c5c-3f91984efee0,ÜFLEÇ,5,true,false,2026-08-02T00:00:00Z,,,Zemberek master-dictionary + FrequencyWords tr_50k
a463a97f-9697-53e6-8cd2-d3029b662b6a,ÜLFET,5,true,false,2026-08-02T00:00:00Z,,,Zemberek master-dictionary + FrequencyWords tr_50k
8659e531-f3e0-5247-91de-de830fc4e351,ÜLGER,5,true,false,2026-08-02T00:00:00Z,,,Zemberek master-dictionary + FrequencyWords tr_50k
297b1cb5-55ea-5675-b28e-05f7907a9aa9,ÜLSER,5,true,true,2026-08-02T00:00:00Z,303,38455,Zemberek master-dictionary + FrequencyWords tr_50k
481346be-b365-595d-95ee-1f066dadb741,ÜMERA,5,true,false,2026-08-02T00:00:00Z,,,Zemberek master-dictionary + FrequencyWords tr_50k
7366b504-b676-5bbc-97a9-2f5cdde1ad11,ÜMMET,5,true,false,2026-08-02T00:00:00Z,,,Zemberek master-dictionary + FrequencyWords tr_50k
5145cea7-71c4-540e-b31f-be85822aa389,ÜMRAN,5,true,false,2026-08-02T00:00:00Z,,,Zemberek master-dictionary + FrequencyWords tr_50k
5ca29be1-460b-57ac-b302-36f60b6069c0,ÜNDEŞ,5,true,false,2026-08-02T00:00:00Z,,,Zemberek master-dictionary + FrequencyWords tr_50k
1657dca1-d41d-5a18-a3e0-4780f7380b6c,ÜNLEM,5,true,false,2026-08-02T00:00:00Z,,,Zemberek master-dictionary + FrequencyWords tr_50k
99bdeb39-5302-526b-b263-b5539381a617,ÜNİTE,5,true,true,2026-08-02T00:00:00Z,1046,14819,Zemberek master-dictionary + FrequencyWords tr_50k
37776347-274c-5047-897b-5096b3f2a0c1,ÜREMİ,5,true,false,2026-08-02T00:00:00Z,,,Zemberek master-dictionary + FrequencyWords tr_50k
45e5a4f7-50f3-5c43-a0c4-28a9e228095d,ÜRKEK,5,true,true,2026-08-02T00:00:00Z,470,27754,Zemberek master-dictionary + FrequencyWords tr_50k
29759bbe-714b-5acc-b383-d29e857f3ce0,ÜRYAN,5,true,false,2026-08-02T00:00:00Z,,,Zemberek master-dictionary + FrequencyWords tr_50k
4f154af7-ac17-5a1c-af2f-76b6954efb43,ÜSERA,5,true,false,2026-08-02T00:00:00Z,,,Zemberek master-dictionary + FrequencyWords tr_50k
0fbcda11-fd06-56cd-a6cb-95bf708ee438,ÜSKÜF,5,true,false,2026-08-02T00:00:00Z,,,Zemberek master-dictionary + FrequencyWords tr_50k
d2854092-f745-5e3a-81fe-b8f457eeeb9f,ÜSLUP,5,true,false,2026-08-02T00:00:00Z,,,Zemberek master-dictionary + FrequencyWords tr_50k
8c50f062-401c-560b-93f1-08222d647966,ÜSTAT,5,true,false,2026-08-02T00:00:00Z,1163,13562,Zemberek master-dictionary + FrequencyWords tr_50k
69b61ea2-22ef-5615-b872-538632c40968,ÜSTEL,5,true,false,2026-08-02T00:00:00Z,,,Zemberek master-dictionary + FrequencyWords tr_50k
968d56d1-f1e1-58c2-b388-c3dee60d8650,ÜSTÜN,5,true,true,2026-08-02T00:00:00Z,4821,3974,Zemberek master-dictionary + FrequencyWords tr_50k
7cd65f62-ca2a-553f-ba6e-1ce9701c77f6,ÜTMEK,5,true,false,2026-08-02T00:00:00Z,,,Zemberek master-dictionary + FrequencyWords tr_50k
09d3a64e-7e9f-59db-94be-dd64d0dcbc87,ÜZERE,5,true,false,2026-08-02T00:00:00Z,31887,654,Zemberek master-dictionary + FrequencyWords tr_50k
c632d763-389e-5592-bd05-6353197cd2a8,ÜZERİ,5,true,true,2026-08-02T00:00:00Z,1055,14695,Zemberek master-dictionary + FrequencyWords tr_50k
1a6dd8ad-bf47-533a-b816-d481ed302ebb,ÜZGÜN,5,true,true,2026-08-02T00:00:00Z,14478,1382,Zemberek master-dictionary + FrequencyWords tr_50k
f447bc1f-2d4e-50ce-8569-184b2311d66e,ÜZMEK,5,true,false,2026-08-02T00:00:00Z,1106,14150,Zemberek master-dictionary + FrequencyWords tr_50k
40e17ca1-910f-5b2b-80f2-a4399e7481ca,ÜZÜNÇ,5,true,false,2026-08-02T00:00:00Z,,,Zemberek master-dictionary + FrequencyWords tr_50k
d5001552-d4a6-520e-9213-fe0f8ffbadc8,ÜÇGEN,5,true,true,2026-08-02T00:00:00Z,703,20389,Zemberek master-dictionary + FrequencyWords tr_50k
99f145fd-3f2e-522c-b9a8-a10fc0e6615f,ÜÇGÜL,5,true,false,2026-08-02T00:00:00Z,,,Zemberek master-dictionary + FrequencyWords tr_50k
2ca0064a-977d-56b7-8880-a198a0ebddf1,ÜÇLER,5,true,false,2026-08-02T00:00:00Z,,,Zemberek master-dictionary + FrequencyWords tr_50k
7b2371b2-155c-5a9b-a573-d1a192f2ef3d,ÜÇTAŞ,5,true,false,2026-08-02T00:00:00Z,,,Zemberek master-dictionary + FrequencyWords tr_50k
c76530f6-d660-5097-9aed-2e733553eff9,ÜĞRÜM,5,true,false,2026-08-02T00:00:00Z,,,Zemberek master-dictionary + FrequencyWords tr_50k
b871bb58-3c29-54ad-9d35-ef3a9dc8faff,ÜŞENÇ,5,true,false,2026-08-02T00:00:00Z,,,Zemberek master-dictionary + FrequencyWords tr_50k
2bc792d0-56ce-5408-868e-b3fd6f47ef15,ÜŞMEK,5,true,false,2026-08-02T00:00:00Z,,,Zemberek master-dictionary + FrequencyWords tr_50k
018df8e0-76b7-5502-a305-7fdca4cbfb7c,İBARE,5,true,false,2026-08-02T00:00:00Z,,,Zemberek master-dictionary + FrequencyWords tr_50k
b6424489-974c-52ca-940f-6b3ec6abb58d,İBATE,5,true,false,2026-08-02T00:00:00Z,,,Zemberek master-dictionary + FrequencyWords tr_50k
bcef528b-1519-5c28-ba36-9b4b9c68efc4,İBLİS,5,true,true,2026-08-02T00:00:00Z,2488,7159,Zemberek master-dictionary + FrequencyWords tr_50k
17f9aaf4-144a-5a54-b0f6-0ebae318d323,İBRAZ,5,true,false,2026-08-02T00:00:00Z,,,Zemberek master-dictionary + FrequencyWords tr_50k
518727ec-72d4-570c-853a-d947d8b2335d,İBRET,5,true,true,2026-08-02T00:00:00Z,296,39195,Zemberek master-dictionary + FrequencyWords tr_50k
3d57b6ec-ca2e-5360-9d50-3f1633a95cd0,İBRİK,5,true,false,2026-08-02T00:00:00Z,,,Zemberek master-dictionary + FrequencyWords tr_50k
68940800-6a74-5fcc-8b55-204953b793f0,İBZAL,5,true,false,2026-08-02T00:00:00Z,,,Zemberek master-dictionary + FrequencyWords tr_50k
d31b7a10-186f-5fa9-84cd-54b214d8e550,İCBAR,5,true,false,2026-08-02T00:00:00Z,,,Zemberek master-dictionary + FrequencyWords tr_50k
d4dd21cd-3b42-56f9-a2ea-e8cb5634c656,İCMAL,5,true,false,2026-08-02T00:00:00Z,,,Zemberek master-dictionary + FrequencyWords tr_50k
f93854e8-5888-5019-a761-6c689d0b8bf3,İDARE,5,true,true,2026-08-02T00:00:00Z,10723,1835,Zemberek master-dictionary + FrequencyWords tr_50k
b3a6eff6-5a21-5db8-b8f1-df68d8825fcb,İDDİA,5,true,true,2026-08-02T00:00:00Z,8318,2357,Zemberek master-dictionary + FrequencyWords tr_50k
ab27a59d-0192-51d3-8d15-f5c2166d1a24,İDEAL,5,true,true,2026-08-02T00:00:00Z,1602,10426,Zemberek master-dictionary + FrequencyWords tr_50k
61c4978c-8d52-59a2-b978-5f9dbb389059,İDMAN,5,true,true,2026-08-02T00:00:00Z,504,26310,Zemberek master-dictionary + FrequencyWords tr_50k
6288f3c4-0ab9-522c-92f6-122e0d1b21aa,İDRAK,5,true,true,2026-08-02T00:00:00Z,705,20359,Zemberek master-dictionary + FrequencyWords tr_50k
fde1957e-a152-530a-81fc-081007f5a7dc,İDRAR,5,true,true,2026-08-02T00:00:00Z,1119,14026,Zemberek master-dictionary + FrequencyWords tr_50k
d2f81b8e-8627-5e4c-b752-2ea7d60cd40a,İFADE,5,true,true,2026-08-02T00:00:00Z,19001,1058,Zemberek master-dictionary + FrequencyWords tr_50k
88877f81-eb4b-5a50-870d-b1c336e38df1,İFFET,5,true,false,2026-08-02T00:00:00Z,,,Zemberek master-dictionary + FrequencyWords tr_50k
168ce418-c76b-5004-aa05-61e3a9bc388f,İFHAM,5,true,false,2026-08-02T00:00:00Z,,,Zemberek master-dictionary + FrequencyWords tr_50k
fddd6884-2d12-5073-b54d-a9e003bc85a3,İFRAT,5,true,false,2026-08-02T00:00:00Z,,,Zemberek master-dictionary + FrequencyWords tr_50k
16367049-b020-5264-b187-0bc7bc379007,İFRAZ,5,true,false,2026-08-02T00:00:00Z,,,Zemberek master-dictionary + FrequencyWords tr_50k
09598b78-9149-52b2-8437-7bb4e074cbac,İFRAĞ,5,true,false,2026-08-02T00:00:00Z,,,Zemberek master-dictionary + FrequencyWords tr_50k
70e189c0-e2b0-5d41-bce8-7484ede05bec,İFRİT,5,true,false,2026-08-02T00:00:00Z,,,Zemberek master-dictionary + FrequencyWords tr_50k
036460d3-a44d-59ac-bacb-7cb5d8f75137,İFSAT,5,true,false,2026-08-02T00:00:00Z,,,Zemberek master-dictionary + FrequencyWords tr_50k
8da5a51c-5bbc-5b30-a35a-df1d12ddbae4,İFTAR,5,true,false,2026-08-02T00:00:00Z,,,Zemberek master-dictionary + FrequencyWords tr_50k
4406f1f4-8b99-52d0-889c-457c3daaf9ef,İHALE,5,true,false,2026-08-02T00:00:00Z,,,Zemberek master-dictionary + FrequencyWords tr_50k
15ea8fbe-e065-565e-b2f1-a452dfcbf01d,İHATA,5,true,false,2026-08-02T00:00:00Z,,,Zemberek master-dictionary + FrequencyWords tr_50k
f64264a3-4142-538c-916b-37deade8cd52,İHBAR,5,true,true,2026-08-02T00:00:00Z,3850,4835,Zemberek master-dictionary + FrequencyWords tr_50k
f99e37c2-6edd-5175-853f-e8d33a520884,İHDAS,5,true,false,2026-08-02T00:00:00Z,,,Zemberek master-dictionary + FrequencyWords tr_50k
f1a2ac89-d106-5da6-848f-efa3d8bce32f,İHMAL,5,true,true,2026-08-02T00:00:00Z,1925,8902,Zemberek master-dictionary + FrequencyWords tr_50k
1a05ff8d-8545-5bb8-990a-f89ea8dc60b1,İHRAM,5,true,false,2026-08-02T00:00:00Z,,,Zemberek master-dictionary + FrequencyWords tr_50k
20aaa39b-8ca5-53f9-85b6-c14a64235133,İHRAZ,5,true,false,2026-08-02T00:00:00Z,,,Zemberek master-dictionary + FrequencyWords tr_50k
80c10e3f-3cde-5ca6-8602-b506c478cc6c,İHRAÇ,5,true,true,2026-08-02T00:00:00Z,425,29985,Zemberek master-dictionary + FrequencyWords tr_50k
988ecea9-66ef-5661-954d-b955d5645ad0,İHSAN,5,true,false,2026-08-02T00:00:00Z,,,Zemberek master-dictionary + FrequencyWords tr_50k
69946519-b34d-5995-95ef-f1f38fd0253d,İHSAS,5,true,false,2026-08-02T00:00:00Z,,,Zemberek master-dictionary + FrequencyWords tr_50k
a7183c34-3250-539c-b78b-163c07505ae5,İHTAR,5,true,false,2026-08-02T00:00:00Z,,,Zemberek master-dictionary + FrequencyWords tr_50k
8ae6c18c-055d-53ef-a892-5cf914c580e8,İHVAN,5,true,false,2026-08-02T00:00:00Z,,,Zemberek master-dictionary + FrequencyWords tr_50k
92974c17-57d2-5378-9fb4-b8e5a83f67da,İHZAR,5,true,false,2026-08-02T00:00:00Z,,,Zemberek master-dictionary + FrequencyWords tr_50k
ae3efa61-a3eb-5e06-90af-e19a74beb471,İKAME,5,true,false,2026-08-02T00:00:00Z,,,Zemberek master-dictionary + FrequencyWords tr_50k
ee864f29-12ac-51f2-a28e-4683831dc3a4,İKBAL,5,true,false,2026-08-02T00:00:00Z,,,Zemberek master-dictionary + FrequencyWords tr_50k
2493f921-c4a6-576b-b20c-6f3b5f62f56d,İKDAM,5,true,false,2026-08-02T00:00:00Z,,,Zemberek master-dictionary + FrequencyWords tr_50k
57b6a246-c7a7-5443-aa03-6f9de88d718a,İKLİM,5,true,true,2026-08-02T00:00:00Z,577,23711,Zemberek master-dictionary + FrequencyWords tr_50k
dacaa09b-e444-5fde-9526-35015dc19a69,İKMAL,5,true,true,2026-08-02T00:00:00Z,332,35983,Zemberek master-dictionary + FrequencyWords tr_50k
ad2c3671-d881-52d2-9bad-a7755d635668,İKONA,5,true,false,2026-08-02T00:00:00Z,,,Zemberek master-dictionary + FrequencyWords tr_50k
e5d6c66c-0875-5596-a285-f5264a00c2f1,İKRAH,5,true,false,2026-08-02T00:00:00Z,,,Zemberek master-dictionary + FrequencyWords tr_50k
bd9737e2-1228-5367-be14-82a5a1fef268,İKRAM,5,true,true,2026-08-02T00:00:00Z,2557,7006,Zemberek master-dictionary + FrequencyWords tr_50k
ec318f6d-106f-5f52-bcb2-9610c419683a,İKRAR,5,true,false,2026-08-02T00:00:00Z,,,Zemberek master-dictionary + FrequencyWords tr_50k
8cfa8ae7-e269-55be-af69-2e84e4e73ea2,İKRAZ,5,true,false,2026-08-02T00:00:00Z,,,Zemberek master-dictionary + FrequencyWords tr_50k
51659bdd-1201-59e3-9e45-fe17e67cbcf5,İKSİR,5,true,true,2026-08-02T00:00:00Z,748,19432,Zemberek master-dictionary + FrequencyWords tr_50k
7b9f6164-06ab-526b-b096-aa868449c06a,İLBAY,5,true,false,2026-08-02T00:00:00Z,,,Zemberek master-dictionary + FrequencyWords tr_50k
bfedb379-317b-5b0c-b178-f1915f60cc36,İLENÇ,5,true,false,2026-08-02T00:00:00Z,,,Zemberek master-dictionary + FrequencyWords tr_50k
2bb4212e-63aa-5820-a9ba-95704e6ec57f,İLERİ,5,true,false,2026-08-02T00:00:00Z,12906,1543,Zemberek master-dictionary + FrequencyWords tr_50k
87d83b66-d59c-55c2-aa0a-36eed7c631a2,İLETİ,5,true,false,2026-08-02T00:00:00Z,241,45446,Zemberek master-dictionary + FrequencyWords tr_50k
ab52a63b-269d-59cf-b2ea-5974b9ad2414,İLGEÇ,5,true,false,2026-08-02T00:00:00Z,,,Zemberek master-dictionary + FrequencyWords tr_50k
34ae1729-9957-53d9-a90a-ec6ce3444648,İLHAK,5,true,false,2026-08-02T00:00:00Z,,,Zemberek master-dictionary + FrequencyWords tr_50k
68182d18-8d27-5042-a319-f6868db2bc3a,İLHAM,5,true,true,2026-08-02T00:00:00Z,4679,4075,Zemberek master-dictionary + FrequencyWords tr_50k
f5cc5c0e-e2cd-57d2-a65b-ad740faff4da,İLHAN,5,true,false,2026-08-02T00:00:00Z,,,Zemberek master-dictionary + FrequencyWords tr_50k
58784210-fa82-5e1d-8101-1b9d6d73998e,İLKAH,5,true,false,2026-08-02T00:00:00Z,,,Zemberek master-dictionary + FrequencyWords tr_50k
3249f87b-4ab8-5746-a740-82cca6bb1ba9,İLKEL,5,true,true,2026-08-02T00:00:00Z,1591,10493,Zemberek master-dictionary + FrequencyWords tr_50k
d39a9c59-505f-53b6-95d3-965fb113449b,İLKİN,5,true,false,2026-08-02T00:00:00Z,,,Zemberek master-dictionary + FrequencyWords tr_50k
61566f94-8a0c-55c9-93b7-d6e85a1291e1,İLLET,5,true,false,2026-08-02T00:00:00Z,,,Zemberek master-dictionary + FrequencyWords tr_50k
8f457ed8-ed6c-56d5-96c0-16911d69d1fc,İLMEK,5,true,false,2026-08-02T00:00:00Z,,,Zemberek master-dictionary + FrequencyWords tr_50k
a6fe0ca0-27f4-528e-9d47-99ceac122c0a,İLMİK,5,true,false,2026-08-02T00:00:00Z,,,Zemberek master-dictionary + FrequencyWords tr_50k
4b9d15f9-7a16-59ff-8ad7-a5797a6eea1f,İLZAM,5,true,false,2026-08-02T00:00:00Z,,,Zemberek master-dictionary + FrequencyWords tr_50k
95081930-387d-5a80-b7be-0defbd668767,İMALE,5,true,false,2026-08-02T00:00:00Z,,,Zemberek master-dictionary + FrequencyWords tr_50k
ae794763-d490-562d-ae76-81b583f202be,İMAME,5,true,false,2026-08-02T00:00:00Z,,,Zemberek master-dictionary + FrequencyWords tr_50k
50759e27-5eb9-52ce-bca0-d5dbcb002283,İMBAT,5,true,false,2026-08-02T00:00:00Z,,,Zemberek master-dictionary + FrequencyWords tr_50k
d89f091d-e13d-586e-a7de-d899e0fd9c41,İMBİK,5,true,false,2026-08-02T00:00:00Z,,,Zemberek master-dictionary + FrequencyWords tr_50k
6f53cf40-ef0a-5f8d-ab33-606ee4ed0e53,İMDAT,5,true,false,2026-08-02T00:00:00Z,945,16076,Zemberek master-dictionary + FrequencyWords tr_50k
7f81baff-ac2e-53f3-96fc-ae0f4cebfbd5,İMECE,5,true,false,2026-08-02T00:00:00Z,,,Zemberek master-dictionary + FrequencyWords tr_50k
41b2cdc6-5f96-5f3f-98b0-a8dcbcef19e0,İMLEK,5,true,false,2026-08-02T00:00:00Z,,,Zemberek master-dictionary + FrequencyWords tr_50k
a233598c-4ab0-5d4e-ad1a-8c4944fbeef5,İMLEÇ,5,true,false,2026-08-02T00:00:00Z,,,Zemberek master-dictionary + FrequencyWords tr_50k
91ae703c-9547-5f2d-b368-280f2b563155,İMREN,5,true,false,2026-08-02T00:00:00Z,,,Zemberek master-dictionary + FrequencyWords tr_50k
ce7d2edf-6c84-51cb-908d-c7bd2ca6e2d2,İMSAK,5,true,false,2026-08-02T00:00:00Z,,,Zemberek master-dictionary + FrequencyWords tr_50k
29a0c3a6-c30d-50fd-99df-d52ae289cb1b,İNANÇ,5,true,true,2026-08-02T00:00:00Z,2016,8570,Zemberek master-dictionary + FrequencyWords tr_50k
fb9cd873-e815-5727-8c1a-14542e0c4961,İNCİK,5,true,false,2026-08-02T00:00:00Z,,,Zemberek master-dictionary + FrequencyWords tr_50k
cdc941e0-04db-5fa6-81c7-e58f0c003e7c,İNCİR,5,true,true,2026-08-02T00:00:00Z,332,36018,Zemberek master-dictionary + FrequencyWords tr_50k
b5409e83-e34d-51ca-800c-3f9373b7498f,İNDİS,5,true,false,2026-08-02T00:00:00Z,,,Zemberek master-dictionary + FrequencyWords tr_50k
669c52a5-85af-5c74-815e-5d33f25a9f57,İNFAK,5,true,false,2026-08-02T00:00:00Z,,,Zemberek master-dictionary + FrequencyWords tr_50k
7d4521df-5d6e-5bc7-9b80-2a0755b9483d,İNFAZ,5,true,true,2026-08-02T00:00:00Z,1628,10289,Zemberek master-dictionary + FrequencyWords tr_50k
66defc27-12da-575a-8488-2ab7d428318d,İNGİN,5,true,false,2026-08-02T00:00:00Z,,,Zemberek master-dictionary + FrequencyWords tr_50k
e9f5e288-c677-5040-bde5-aff179697ac8,İNMEK,5,true,false,2026-08-02T00:00:00Z,1453,11321,Zemberek master-dictionary + FrequencyWords tr_50k
c915811c-0b08-50c7-86fc-2c6d621e4ee7,İNSAF,5,true,false,2026-08-02T00:00:00Z,,,Zemberek master-dictionary + FrequencyWords tr_50k
e232e16a-29c4-5bc9-8bcb-c2e4b3b8a7c8,İNSAN,5,true,true,2026-08-02T00:00:00Z,67321,324,Zemberek master-dictionary + FrequencyWords tr_50k
cb18b907-b13f-579d-9144-4b2ca520e71d,İNTAK,5,true,false,2026-08-02T00:00:00Z,,,Zemberek master-dictionary + FrequencyWords tr_50k
e92a16a8-4dab-586d-8d58-ee6caec461c3,İNTAN,5,true,false,2026-08-02T00:00:00Z,,,Zemberek master-dictionary + FrequencyWords tr_50k
fcb27010-0a35-5b8c-b7db-654b535b1c6a,İNTAÇ,5,true,false,2026-08-02T00:00:00Z,,,Zemberek master-dictionary + FrequencyWords tr_50k
e0f336b7-d34f-5817-8efc-72a9ab4ac5e2,İNZAL,5,true,false,2026-08-02T00:00:00Z,,,Zemberek master-dictionary + FrequencyWords tr_50k
146c0f09-0d05-5fcd-9d08-23fe89cc6711,İNŞAT,5,true,false,2026-08-02T00:00:00Z,,,Zemberek master-dictionary + FrequencyWords tr_50k
f353e18c-d45f-5358-abc4-eab2cc41f821,İPEKA,5,true,false,2026-08-02T00:00:00Z,,,Zemberek master-dictionary + FrequencyWords tr_50k
20cf08a0-c3a8-52d5-a0e1-4e6aa7b36897,İPHAM,5,true,false,2026-08-02T00:00:00Z,,,Zemberek master-dictionary + FrequencyWords tr_50k
009f0e41-2a99-5646-a927-b45b52b2f859,İPLİK,5,true,true,2026-08-02T00:00:00Z,610,22764,Zemberek master-dictionary + FrequencyWords tr_50k
76b9ff7f-466a-561b-a2a5-ff8e8e1ab167,İPNOZ,5,true,false,2026-08-02T00:00:00Z,,,Zemberek master-dictionary + FrequencyWords tr_50k
1e7da2ae-10be-5e2f-ae0c-8739b63b0f96,İPSİZ,5,true,false,2026-08-02T00:00:00Z,,,Zemberek master-dictionary + FrequencyWords tr_50k
b20cd34c-5a88-5788-a4c8-c4755ccb6e69,İPTAL,5,true,true,2026-08-02T00:00:00Z,13654,1464,Zemberek master-dictionary + FrequencyWords tr_50k
716e741f-0d13-524b-872b-eb331b194ec3,İPUCU,5,true,true,2026-08-02T00:00:00Z,6845,2862,Zemberek master-dictionary + FrequencyWords tr_50k
b9d709d2-fc6d-50ef-bfa1-1d38d17fec34,İRADE,5,true,true,2026-08-02T00:00:00Z,581,23607,Zemberek master-dictionary + FrequencyWords tr_50k
f9ec3d1c-c4f2-59ad-90fe-1067f39bd1df,İRFAN,5,true,false,2026-08-02T00:00:00Z,,,Zemberek master-dictionary + FrequencyWords tr_50k
3109fe39-644d-51c5-831c-dad8073c3e37,İRMEK,5,true,false,2026-08-02T00:00:00Z,,,Zemberek master-dictionary + FrequencyWords tr_50k
776d26c4-b5b5-574a-8858-ac24e7bd2f9f,İRMİK,5,true,false,2026-08-02T00:00:00Z,,,Zemberek master-dictionary + FrequencyWords tr_50k
4b079d0a-d9e8-5a9e-afcd-25e3572410f6,İRONİ,5,true,true,2026-08-02T00:00:00Z,355,34257,Zemberek master-dictionary + FrequencyWords tr_50k
94745cfc-47d4-5888-b7c4-06b7057b20fd,İRSAL,5,true,false,2026-08-02T00:00:00Z,,,Zemberek master-dictionary + FrequencyWords tr_50k
454f3708-84ac-5a72-b75d-ef5cb7a4dc3d,İRSEN,5,true,false,2026-08-02T00:00:00Z,,,Zemberek master-dictionary + FrequencyWords tr_50k
39afd13d-5e50-5805-ab66-bc1ec25a8a8f,İRİTE,5,true,false,2026-08-02T00:00:00Z,,,Zemberek master-dictionary + FrequencyWords tr_50k
fa464476-c5ea-5766-8768-fd139ea0c635,İRŞAT,5,true,false,2026-08-02T00:00:00Z,,,Zemberek master-dictionary + FrequencyWords tr_50k
fa2fdab5-25be-51ff-a9f9-4508b53ba5ac,İSALE,5,true,false,2026-08-02T00:00:00Z,,,Zemberek master-dictionary + FrequencyWords tr_50k
fe8cc617-8456-5f3d-8302-05d9a37125d1,İSHAL,5,true,true,2026-08-02T00:00:00Z,545,24776,Zemberek master-dictionary + FrequencyWords tr_50k
1c4ef6a1-2542-59db-ac72-bd9422052337,İSLİM,5,true,false,2026-08-02T00:00:00Z,,,Zemberek master-dictionary + FrequencyWords tr_50k
7eb916ab-5ed0-53d1-a720-d471ec0cd1e2,İSMEN,5,true,false,2026-08-02T00:00:00Z,,,Zemberek master-dictionary + FrequencyWords tr_50k
03d0a79f-d379-546e-830f-5787477e943d,İSMET,5,true,false,2026-08-02T00:00:00Z,,,Zemberek master-dictionary + FrequencyWords tr_50k
d7fb9e48-796f-58e4-9cc6-659b96ec2ec8,İSNAT,5,true,false,2026-08-02T00:00:00Z,,,Zemberek master-dictionary + FrequencyWords tr_50k
9cf142ed-3cf7-596b-9694-091c9d7095f2,İSPAT,5,true,true,2026-08-02T00:00:00Z,1746,9704,Zemberek master-dictionary + FrequencyWords tr_50k
93ed0811-0979-5c03-be70-fd9911c08a1f,İSPİR,5,true,false,2026-08-02T00:00:00Z,,,Zemberek master-dictionary + FrequencyWords tr_50k
4b7b4d60-e66a-55ca-b7fa-84c61f7b0ef3,İSPİT,5,true,false,2026-08-02T00:00:00Z,,,Zemberek master-dictionary + FrequencyWords tr_50k
6604036a-b99a-520f-83d3-e300294e937e,İSRAF,5,true,true,2026-08-02T00:00:00Z,696,20534,Zemberek master-dictionary + FrequencyWords tr_50k
aab70371-f0c3-5130-95e4-a8c6dd84123c,İSTEK,5,true,true,2026-08-02T00:00:00Z,1630,10273,Zemberek master-dictionary + FrequencyWords tr_50k
9b3a8341-8cc7-50e2-b334-3453276a2425,İSTEM,5,true,false,2026-08-02T00:00:00Z,,,Zemberek master-dictionary + FrequencyWords tr_50k
333670b6-72fc-5347-a9ec-9d1f1e54ec34,İSTER,5,true,false,2026-08-02T00:00:00Z,109106,212,Zemberek master-dictionary + FrequencyWords tr_50k
7501fabc-6382-536c-b8bd-208e1aa7fb37,İSTOP,5,true,false,2026-08-02T00:00:00Z,,,Zemberek master-dictionary + FrequencyWords tr_50k
e2425a74-2e5c-59cc-8346-5e2f2964b76e,İSTİF,5,true,false,2026-08-02T00:00:00Z,,,Zemberek master-dictionary + FrequencyWords tr_50k
da352bbb-2ce4-54f4-bf5b-7c5862046ee1,İSTİM,5,true,false,2026-08-02T00:00:00Z,,,Zemberek master-dictionary + FrequencyWords tr_50k
925e8eac-a1b8-5d17-a273-fca239d9a886,İSYAN,5,true,true,2026-08-02T00:00:00Z,1949,8827,Zemberek master-dictionary + FrequencyWords tr_50k
b5666bf5-8739-5875-858e-31d615098970,İTAAT,5,true,true,2026-08-02T00:00:00Z,2594,6916,Zemberek master-dictionary + FrequencyWords tr_50k
adb94a06-9ea5-50a5-9936-9b4a860fdce0,İTEĞİ,5,true,false,2026-08-02T00:00:00Z,,,Zemberek master-dictionary + FrequencyWords tr_50k
3cdb0335-b918-5cd0-add3-cccc64e07888,İTHAF,5,true,true,2026-08-02T00:00:00Z,510,26061,Zemberek master-dictionary + FrequencyWords tr_50k
3d9559f8-ceca-59c6-a731-ba586e4f667e,İTHAL,5,true,true,2026-08-02T00:00:00Z,601,23022,Zemberek master-dictionary + FrequencyWords tr_50k
de29308e-a7a0-5ba1-a9c4-443b281c099c,İTHAM,5,true,true,2026-08-02T00:00:00Z,800,18416,Zemberek master-dictionary + FrequencyWords tr_50k
05aa37d4-1ac9-5b62-ad17-8132b6526dbb,İTMAM,5,true,false,2026-08-02T00:00:00Z,,,Zemberek master-dictionary + FrequencyWords tr_50k
4004c300-27eb-56f4-b84d-9a7195ac3bad,İTMEK,5,true,false,2026-08-02T00:00:00Z,353,34356,Zemberek master-dictionary + FrequencyWords tr_50k
a9770c88-47e5-5384-9d5e-6770c7cb8680,İTİNA,5,true,false,2026-08-02T00:00:00Z,,,Zemberek master-dictionary + FrequencyWords tr_50k
a0406839-f775-52cb-88f8-8b4f0def1cf3,İVEDİ,5,true,false,2026-08-02T00:00:00Z,,,Zemberek master-dictionary + FrequencyWords tr_50k
821f7189-ef7f-5d79-b637-292d0a86211a,İVESİ,5,true,false,2026-08-02T00:00:00Z,,,Zemberek master-dictionary + FrequencyWords tr_50k
9bf80439-42e6-54b6-9c64-cfe176f89761,İVMEK,5,true,false,2026-08-02T00:00:00Z,,,Zemberek master-dictionary + FrequencyWords tr_50k
b1c35816-b0be-518e-8891-402a9d9e8052,İZABE,5,true,false,2026-08-02T00:00:00Z,,,Zemberek master-dictionary + FrequencyWords tr_50k
9fa10c9e-f123-545e-aa8e-43d1ec0d893e,İZAFE,5,true,false,2026-08-02T00:00:00Z,,,Zemberek master-dictionary + FrequencyWords tr_50k
50bb13e0-778c-5fe6-bc2a-2e7766c626c7,İZALE,5,true,false,2026-08-02T00:00:00Z,,,Zemberek master-dictionary + FrequencyWords tr_50k
90b36677-24c6-54d9-a9c6-a07dee4feb94,İZHAR,5,true,false,2026-08-02T00:00:00Z,,,Zemberek master-dictionary + FrequencyWords tr_50k
e87be5f6-7b32-5dc9-8d3d-d1a361e059c9,İZLEK,5,true,false,2026-08-02T00:00:00Z,,,Zemberek master-dictionary + FrequencyWords tr_50k
b50babed-35bc-5f82-a8fb-56dbe91a81ae,İZLEM,5,true,false,2026-08-02T00:00:00Z,,,Zemberek master-dictionary + FrequencyWords tr_50k
fd525da0-2967-5b8b-932d-60f0d1608f98,İZOLE,5,true,true,2026-08-02T00:00:00Z,1090,14333,Zemberek master-dictionary + FrequencyWords tr_50k
f07070a4-62a4-5eb6-b035-c3b521218910,İZZET,5,true,false,2026-08-02T00:00:00Z,,,Zemberek master-dictionary + FrequencyWords tr_50k
3ef8a93e-675d-5d07-87b7-fc9481cd3bc9,İÇERİ,5,true,false,2026-08-02T00:00:00Z,45881,462,Zemberek master-dictionary + FrequencyWords tr_50k
2bca7095-786c-5f0d-ac8f-d936595e4c67,İÇKİN,5,true,false,2026-08-02T00:00:00Z,,,Zemberek master-dictionary + FrequencyWords tr_50k
45a1db0b-ca1b-51aa-adb5-8f1734bd119c,İÇLEM,5,true,false,2026-08-02T00:00:00Z,,,Zemberek master-dictionary + FrequencyWords tr_50k
93354172-445b-5f9b-bdf4-2d63b9ecbff9,İÇMEK,5,true,false,2026-08-02T00:00:00Z,8210,2391,Zemberek master-dictionary + FrequencyWords tr_50k
154b719f-2961-515e-b859-b2a4a77e67e0,İÇREK,5,true,false,2026-08-02T00:00:00Z,,,Zemberek master-dictionary + FrequencyWords tr_50k
b0c6070d-e954-58d6-b239-2a1528a87759,İÇTEN,5,true,true,2026-08-02T00:00:00Z,3333,5537,Zemberek master-dictionary + FrequencyWords tr_50k
bbc18c95-4785-5587-b08c-003c6fad3803,İÇYÜZ,5,true,false,2026-08-02T00:00:00Z,,,Zemberek master-dictionary + FrequencyWords tr_50k
be4a4650-bc6d-5e38-a348-971e96945fb1,İÇİİŞ,5,true,false,2026-08-02T00:00:00Z,,,Zemberek master-dictionary + FrequencyWords tr_50k
27f2dea3-c280-5b90-91aa-c2198c757077,İĞDİŞ,5,true,false,2026-08-02T00:00:00Z,,,Zemberek master-dictionary + FrequencyWords tr_50k
7f00bc5f-df45-576c-982a-e93e9377f952,İĞFAL,5,true,false,2026-08-02T00:00:00Z,,,Zemberek master-dictionary + FrequencyWords tr_50k
030b79ac-f983-51a1-855e-e0f003eedf79,İŞGAL,5,true,false,2026-08-02T00:00:00Z,2450,7274,Zemberek master-dictionary + FrequencyWords tr_50k
33baa956-2fbf-5e11-9fb5-c637bd88071d,İŞKİL,5,true,false,2026-08-02T00:00:00Z,,,Zemberek master-dictionary + FrequencyWords tr_50k
632c1fa2-0204-5993-afc4-c0f0abf2cf7b,İŞLEK,5,true,false,2026-08-02T00:00:00Z,,,Zemberek master-dictionary + FrequencyWords tr_50k
501e5ced-f57e-5def-bba5-874b7781faea,İŞLEM,5,true,true,2026-08-02T00:00:00Z,2053,8424,Zemberek master-dictionary + FrequencyWords tr_50k
253b4b00-3093-5acc-b3bd-6ff1db8e62df,İŞLEV,5,true,false,2026-08-02T00:00:00Z,213,49593,Zemberek master-dictionary + FrequencyWords tr_50k
eb423fc2-596b-50f8-8627-7cafab3eba31,İŞLİK,5,true,false,2026-08-02T00:00:00Z,,,Zemberek master-dictionary + FrequencyWords tr_50k
3224ef7c-58f3-5a8d-99b8-dfc313aab5e8,İŞMAR,5,true,false,2026-08-02T00:00:00Z,,,Zemberek master-dictionary + FrequencyWords tr_50k
8e0d6497-e912-5cda-970e-2fd64f17501e,İŞRET,5,true,false,2026-08-02T00:00:00Z,,,Zemberek master-dictionary + FrequencyWords tr_50k
b13b5000-7434-550a-8b0c-eb7457747de0,İŞTAH,5,true,true,2026-08-02T00:00:00Z,367,33416,Zemberek master-dictionary + FrequencyWords tr_50k
955b0c26-17a9-52fa-8da5-771c0a3f0744,İŞTEŞ,5,true,false,2026-08-02T00:00:00Z,,,Zemberek master-dictionary + FrequencyWords tr_50k
56296db8-4204-552d-ad51-9619992cf036,İŞYAR,5,true,false,2026-08-02T00:00:00Z,,,Zemberek master-dictionary + FrequencyWords tr_50k
f2fd9147-7448-5677-8ae4-89a638abceae,ŞABAN,5,true,true,2026-08-02T00:00:00Z,370,33245,Zemberek master-dictionary + FrequencyWords tr_50k
6e3a6b36-ef40-5e49-874b-32b6e73e1dd6,ŞAFAK,5,true,true,2026-08-02T00:00:00Z,1738,9761,Zemberek master-dictionary + FrequencyWords tr_50k
b0f84c41-cbb3-56fa-af26-ee2b7e67f5f2,ŞAFUL,5,true,false,2026-08-02T00:00:00Z,,,Zemberek master-dictionary + FrequencyWords tr_50k
84dc48e0-1a99-5c23-a824-3f9ee6b73dae,ŞAHAP,5,true,false,2026-08-02T00:00:00Z,,,Zemberek master-dictionary + FrequencyWords tr_50k
a091f79f-5155-510d-9ee6-41069e4ab283,ŞAHIM,5,true,false,2026-08-02T00:00:00Z,,,Zemberek master-dictionary + FrequencyWords tr_50k
86ab579e-6b83-5dab-b3d6-f3baf91380dd,ŞAHIS,5,true,true,2026-08-02T00:00:00Z,1034,14948,Zemberek master-dictionary + FrequencyWords tr_50k
8dba43fe-830a-59a7-8520-05c651f4d372,ŞAHNE,5,true,false,2026-08-02T00:00:00Z,,,Zemberek master-dictionary + FrequencyWords tr_50k
2aaaadfb-25de-53f2-b9e7-da4d142a1526,ŞAHSİ,5,true,true,2026-08-02T00:00:00Z,2498,7133,Zemberek master-dictionary + FrequencyWords tr_50k
fd376cf8-0c57-5b12-9365-1b50ba4b0461,ŞAHİN,5,true,true,2026-08-02T00:00:00Z,1524,10872,Zemberek master-dictionary + FrequencyWords tr_50k
2b79d0ac-9937-5e3e-9adb-09780028231a,ŞAHİT,5,true,true,2026-08-02T00:00:00Z,3766,4925,Zemberek master-dictionary + FrequencyWords tr_50k
a81c644b-f7d9-5ac1-b5bb-e5219620d0ed,ŞAKAK,5,true,false,2026-08-02T00:00:00Z,,,Zemberek master-dictionary + FrequencyWords tr_50k
2d4b14c1-9e94-57e0-a098-7d79e6b50e52,ŞAKIR,5,true,false,2026-08-02T00:00:00Z,,,Zemberek master-dictionary + FrequencyWords tr_50k
d560996d-c49c-5470-a2e6-33e218bee9d1,ŞAKUL,5,true,false,2026-08-02T00:00:00Z,,,Zemberek master-dictionary + FrequencyWords tr_50k
41b0842d-e321-5657-8237-8fca6a4f9aac,ŞALAK,5,true,false,2026-08-02T00:00:00Z,,,Zemberek master-dictionary + FrequencyWords tr_50k
36277d04-5e5c-58be-ac2a-a999f8333888,ŞAMAN,5,true,true,2026-08-02T00:00:00Z,477,27449,Zemberek master-dictionary + FrequencyWords tr_50k
0ca1c0c1-b0f6-5f9d-936e-31884c86b864,ŞAMAR,5,true,false,2026-08-02T00:00:00Z,214,49472,Zemberek master-dictionary + FrequencyWords tr_50k
9c6cae2b-5dfd-50ff-93c6-29309ecf5093,ŞAMİL,5,true,false,2026-08-02T00:00:00Z,,,Zemberek master-dictionary + FrequencyWords tr_50k
15fbce94-0f8b-5080-9284-bf854fd3f377,ŞAPEL,5,true,false,2026-08-02T00:00:00Z,,,Zemberek master-dictionary + FrequencyWords tr_50k
886304b0-535e-5769-a2a3-f7116e2e1d8c,ŞAPIR,5,true,false,2026-08-02T00:00:00Z,,,Zemberek master-dictionary + FrequencyWords tr_50k
5a26cbab-fd2a-54ca-9bbf-a7b56f87dc05,ŞAPKA,5,true,true,2026-08-02T00:00:00Z,5145,3738,Zemberek master-dictionary + FrequencyWords tr_50k
0f88d02a-d1f3-59ac-b46b-8458009fc0cb,ŞARAP,5,true,false,2026-08-02T00:00:00Z,14127,1412,Zemberek master-dictionary + FrequencyWords tr_50k
460a5fb6-772b-5ae5-9d67-f2e3b125c674,ŞARIL,5,true,false,2026-08-02T00:00:00Z,,,Zemberek master-dictionary + FrequencyWords tr_50k
6626fbb6-ef0a-5439-a5da-d951cfd0ed29,ŞARKI,5,true,true,2026-08-02T00:00:00Z,26765,767,Zemberek master-dictionary + FrequencyWords tr_50k
1af9119e-35c5-5d1a-89fe-b86aecea12b1,ŞARPİ,5,true,false,2026-08-02T00:00:00Z,,,Zemberek master-dictionary + FrequencyWords tr_50k
18356173-e650-5167-97f2-05f97ad00c79,ŞARYO,5,true,false,2026-08-02T00:00:00Z,,,Zemberek master-dictionary + FrequencyWords tr_50k
3892da50-97b0-555b-912b-f43890ff22c4,ŞATAF,5,true,false,2026-08-02T00:00:00Z,,,Zemberek master-dictionary + FrequencyWords tr_50k
d8cbfd76-a2e1-575d-882c-f6eb0787462d,ŞATIR,5,true,false,2026-08-02T00:00:00Z,,,Zemberek master-dictionary + FrequencyWords tr_50k
ea98c4f5-4772-5d44-9d0c-a3da4d041dfe,ŞAVUL,5,true,false,2026-08-02T00:00:00Z,,,Zemberek master-dictionary + FrequencyWords tr_50k
abbbbe2c-52e0-5e10-bee3-68a25f7c1d03,ŞAYAK,5,true,false,2026-08-02T00:00:00Z,,,Zemberek master-dictionary + FrequencyWords tr_50k
e7ba13e1-7a56-5d98-a24b-6eeec40a049b,ŞAYAN,5,true,true,2026-08-02T00:00:00Z,567,24031,Zemberek master-dictionary + FrequencyWords tr_50k
f89314ea-9ed4-52e2-921d-6979befdd91e,ŞAYET,5,true,true,2026-08-02T00:00:00Z,3165,5779,Zemberek master-dictionary + FrequencyWords tr_50k
fb2ffc79-cf63-50d6-a057-b33bf06aa046,ŞAYKA,5,true,false,2026-08-02T00:00:00Z,,,Zemberek master-dictionary + FrequencyWords tr_50k
7b45ba04-4e39-50db-9f9c-2bde3cbc34ad,ŞAYİA,5,true,false,2026-08-02T00:00:00Z,,,Zemberek master-dictionary + FrequencyWords tr_50k
e73fd226-ae05-56fc-b2fa-6032f211973d,ŞAİBE,5,true,false,2026-08-02T00:00:00Z,,,Zemberek master-dictionary + FrequencyWords tr_50k
91d5855d-9a7a-5c61-91f0-4d9ff0678ff4,ŞAİRE,5,true,false,2026-08-02T00:00:00Z,,,Zemberek master-dictionary + FrequencyWords tr_50k
a17ca0f0-e0c2-594e-88fc-8b23a0a008ea,ŞAŞAA,5,true,false,2026-08-02T00:00:00Z,,,Zemberek master-dictionary + FrequencyWords tr_50k
dd71be6f-6599-5a61-8de9-88fa1f3f5c5b,ŞEBEK,5,true,false,2026-08-02T00:00:00Z,,,Zemberek master-dictionary + FrequencyWords tr_50k
21613959-97cf-52d0-bed2-21447441d438,ŞEDDE,5,true,false,2026-08-02T00:00:00Z,,,Zemberek master-dictionary + FrequencyWords tr_50k
082d0ae1-f47f-5793-a2cc-b3ea0728de5c,ŞEDİT,5,true,false,2026-08-02T00:00:00Z,,,Zemberek master-dictionary + FrequencyWords tr_50k
63c13362-db72-5366-9434-7897dd7c066d,ŞEFİK,5,true,false,2026-08-02T00:00:00Z,,,Zemberek master-dictionary + FrequencyWords tr_50k
ae1c4534-7025-5a49-88fe-01639e591d31,ŞEHİR,5,true,true,2026-08-02T00:00:00Z,20907,975,Zemberek master-dictionary + FrequencyWords tr_50k
fdbbb4fd-0a9f-58c1-8b67-20e48f93226d,ŞEHİT,5,true,true,2026-08-02T00:00:00Z,856,17404,Zemberek master-dictionary + FrequencyWords tr_50k
414d2907-aac1-58a2-a96e-849c0557888d,ŞEKEL,5,true,false,2026-08-02T00:00:00Z,,,Zemberek master-dictionary + FrequencyWords tr_50k
67f1b39e-7eda-5cb2-b13d-76ba042bd20d,ŞEKER,5,true,true,2026-08-02T00:00:00Z,14419,1386,Zemberek master-dictionary + FrequencyWords tr_50k
3b980c22-f034-5b84-a253-febcb087f2e0,ŞEKVA,5,true,false,2026-08-02T00:00:00Z,,,Zemberek master-dictionary + FrequencyWords tr_50k
50c3e6f8-1641-595b-b78c-957022c0d899,ŞEKİL,5,true,true,2026-08-02T00:00:00Z,3040,6001,Zemberek master-dictionary + FrequencyWords tr_50k
8e5ecbdf-6163-5813-a9cf-27e904f60aa4,ŞELEK,5,true,false,2026-08-02T00:00:00Z,,,Zemberek master-dictionary + FrequencyWords tr_50k
ca23641d-124b-5bfa-ab13-ed3c3e2caa45,ŞEMSE,5,true,false,2026-08-02T00:00:00Z,,,Zemberek master-dictionary + FrequencyWords tr_50k
48187839-aa43-5823-b296-cd9a1c3cd641,ŞEPİT,5,true,false,2026-08-02T00:00:00Z,,,Zemberek master-dictionary + FrequencyWords tr_50k
6928fae8-a18d-5cc1-b7b3-634683682c73,ŞERAN,5,true,false,2026-08-02T00:00:00Z,,,Zemberek master-dictionary + FrequencyWords tr_50k
d6031b98-9744-5121-bbb9-85f6bd751da9,ŞEREF,5,true,true,2026-08-02T00:00:00Z,3147,5812,Zemberek master-dictionary + FrequencyWords tr_50k
66197c75-de5c-5239-900b-1f53a4ee2949,ŞERHA,5,true,false,2026-08-02T00:00:00Z,,,Zemberek master-dictionary + FrequencyWords tr_50k
a87cc13b-971d-500f-b63a-dbdda314e15e,ŞERİF,5,true,true,2026-08-02T00:00:00Z,12896,1547,Zemberek master-dictionary + FrequencyWords tr_50k
ad53f942-cafc-5d36-9210-8557e41773bf,ŞERİK,5,true,false,2026-08-02T00:00:00Z,,,Zemberek master-dictionary + FrequencyWords tr_50k
714feca5-a47a-5828-a16a-f41eb63a6f14,ŞERİR,5,true,false,2026-08-02T00:00:00Z,,,Zemberek master-dictionary + FrequencyWords tr_50k
b7915ca9-d910-5c78-abd8-28308ec24762,ŞERİT,5,true,true,2026-08-02T00:00:00Z,590,23333,Zemberek master-dictionary + FrequencyWords tr_50k
b6141906-5b80-508e-aaa1-ceecd176f447,ŞETİM,5,true,false,2026-08-02T00:00:00Z,,,Zemberek master-dictionary + FrequencyWords tr_50k
6018599d-ff9f-57ab-b9b5-375f64474fd8,ŞIKIR,5,true,false,2026-08-02T00:00:00Z,,,Zemberek master-dictionary + FrequencyWords tr_50k
0335697c-ca2b-5c57-854e-9b16de889289,ŞINAV,5,true,true,2026-08-02T00:00:00Z,506,26218,Zemberek master-dictionary + FrequencyWords tr_50k
185bf6d9-26a4-5386-8ee8-1c47203d3c5b,ŞIPIR,5,true,false,2026-08-02T00:00:00Z,,,Zemberek master-dictionary + FrequencyWords tr_50k
4e931a09-6fab-55f3-8d64-39bdee433f8b,ŞIPKA,5,true,false,2026-08-02T00:00:00Z,,,Zemberek master-dictionary + FrequencyWords tr_50k
ad561cd9-c84d-508d-8904-a4da1bd6fe3b,ŞIRAK,5,true,false,2026-08-02T00:00:00Z,,,Zemberek master-dictionary + FrequencyWords tr_50k
04b47f9c-ee05-5a6f-867e-69ef1c4b6be3,ŞIRIL,5,true,false,2026-08-02T00:00:00Z,,,Zemberek master-dictionary + FrequencyWords tr_50k
61a7f50e-93a3-582a-99d9-4e7a9a53025a,ŞOFÖR,5,true,true,2026-08-02T00:00:00Z,2516,7092,Zemberek master-dictionary + FrequencyWords tr_50k
0cf71a65-251f-5409-83a3-a562a4adb744,ŞOPAR,5,true,false,2026-08-02T00:00:00Z,,,Zemberek master-dictionary + FrequencyWords tr_50k
9c81d149-4f91-51b2-b521-3b93a4e2c39c,ŞOSET,5,true,false,2026-08-02T00:00:00Z,,,Zemberek master-dictionary + FrequencyWords tr_50k
72cfd7bc-cc45-5205-ab3f-a3f5863360bf,ŞOSON,5,true,false,2026-08-02T00:00:00Z,,,Zemberek master-dictionary + FrequencyWords tr_50k
5412599e-f279-57eb-b5a0-1f8387d1ba1a,ŞOVEN,5,true,false,2026-08-02T00:00:00Z,,,Zemberek master-dictionary + FrequencyWords tr_50k
25a313ab-32cb-59a3-8726-31d0fe3c03e4,ŞUARA,5,true,false,2026-08-02T00:00:00Z,,,Zemberek master-dictionary + FrequencyWords tr_50k
a1d732fe-6933-5819-a752-22340d1c5d87,ŞUBAT,5,true,true,2026-08-02T00:00:00Z,2014,8580,Zemberek master-dictionary + FrequencyWords tr_50k
28026e41-56ae-50ab-be34-6611ff35a8ed,ŞUKUR,5,true,false,2026-08-02T00:00:00Z,,,Zemberek master-dictionary + FrequencyWords tr_50k
b9b069ab-ee92-5441-b68d-fdae47a99f49,ŞUPUR,5,true,false,2026-08-02T00:00:00Z,,,Zemberek master-dictionary + FrequencyWords tr_50k
6f40c892-b395-56b1-9a8e-18ddcf382db1,ŞURUP,5,true,false,2026-08-02T00:00:00Z,259,43250,Zemberek master-dictionary + FrequencyWords tr_50k
5e3bd502-ec14-5de0-a8d6-f76ba763b805,ŞÖLEN,5,true,true,2026-08-02T00:00:00Z,335,35795,Zemberek master-dictionary + FrequencyWords tr_50k
a6a3aae2-bd86-5855-8e97-49c311502013,ŞÖMİZ,5,true,false,2026-08-02T00:00:00Z,,,Zemberek master-dictionary + FrequencyWords tr_50k
35ae5e17-ffaa-5b86-ade7-ecdaa430b22e,ŞÖYLE,5,true,true,2026-08-02T00:00:00Z,32952,637,Zemberek master-dictionary + FrequencyWords tr_50k
9e334edb-ae32-5876-99ce-dd9e0bab72cc,ŞÜKÜR,5,true,true,2026-08-02T00:00:00Z,11419,1722,Zemberek master-dictionary + FrequencyWords tr_50k
39283b60-9996-556f-b991-275f82afd974,ŞÜMUL,5,true,false,2026-08-02T00:00:00Z,,,Zemberek master-dictionary + FrequencyWords tr_50k
81131afd-3c98-5fe6-8392-d7b60c3f37af,ŞÜPHE,5,true,true,2026-08-02T00:00:00Z,7998,2456,Zemberek master-dictionary + FrequencyWords tr_50k
7070de4d-4d01-5db0-b910-9a4682f72582,ŞİFON,5,true,false,2026-08-02T00:00:00Z,,,Zemberek master-dictionary + FrequencyWords tr_50k
6cf75220-b55f-5f78-ad08-76f631c315fa,ŞİFRE,5,true,true,2026-08-02T00:00:00Z,3149,5807,Zemberek master-dictionary + FrequencyWords tr_50k
211d8acd-b5e3-57d2-81aa-d0b79e9aac60,ŞİLEM,5,true,false,2026-08-02T00:00:00Z,,,Zemberek master-dictionary + FrequencyWords tr_50k
ba9d1609-d476-5961-8cb1-e21b054d0a14,ŞİLEP,5,true,false,2026-08-02T00:00:00Z,,,Zemberek master-dictionary + FrequencyWords tr_50k
0d581f61-47fb-5a92-8936-0d3a5f38b384,ŞİLTE,5,true,false,2026-08-02T00:00:00Z,,,Zemberek master-dictionary + FrequencyWords tr_50k
7dd32888-c700-5124-b11e-b98888217353,ŞİLİN,5,true,true,2026-08-02T00:00:00Z,722,19977,Zemberek master-dictionary + FrequencyWords tr_50k
1ea86d21-a073-5e52-8df7-c2d46a8a907f,ŞİMAL,5,true,false,2026-08-02T00:00:00Z,,,Zemberek master-dictionary + FrequencyWords tr_50k
b5c3cfca-9c6b-53ec-a0f0-898eb513746a,ŞİMDİ,5,true,false,2026-08-02T00:00:00Z,420471,45,Zemberek master-dictionary + FrequencyWords tr_50k
a89a1179-9c3f-55d5-8149-cf5caf92138b,ŞİNİK,5,true,false,2026-08-02T00:00:00Z,,,Zemberek master-dictionary + FrequencyWords tr_50k
5df95e3c-f169-5227-8426-80ee02902c9e,ŞİRİN,5,true,true,2026-08-02T00:00:00Z,7127,2757,Zemberek master-dictionary + FrequencyWords tr_50k
08bd5ae4-81cb-50d5-b520-bd33292af3b7,ŞİŞEK,5,true,false,2026-08-02T00:00:00Z,,,Zemberek master-dictionary + FrequencyWords tr_50k
bd5cf72a-0c33-5425-9e47-557bf91184b1,ŞİŞKO,5,true,true,2026-08-02T00:00:00Z,5714,3395,Zemberek master-dictionary + FrequencyWords tr_50k
38cbc820-fefe-547e-9789-affc5b8a7630,ŞİŞİK,5,true,false,2026-08-02T00:00:00Z,,,Zemberek master-dictionary + FrequencyWords tr_50k
