Id,Text,Length,IsActive,CanBeTarget,CreatedAt,Frequency,FrequencyRank,Source
12a8853b-e87a-538c-a40f-64a6c68ca8c7,ACABA,5,true,true,2026-08-02T00:00:00Z,38352,547,Zemberek master-dictionary + FrequencyWords tr_50k
37b5c34c-561b-582d-814a-c4e6f556a7cc,ACELE,5,true,true,2026-08-02T00:00:00Z,37501,569,Zemberek master-dictionary + FrequencyWords tr_50k
ec2fa5e2-d17a-5e37-aa2c-8118e69d7178,ACEMİ,5,true,true,2026-08-02T00:00:00Z,1935,8873,Zemberek master-dictionary + FrequencyWords tr_50k
1db2bd91-6e32-5060-b6b8-defe6af8a7e2,ADINA,5,true,true,2026-08-02T00:00:00Z,24154,853,Zemberek master-dictionary + FrequencyWords tr_50k
6d462738-e5b1-5584-9274-e881f73a9257,ADRES,5,true,true,2026-08-02T00:00:00Z,4272,4443,Zemberek master-dictionary + FrequencyWords tr_50k
fb43ab1f-1973-5723-b5d8-1a962a5178c3,AFYON,5,true,true,2026-08-02T00:00:00Z,780,18784,Zemberek master-dictionary + FrequencyWords tr_50k
8f255f11-a476-5ee8-94cf-e4833b888dac,AHALİ,5,true,true,2026-08-02T00:00:00Z,299,38885,Zemberek master-dictionary + FrequencyWords tr_50k
74399df8-6365-5655-bcfd-eb132f7e65d4,AHLAK,5,true,true,2026-08-02T00:00:00Z,2038,8484,Zemberek master-dictionary + FrequencyWords tr_50k
59c25a2d-75f3-521d-9321-e7e45f2b8e3b,AHŞAP,5,true,true,2026-08-02T00:00:00Z,1068,14565,Zemberek master-dictionary + FrequencyWords tr_50k
c87d4912-9256-5db9-a888-14e6faedd39e,AJANS,5,true,true,2026-08-02T00:00:00Z,638,21986,Zemberek master-dictionary + FrequencyWords tr_50k
fbdef481-c6b8-5846-a6a1-5a6eaabe77f5,AKREP,5,true,true,2026-08-02T00:00:00Z,867,17212,Zemberek master-dictionary + FrequencyWords tr_50k
1073494b-82a4-5c51-8cd9-adb3c725d435,AKSAM,5,true,true,2026-08-02T00:00:00Z,641,21899,Zemberek master-dictionary + FrequencyWords tr_50k
6121fb6d-268f-5461-a532-9266e00a67e8,AKSAN,5,true,true,2026-08-02T00:00:00Z,361,33804,Zemberek master-dictionary + FrequencyWords tr_50k
3f2c4e82-b765-5b01-aab1-a30f1412bc4b,AKTAR,5,true,true,2026-08-02T00:00:00Z,317,37231,Zemberek master-dictionary + FrequencyWords tr_50k
59e01523-1b2d-53a4-9472-69d5b3442143,AKTÖR,5,true,true,2026-08-02T00:00:00Z,2537,7041,Zemberek master-dictionary + FrequencyWords tr_50k
81d44a34-5be5-58cd-81c2-a485fd4c76a1,AKTİF,5,true,true,2026-08-02T00:00:00Z,4266,4448,Zemberek master-dictionary + FrequencyWords tr_50k
5b92fff4-1b37-5ff6-873b-cbf10eef5b80,AKŞAM,5,true,true,2026-08-02T00:00:00Z,62818,338,Zemberek master-dictionary + FrequencyWords tr_50k
cfcbe0a6-5ed3-5184-a694-c807964f0625,ALAKA,5,true,true,2026-08-02T00:00:00Z,624,22375,Zemberek master-dictionary + FrequencyWords tr_50k
d5012558-eba1-5ebf-8e05-768bb7cebf0c,ALARM,5,true,true,2026-08-02T00:00:00Z,5858,3314,Zemberek master-dictionary + FrequencyWords tr_50k
af01db23-a654-5634-b598-3729b256d6b9,ALBAY,5,true,true,2026-08-02T00:00:00Z,15062,1329,Zemberek master-dictionary + FrequencyWords tr_50k
9c854046-f347-5a17-84b0-d1d741af3fc2,ALBÜM,5,true,true,2026-08-02T00:00:00Z,1678,10028,Zemberek master-dictionary + FrequencyWords tr_50k
6f1fe614-e857-5087-849a-ac3e486fe472,ALICI,5,true,true,2026-08-02T00:00:00Z,3109,5883,Zemberek master-dictionary + FrequencyWords tr_50k
f6d725f5-b74d-5f5e-9057-ac5be33db84a,ALKIŞ,5,true,true,2026-08-02T00:00:00Z,1765,9603,Zemberek master-dictionary + FrequencyWords tr_50k
ee17ddc9-d6e4-5c7e-b684-e7b786e44ae1,ALKOL,5,true,true,2026-08-02T00:00:00Z,6081,3219,Zemberek master-dictionary + FrequencyWords tr_50k
cea04114-2a0d-52e1-8099-49e8bd35913e,ALLAK,5,true,true,2026-08-02T00:00:00Z,551,24552,Zemberek master-dictionary + FrequencyWords tr_50k
c2f3b851-0582-554d-9059-cc69d1f84cf3,ALTIN,5,true,true,2026-08-02T00:00:00Z,17637,1137,Zemberek master-dictionary + FrequencyWords tr_50k
9795e604-46e6-5c90-bbcf-4594bdef45d4,ALÇAK,5,true,true,2026-08-02T00:00:00Z,4759,4019,Zemberek master-dictionary + FrequencyWords tr_50k
ea1a9424-3b52-55ff-b60e-a433b095ad26,AMBAR,5,true,true,2026-08-02T00:00:00Z,504,26317,Zemberek master-dictionary + FrequencyWords tr_50k
5fb46cae-f9f3-584f-872e-ab93e724c485,AMBER,5,true,true,2026-08-02T00:00:00Z,3003,6064,Zemberek master-dictionary + FrequencyWords tr_50k
148caf0a-4d2b-5a87-9bfb-bf91f4b33e5f,AMPUL,5,true,true,2026-08-02T00:00:00Z,781,18777,Zemberek master-dictionary + FrequencyWords tr_50k
ea542434-3b10-55b5-a3b9-f11ad8772e6b,AMİGO,5,true,true,2026-08-02T00:00:00Z,2145,8148,Zemberek master-dictionary + FrequencyWords tr_50k
8341b236-cc20-5447-8026-29ca741a221e,ANKET,5,true,true,2026-08-02T00:00:00Z,487,26991,Zemberek master-dictionary + FrequencyWords tr_50k
c933eb75-259e-5f6b-bfba-7d002b4e6ecf,ANLAM,5,true,true,2026-08-02T00:00:00Z,4957,3871,Zemberek master-dictionary + FrequencyWords tr_50k
20bd95a6-2e1d-53c2-8d2c-0157352c0178,ANLIK,5,true,true,2026-08-02T00:00:00Z,1673,10055,Zemberek master-dictionary + FrequencyWords tr_50k
1cb89d18-7ac2-5016-9ad2-3dade1883bf3,ANONS,5,true,true,2026-08-02T00:00:00Z,870,17166,Zemberek master-dictionary + FrequencyWords tr_50k
189fce35-fcd3-5afd-8946-209325bb58b7,ANTEN,5,true,true,2026-08-02T00:00:00Z,404,31152,Zemberek master-dictionary + FrequencyWords tr_50k
fdea488e-dab4-525c-b460-ffead67f733c,ANTİK,5,true,true,2026-08-02T00:00:00Z,2894,6248,Zemberek master-dictionary + FrequencyWords tr_50k
cf778c31-33e3-5585-b7a1-edd7c858e1d2,APRİL,5,true,true,2026-08-02T00:00:00Z,3436,5350,Zemberek master-dictionary + FrequencyWords tr_50k
32a4979d-5b16-52b0-a1fc-bc22e4cbe2d6,ARABA,5,true,true,2026-08-02T00:00:00Z,43243,490,Zemberek master-dictionary + FrequencyWords tr_50k
d8b76b55-5383-504e-a861-9f6f2ff9705c,ARACI,5,true,true,2026-08-02T00:00:00Z,5677,3427,Zemberek master-dictionary + FrequencyWords tr_50k
2dd405a6-b538-5b38-93a5-1da45d202c4c,ARAZİ,5,true,true,2026-08-02T00:00:00Z,3127,5848,Zemberek master-dictionary + FrequencyWords tr_50k
c0df8e1a-c1eb-53c2-86d0-a1844ce2025b,ARENA,5,true,true,2026-08-02T00:00:00Z,348,34748,Zemberek master-dictionary + FrequencyWords tr_50k
5d16eba2-2a48-5663-9cf8-003a2c472a39,ARIZA,5,true,true,2026-08-02T00:00:00Z,1468,11211,Zemberek master-dictionary + FrequencyWords tr_50k
dbf43fb7-8349-5785-b226-6f9e7f14f03b,ARMUT,5,true,true,2026-08-02T00:00:00Z,807,18300,Zemberek master-dictionary + FrequencyWords tr_50k
1e120168-719b-5f1c-b419-0c5ac1220132,ARSIZ,5,true,true,2026-08-02T00:00:00Z,728,19828,Zemberek master-dictionary + FrequencyWords tr_50k
edb15217-91e1-54c5-ae4e-54d468e0c441,ARŞİV,5,true,true,2026-08-02T00:00:00Z,506,26223,Zemberek master-dictionary + FrequencyWords tr_50k
c74443cb-688c-5f20-86dd-f7567ab96a7f,ASABİ,5,true,true,2026-08-02T00:00:00Z,607,22838,Zemberek master-dictionary + FrequencyWords tr_50k
17ffd040-1dbe-5e3c-967d-ae3bcbb24bec,ASKER,5,true,true,2026-08-02T00:00:00Z,13703,1459,Zemberek master-dictionary + FrequencyWords tr_50k
13c33601-43fc-5976-a44a-baa52a003bc5,ASLAN,5,true,true,2026-08-02T00:00:00Z,3568,5182,Zemberek master-dictionary + FrequencyWords tr_50k
0460bc54-8531-577f-9bc7-1860cb281948,ASLEN,5,true,true,2026-08-02T00:00:00Z,568,24016,Zemberek master-dictionary + FrequencyWords tr_50k
2b5ffb2c-695f-5e9c-9b0b-0074302e9de7,ASTIM,5,true,true,2026-08-02T00:00:00Z,1008,15240,Zemberek master-dictionary + FrequencyWords tr_50k
40c0c9d4-be77-5a2c-8051-7ef9cad0aabb,ATLAS,5,true,true,2026-08-02T00:00:00Z,446,28907,Zemberek master-dictionary + FrequencyWords tr_50k
49245ca9-84d9-5658-a5e9-3ac033858aa7,ATLET,5,true,true,2026-08-02T00:00:00Z,545,24770,Zemberek master-dictionary + FrequencyWords tr_50k
93b34aa5-3688-5817-a5ac-8bf110a2bb84,AVANS,5,true,true,2026-08-02T00:00:00Z,1067,14581,Zemberek master-dictionary + FrequencyWords tr_50k
d9dfffd2-d5d4-5196-9a29-c9427c7a8bb2,AVARE,5,true,true,2026-08-02T00:00:00Z,363,33666,Zemberek master-dictionary + FrequencyWords tr_50k
cf743372-2737-5313-8a25-4490e6c74240,AYDIN,5,true,true,2026-08-02T00:00:00Z,482,27209,Zemberek master-dictionary + FrequencyWords tr_50k
637e37fe-7ea6-5af0-9001-b2466d2b1b15,AYGIR,5,true,true,2026-08-02T00:00:00Z,504,26316,Zemberek master-dictionary + FrequencyWords tr_50k
1cf27e73-576d-5141-b9da-d7cee75aff8b,AYGIT,5,true,true,2026-08-02T00:00:00Z,427,29903,Zemberek master-dictionary + FrequencyWords tr_50k
c33be4ff-7532-5551-820c-dcd62914ea61,AYIRT,5,true,true,2026-08-02T00:00:00Z,2057,8413,Zemberek master-dictionary + FrequencyWords tr_50k
69f5328b-4108-54f2-b634-4497c9bc60e1,AYLAK,5,true,true,2026-08-02T00:00:00Z,1166,13541,Zemberek master-dictionary + FrequencyWords tr_50k
c58c241d-fc57-502f-a43c-a3bdf70527c7,AYLIK,5,true,true,2026-08-02T00:00:00Z,5505,3528,Zemberek master-dictionary + FrequencyWords tr_50k
4c0c5d58-d5c3-5aae-accd-eef4ced3152d,AYNEN,5,true,true,2026-08-02T00:00:00Z,35633,591,Zemberek master-dictionary + FrequencyWords tr_50k
53d94249-c1a2-5bc2-b2c7-a0a3dc63f6ed,AYRIM,5,true,true,2026-08-02T00:00:00Z,416,30511,Zemberek master-dictionary + FrequencyWords tr_50k
753af65f-ce5f-5676-b51f-d0c7ff5bc3b2,AYYAŞ,5,true,true,2026-08-02T00:00:00Z,1296,12449,Zemberek master-dictionary + FrequencyWords tr_50k
fb6a7169-e776-52f0-a809-45fe0536cb95,AZAMİ,5,true,true,2026-08-02T00:00:00Z,358,34058,Zemberek master-dictionary + FrequencyWords tr_50k
3e521790-b52e-58aa-8e00-fd0cbc12d255,AZGIN,5,true,true,2026-08-02T00:00:00Z,1864,9129,Zemberek master-dictionary + FrequencyWords tr_50k
7336306a-1299-5ee5-ac11-1400da12f656,AZİZE,5,true,true,2026-08-02T00:00:00Z,582,23570,Zemberek master-dictionary + FrequencyWords tr_50k
2d35a47c-064b-575a-bf18-0397a5713c40,AÇLIK,5,true,true,2026-08-02T00:00:00Z,1862,9140,Zemberek master-dictionary + FrequencyWords tr_50k
0a475319-c834-5ad4-b45b-9b63b454fe06,AÇMAZ,5,true,true,2026-08-02T00:00:00Z,478,27366,Zemberek master-dictionary + FrequencyWords tr_50k
edfbab8e-858e-5548-b68f-c730d8734618,AŞAMA,5,true,true,2026-08-02T00:00:00Z,1803,9413,Zemberek master-dictionary + FrequencyWords tr_50k
30b01431-3f95-54c5-b8d4-7a2bf3b8a1d7,AŞIRI,5,true,true,2026-08-02T00:00:00Z,17002,1171,Zemberek master-dictionary + FrequencyWords tr_50k
4858ea20-a4ef-5d43-8ea2-ecb6fb5777cb,AŞİNA,5,true,true,2026-08-02T00:00:00Z,867,17210,Zemberek master-dictionary + FrequencyWords tr_50k
9dff56e3-21e1-5ba3-b121-314268d50c40,BACAK,5,true,true,2026-08-02T00:00:00Z,2673,6733,Zemberek master-dictionary + FrequencyWords tr_50k
869cdddf-f278-50c6-951c-d7fe4a0cae0f,BADEM,5,true,true,2026-08-02T00:00:00Z,521,25638,Zemberek master-dictionary + FrequencyWords tr_50k
2c687c9b-9f96-5208-b0d8-59608fb5a158,BAGAJ,5,true,true,2026-08-02T00:00:00Z,841,17643,Zemberek master-dictionary + FrequencyWords tr_50k
6e6eaab0-6849-505d-8730-6519b936f099,BAHAR,5,true,true,2026-08-02T00:00:00Z,3887,4804,Zemberek master-dictionary + FrequencyWords tr_50k
f918b1be-ff9b-5b77-bb7c-273917b91ed3,BAHÇE,5,true,true,2026-08-02T00:00:00Z,3153,5798,Zemberek master-dictionary + FrequencyWords tr_50k
b2087c2b-a47f-584c-8496-a28d9e710f2c,BAHİS,5,true,true,2026-08-02T00:00:00Z,3652,5062,Zemberek master-dictionary + FrequencyWords tr_50k
d57feb00-33ae-5b04-ac76-9617769143e2,BAKAN,5,true,true,2026-08-02T00:00:00Z,5737,3379,Zemberek master-dictionary + FrequencyWords tr_50k
de86adda-a531-5f09-9e7c-1dd03eb3abd3,BAKIM,5,true,true,2026-08-02T00:00:00Z,3910,4777,Zemberek master-dictionary + FrequencyWords tr_50k
9b0ce0a4-4319-59ab-8f63-ced66cf027f6,BAKIR,5,true,true,2026-08-02T00:00:00Z,1062,14632,Zemberek master-dictionary + FrequencyWords tr_50k
c69dc69b-ab3a-5363-ac85-bddd969446ac,BAKIŞ,5,true,true,2026-08-02T00:00:00Z,6789,2885,Zemberek master-dictionary + FrequencyWords tr_50k
bfd96b33-c2a5-5906-8a11-1e96711e1f1d,BAKİR,5,true,true,2026-08-02T00:00:00Z,814,18148,Zemberek master-dictionary + FrequencyWords tr_50k
a38ef24c-9dc2-5cfc-bb36-bc0932775ff3,BALIK,5,true,true,2026-08-02T00:00:00Z,16778,1190,Zemberek master-dictionary + FrequencyWords tr_50k
7b761678-0482-5fdb-a861-48ad35e4d035,BALON,5,true,true,2026-08-02T00:00:00Z,1910,8948,Zemberek master-dictionary + FrequencyWords tr_50k
fdcef3c1-d9a2-52c4-a405-e6b0703a4064,BALTA,5,true,true,2026-08-02T00:00:00Z,1139,13825,Zemberek master-dictionary + FrequencyWords tr_50k
4eee9612-9c3c-5429-8048-f02e7e11faad,BAMBU,5,true,true,2026-08-02T00:00:00Z,594,23220,Zemberek master-dictionary + FrequencyWords tr_50k
c64dc3cf-9b7b-5495-99ef-90f052a7eeca,BANDO,5,true,true,2026-08-02T00:00:00Z,572,23874,Zemberek master-dictionary + FrequencyWords tr_50k
4dcb57f6-3739-54dd-8146-d385460200da,BANKA,5,true,true,2026-08-02T00:00:00Z,9703,2015,Zemberek master-dictionary + FrequencyWords tr_50k
03ead0fb-efe3-5f3c-87aa-66f895182997,BANYO,5,true,true,2026-08-02T00:00:00Z,7287,2689,Zemberek master-dictionary + FrequencyWords tr_50k
46da29de-799c-5f11-8d1a-afccbba7ea46,BARAJ,5,true,true,2026-08-02T00:00:00Z,622,22424,Zemberek master-dictionary + FrequencyWords tr_50k
3ac68064-9660-5271-ae34-5320795da742,BARDA,5,true,true,2026-08-02T00:00:00Z,5384,3591,Zemberek master-dictionary + FrequencyWords tr_50k
1826d9d4-d57d-581e-af2c-80cd84c4a5c7,BARIŞ,5,true,true,2026-08-02T00:00:00Z,10297,1902,Zemberek master-dictionary + FrequencyWords tr_50k
ce4ea969-e51e-5b64-ba6c-9d35bed9e5bf,BARON,5,true,true,2026-08-02T00:00:00Z,1867,9111,Zemberek master-dictionary + FrequencyWords tr_50k
bc7b1711-c491-5931-b4c4-fb6bbc1ef782,BARUT,5,true,true,2026-08-02T00:00:00Z,1403,11641,Zemberek master-dictionary + FrequencyWords tr_50k
63ebc80d-e0cd-5130-b1e7-b38a024ee4ae,BARİZ,5,true,true,2026-08-02T00:00:00Z,1828,9297,Zemberek master-dictionary + FrequencyWords tr_50k
ceadc050-a58c-5e9c-966b-5bff917f9540,BASAR,5,true,true,2026-08-02T00:00:00Z,673,21078,Zemberek master-dictionary + FrequencyWords tr_50k
0efb9a87-e97c-5dd7-8e2f-5e253613b1af,BASIN,5,true,true,2026-08-02T00:00:00Z,7441,2625,Zemberek master-dictionary + FrequencyWords tr_50k
a5a9ef18-135c-5c20-8bf6-f688b0a3dfd8,BASKI,5,true,true,2026-08-02T00:00:00Z,10141,1927,Zemberek master-dictionary + FrequencyWords tr_50k
8b4f6d6b-697b-54c9-8edc-7d6370b6a791,BASMA,5,true,true,2026-08-02T00:00:00Z,715,20144,Zemberek master-dictionary + FrequencyWords tr_50k
74985065-18f5-59c8-95b6-038d0cd5bad7,BASTI,5,true,true,2026-08-02T00:00:00Z,1780,9523,Zemberek master-dictionary + FrequencyWords tr_50k
89d9ece9-1a40-52a4-a84f-5cc86f272635,BASİL,5,true,true,2026-08-02T00:00:00Z,641,21902,Zemberek master-dictionary + FrequencyWords tr_50k
96b39dd4-6ac7-58aa-9fe5-03068a3ceb74,BASİT,5,true,true,2026-08-02T00:00:00Z,26715,768,Zemberek master-dictionary + FrequencyWords tr_50k
1e33a63e-ae99-5774-89ef-7604768a1790,BATAR,5,true,true,2026-08-02T00:00:00Z,422,30192,Zemberek master-dictionary + FrequencyWords tr_50k
8c1fb723-af23-5e19-bcbf-ed5cddb4eb5b,BATIL,5,true,true,2026-08-02T00:00:00Z,1208,13174,Zemberek master-dictionary + FrequencyWords tr_50k
fa22ea41-874d-5d2b-87d0-779a2a11ab69,BAVUL,5,true,true,2026-08-02T00:00:00Z,885,16927,Zemberek master-dictionary + FrequencyWords tr_50k
a8f08cdd-8411-5482-b1e8-ef00098cad7c,BAYAT,5,true,true,2026-08-02T00:00:00Z,814,18141,Zemberek master-dictionary + FrequencyWords tr_50k
7b652e8e-9899-5285-8081-8e7e7cae1b17,BAZAN,5,true,true,2026-08-02T00:00:00Z,320,36937,Zemberek master-dictionary + FrequencyWords tr_50k
fe669e6b-938c-5f27-9e53-359a13c5ba78,BAĞIM,5,true,true,2026-08-02T00:00:00Z,306,38118,Zemberek master-dictionary + FrequencyWords tr_50k
fd050bff-7614-5b30-a005-ddcf0e133f88,BAĞIN,5,true,true,2026-08-02T00:00:00Z,438,29288,Zemberek master-dictionary + FrequencyWords tr_50k
e472e7d0-086b-561c-8887-c17f8bd9bf78,BAĞIR,5,true,true,2026-08-02T00:00:00Z,1044,14835,Zemberek master-dictionary + FrequencyWords tr_50k
6cd4dce4-2237-5f74-bc28-438c04771b9f,BAĞIŞ,5,true,true,2026-08-02T00:00:00Z,3098,5900,Zemberek master-dictionary + FrequencyWords tr_50k
bf22009a-9e62-562a-b7eb-2dd044d775ef,BAŞLI,5,true,true,2026-08-02T00:00:00Z,1537,10803,Zemberek master-dictionary + FrequencyWords tr_50k
a642ac02-e0c3-5876-a801-bce6358c35a0,BAŞTA,5,true,true,2026-08-02T00:00:00Z,7776,2524,Zemberek master-dictionary + FrequencyWords tr_50k
9f77adb6-5950-597a-8457-832a94946194,BEDEL,5,true,true,2026-08-02T00:00:00Z,2012,8587,Zemberek master-dictionary + FrequencyWords tr_50k
0a0a47f5-ada2-5e70-ba30-0be57d656126,BEDEN,5,true,true,2026-08-02T00:00:00Z,3889,4800,Zemberek master-dictionary + FrequencyWords tr_50k
c89df2bc-49f4-5c57-a071-bebe959ea17b,BEGÜM,5,true,true,2026-08-02T00:00:00Z,450,28719,Zemberek master-dictionary + FrequencyWords tr_50k
57fda365-a78f-59df-aefc-b58072c54127,BEKAR,5,true,true,2026-08-02T00:00:00Z,3663,5050,Zemberek master-dictionary + FrequencyWords tr_50k
7b0abdd8-ff07-51a7-93a8-c12f6bbb4f59,BEKÇİ,5,true,true,2026-08-02T00:00:00Z,1204,13218,Zemberek master-dictionary + FrequencyWords tr_50k
2d72fbf4-0bfc-5b88-abae-71415a23ed0f,BELEŞ,5,true,true,2026-08-02T00:00:00Z,1226,13027,Zemberek master-dictionary + FrequencyWords tr_50k
eb3c9d86-72d0-5667-8f5b-97c4ed9634df,BELGE,5,true,true,2026-08-02T00:00:00Z,2290,7703,Zemberek master-dictionary + FrequencyWords tr_50k
9aa66ba1-acc6-55dd-8399-69ea718f9e5e,BELLİ,5,true,true,2026-08-02T00:00:00Z,33304,633,Zemberek master-dictionary + FrequencyWords tr_50k
d89bdaa3-c5e9-5077-af5c-0991ae8938e5,BESTE,5,true,true,2026-08-02T00:00:00Z,293,39436,Zemberek master-dictionary + FrequencyWords tr_50k
6807d8a6-175e-5ecd-a40e-ad268ab592f3,BESİN,5,true,true,2026-08-02T00:00:00Z,1465,11237,Zemberek master-dictionary + FrequencyWords tr_50k
4c3a4a92-ed4f-5e9e-86b6-5eae1381b65d,BETER,5,true,true,2026-08-02T00:00:00Z,2410,7372,Zemberek master-dictionary + FrequencyWords tr_50k
ebc8e25e-0ca5-5963-aa35-77079efefd4e,BETON,5,true,true,2026-08-02T00:00:00Z,1073,14519,Zemberek master-dictionary + FrequencyWords tr_50k
8a83a4ed-d231-5cca-91e6-a13f60f52bc3,BEYAN,5,true,true,2026-08-02T00:00:00Z,899,16714,Zemberek master-dictionary + FrequencyWords tr_50k
f28bfc1f-4dcf-5054-b3b1-a0db0a9cdf3a,BEYAZ,5,true,true,2026-08-02T00:00:00Z,33586,628,Zemberek master-dictionary + FrequencyWords tr_50k
057470fc-264f-5c86-9a70-8f3ae84c6340,BEYİN,5,true,true,2026-08-02T00:00:00Z,12354,1609,Zemberek master-dictionary + FrequencyWords tr_50k
d62eef8e-4931-50cc-a226-76fbb993599b,BEŞİK,5,true,true,2026-08-02T00:00:00Z,344,35106,Zemberek master-dictionary + FrequencyWords tr_50k
b6df21b6-c20b-52f3-a2b9-1bc3fa536fc8,BIYIK,5,true,true,2026-08-02T00:00:00Z,933,16229,Zemberek master-dictionary + FrequencyWords tr_50k
39a81f7b-c008-5844-b59f-2e0ac2a24092,BIÇAK,5,true,true,2026-08-02T00:00:00Z,8167,2406,Zemberek master-dictionary + FrequencyWords tr_50k
9c48a4a6-e6e2-5695-9db6-13ac919b4eb1,BLOKE,5,true,true,2026-08-02T00:00:00Z,558,24324,Zemberek master-dictionary + FrequencyWords tr_50k
8d3b1794-498d-5dcc-a28d-5840abef2bb9,BODUR,5,true,true,2026-08-02T00:00:00Z,378,32731,Zemberek master-dictionary + FrequencyWords tr_50k
d81949d1-738c-5a68-af99-812cba5476c4,BOLCA,5,true,true,2026-08-02T00:00:00Z,2423,7329,Zemberek master-dictionary + FrequencyWords tr_50k
50a28753-5f26-511e-a474-e4d8a009dcd7,BORSA,5,true,true,2026-08-02T00:00:00Z,984,15548,Zemberek master-dictionary + FrequencyWords tr_50k
e47c43fe-d681-5721-873e-1bdad8980da0,BOYUN,5,true,true,2026-08-02T00:00:00Z,4464,4260,Zemberek master-dictionary + FrequencyWords tr_50k
2b09b02d-44ca-5404-954b-1b9fcef8f4f3,BOYUT,5,true,true,2026-08-02T00:00:00Z,1051,14750,Zemberek master-dictionary + FrequencyWords tr_50k
e090606d-d9c6-5ff7-8284-3287f5cfdff4,BOZUK,5,true,true,2026-08-02T00:00:00Z,7863,2496,Zemberek master-dictionary + FrequencyWords tr_50k
4a106b12-3bba-59c2-b2ee-fa4a1296f95b,BOĞAZ,5,true,true,2026-08-02T00:00:00Z,912,16515,Zemberek master-dictionary + FrequencyWords tr_50k
74ed76f6-fa7a-51c4-a2a6-0f2b52c832b1,BRONZ,5,true,true,2026-08-02T00:00:00Z,818,18058,Zemberek master-dictionary + FrequencyWords tr_50k
7698be62-2306-5fdc-9a83-e37da29da6d7,BUHAR,5,true,true,2026-08-02T00:00:00Z,1352,12019,Zemberek master-dictionary + FrequencyWords tr_50k
2fd7e120-1757-572c-9392-87286e9b45ae,BUKET,5,true,true,2026-08-02T00:00:00Z,361,33862,Zemberek master-dictionary + FrequencyWords tr_50k
c8a7d188-6d78-5cd4-b024-1656e926d3ee,BULGU,5,true,true,2026-08-02T00:00:00Z,317,37234,Zemberek master-dictionary + FrequencyWords tr_50k
c84907cc-ccc0-5732-a2e1-0bf985cdc7e3,BULUT,5,true,true,2026-08-02T00:00:00Z,1620,10338,Zemberek master-dictionary + FrequencyWords tr_50k
f9305209-cc26-5a37-a16b-b17918cfe4a0,BULUŞ,5,true,true,2026-08-02T00:00:00Z,2058,8409,Zemberek master-dictionary + FrequencyWords tr_50k
773501a2-f2e1-5d7b-9c80-e5022e4ece94,BUNAK,5,true,true,2026-08-02T00:00:00Z,915,16477,Zemberek master-dictionary + FrequencyWords tr_50k
fbd6892f-4c63-51df-a98c-d4fd42e4c2a5,BUNCA,5,true,true,2026-08-02T00:00:00Z,10275,1906,Zemberek master-dictionary + FrequencyWords tr_50k
d720e517-ff43-5684-91c8-705999267893,BURCU,5,true,true,2026-08-02T00:00:00Z,448,28780,Zemberek master-dictionary + FrequencyWords tr_50k
74e1f0a4-64bd-5aac-90d9-6d7d1e069b76,BURMA,5,true,true,2026-08-02T00:00:00Z,394,31745,Zemberek master-dictionary + FrequencyWords tr_50k
09a5a9f4-2c0c-5a83-9799-ce756d07b9c2,BURUN,5,true,true,2026-08-02T00:00:00Z,3691,5006,Zemberek master-dictionary + FrequencyWords tr_50k
f51234bb-754a-5973-ae65-a467be93e6db,BUZUL,5,true,true,2026-08-02T00:00:00Z,590,23342,Zemberek master-dictionary + FrequencyWords tr_50k
05cf3265-387c-5350-949f-37e6e0c1dc65,BUÇUK,5,true,true,2026-08-02T00:00:00Z,6984,2811,Zemberek master-dictionary + FrequencyWords tr_50k
f124c276-f823-5e9d-a5f5-52eb7bfb99b1,BÖCEK,5,true,true,2026-08-02T00:00:00Z,5020,3820,Zemberek master-dictionary + FrequencyWords tr_50k
7d1c0f2f-28ab-5f06-b240-198251e331bc,BÖLGE,5,true,true,2026-08-02T00:00:00Z,11310,1737,Zemberek master-dictionary + FrequencyWords tr_50k
79dfc4f2-3163-5420-8346-daccca073c05,BÖLME,5,true,true,2026-08-02T00:00:00Z,718,20069,Zemberek master-dictionary + FrequencyWords tr_50k
cae865e4-b483-5dfd-933e-a27af8d8075b,BÖLÜK,5,true,true,2026-08-02T00:00:00Z,1276,12610,Zemberek master-dictionary + FrequencyWords tr_50k
863ca250-9db5-58e5-8054-83d859317725,BÖLÜM,5,true,true,2026-08-02T00:00:00Z,18848,1065,Zemberek master-dictionary + FrequencyWords tr_50k
435f8b80-f8f0-5161-a74b-9620b0de2dd5,BÖREK,5,true,true,2026-08-02T00:00:00Z,752,19346,Zemberek master-dictionary + FrequencyWords tr_50k
9e50154c-43b1-56d1-81f0-d8a8449c03cc,BÜCÜR,5,true,true,2026-08-02T00:00:00Z,563,24163,Zemberek master-dictionary + FrequencyWords tr_50k
27d6d61f-50f2-57cb-8d18-f97e3c95391a,BÜTÇE,5,true,true,2026-08-02T00:00:00Z,1419,11520,Zemberek master-dictionary + FrequencyWords tr_50k
c6e98489-2bdc-55ab-a632-1249fbf623d8,BÜYÜK,5,true,true,2026-08-02T00:00:00Z,234637,79,Zemberek master-dictionary + FrequencyWords tr_50k
1c6f0749-0c26-5a6b-9770-9eea1202bee4,BİBER,5,true,true,2026-08-02T00:00:00Z,2075,8363,Zemberek master-dictionary + FrequencyWords tr_50k
c14f4285-52ed-5252-bb9a-bb66fec228cc,BİLEK,5,true,true,2026-08-02T00:00:00Z,803,18353,Zemberek master-dictionary + FrequencyWords tr_50k
bd80f43f-3bd6-5c35-b3a5-57727aee3ff2,BİLET,5,true,true,2026-08-02T00:00:00Z,6784,2888,Zemberek master-dictionary + FrequencyWords tr_50k
7353f35e-83d9-5f3f-9e32-0f04d8555f32,BİLGE,5,true,true,2026-08-02T00:00:00Z,1759,9633,Zemberek master-dictionary + FrequencyWords tr_50k
a69a3661-29d6-555c-89d5-5e293489d142,BİLGİ,5,true,true,2026-08-02T00:00:00Z,26785,766,Zemberek master-dictionary + FrequencyWords tr_50k
f39180a1-ea95-5a8d-a33d-8c7e3a4eae91,BİLİM,5,true,true,2026-08-02T00:00:00Z,13591,1473,Zemberek master-dictionary + FrequencyWords tr_50k
0f809b97-7c0b-532c-a4ab-eb59350512db,BİLİR,5,true,true,2026-08-02T00:00:00Z,24477,838,Zemberek master-dictionary + FrequencyWords tr_50k
4093cf54-a5b0-5c78-a657-c29dff6eff3e,BİNDİ,5,true,true,2026-08-02T00:00:00Z,1232,12986,Zemberek master-dictionary + FrequencyWords tr_50k
f028b56a-9543-5ba3-b6d2-269b67e72bd4,BİNER,5,true,true,2026-08-02T00:00:00Z,649,21696,Zemberek master-dictionary + FrequencyWords tr_50k
ffbe54c1-40e4-5700-99d5-921d9007be67,BİRER,5,true,true,2026-08-02T00:00:00Z,11224,1749,Zemberek master-dictionary + FrequencyWords tr_50k
4cea0af2-cdc4-56da-82f7-481cee037db2,BİREY,5,true,true,2026-08-02T00:00:00Z,827,17904,Zemberek master-dictionary + FrequencyWords tr_50k
3c6058ca-f79a-5e62-a112-8b4a366cdc97,BİRİM,5,true,true,2026-08-02T00:00:00Z,2818,6428,Zemberek master-dictionary + FrequencyWords tr_50k
ef71f2f8-0cbc-575c-868b-ff26c261a4f8,BİTAP,5,true,true,2026-08-02T00:00:00Z,331,36118,Zemberek master-dictionary + FrequencyWords tr_50k
8b5d5807-5e9a-5881-9c78-a9e4bffc051b,BİTKİ,5,true,true,2026-08-02T00:00:00Z,3059,5969,Zemberek master-dictionary + FrequencyWords tr_50k
c3cf1184-f45f-5707-b2e3-a56b03cf4a58,BİTİK,5,true,true,2026-08-02T00:00:00Z,485,27122,Zemberek master-dictionary + FrequencyWords tr_50k
1eaa95a3-61f6-5c53-97df-2bc69102a1ce,BİZCE,5,true,true,2026-08-02T00:00:00Z,494,26727,Zemberek master-dictionary + FrequencyWords tr_50k
1229b3a9-56fb-58d0-93e2-8a9b7f05c511,BİÇİM,5,true,true,2026-08-02T00:00:00Z,3807,4882,Zemberek master-dictionary + FrequencyWords tr_50k
cefca146-5580-57dc-82d8-e9d962c478e2,CADDE,5,true,true,2026-08-02T00:00:00Z,3409,5393,Zemberek master-dictionary + FrequencyWords tr_50k
55aa31bc-3e76-5bb2-9ee3-9b30c64391dd,CAHİL,5,true,true,2026-08-02T00:00:00Z,1636,10244,Zemberek master-dictionary + FrequencyWords tr_50k
415415c0-fe85-5059-9b8c-5a6433a441ab,CANLI,5,true,true,2026-08-02T00:00:00Z,22548,912,Zemberek master-dictionary + FrequencyWords tr_50k
b7d36fbe-668f-557e-b931-27752116b94f,CASUS,5,true,true,2026-08-02T00:00:00Z,3354,5501,Zemberek master-dictionary + FrequencyWords tr_50k
015d8f70-d938-5ebc-9d88-bf61a843cebd,CAYIR,5,true,true,2026-08-02T00:00:00Z,477,27443,Zemberek master-dictionary + FrequencyWords tr_50k
8dc6ed80-b139-521a-a9ff-e43ec66275ff,CAZİP,5,true,true,2026-08-02T00:00:00Z,1080,14439,Zemberek master-dictionary + FrequencyWords tr_50k
4b7cd378-91ec-5358-8c3b-6206bbf866ea,CEBİR,5,true,true,2026-08-02T00:00:00Z,292,39592,Zemberek master-dictionary + FrequencyWords tr_50k
b263b557-7197-54db-b8df-957d3427bdea,CEKET,5,true,true,2026-08-02T00:00:00Z,2595,6914,Zemberek master-dictionary + FrequencyWords tr_50k
9c3709d9-4971-54ab-9911-560e72d1b95e,CEMAL,5,true,true,2026-08-02T00:00:00Z,529,25350,Zemberek master-dictionary + FrequencyWords tr_50k
8271fc89-1adf-5957-9ebb-b59a04868d05,CEMRE,5,true,true,2026-08-02T00:00:00Z,704,20366,Zemberek master-dictionary + FrequencyWords tr_50k
dd39541b-6cd1-502d-9814-ae49956f0925,CEPHE,5,true,true,2026-08-02T00:00:00Z,823,17973,Zemberek master-dictionary + FrequencyWords tr_50k
fb388e2f-8a28-5ddc-9c62-6c9efef45d1f,CESUR,5,true,true,2026-08-02T00:00:00Z,10544,1863,Zemberek master-dictionary + FrequencyWords tr_50k
74a87819-68a9-5e9b-9850-4e166cddc66e,CEVAP,5,true,true,2026-08-02T00:00:00Z,49354,430,Zemberek master-dictionary + FrequencyWords tr_50k
3f7e3cf2-46b8-5731-8fc2-c53a6dc34f3a,CEVİZ,5,true,true,2026-08-02T00:00:00Z,1126,13950,Zemberek master-dictionary + FrequencyWords tr_50k
1b80e2ee-d891-5ff8-9087-72f2ae1b339e,CEZAİ,5,true,true,2026-08-02T00:00:00Z,354,34291,Zemberek master-dictionary + FrequencyWords tr_50k
88b0ebdd-3669-54f8-b40d-2444a424dfbd,CILIZ,5,true,true,2026-08-02T00:00:00Z,594,23212,Zemberek master-dictionary + FrequencyWords tr_50k
9b3d6257-d300-5b28-b256-e4b5782e29d9,COŞKU,5,true,true,2026-08-02T00:00:00Z,422,30172,Zemberek master-dictionary + FrequencyWords tr_50k
1045cf81-0443-5552-9ebe-933318b2e437,CUBUR,5,true,true,2026-08-02T00:00:00Z,613,22686,Zemberek master-dictionary + FrequencyWords tr_50k
5c90a5a6-420e-5d3b-a713-8ff8793f511a,CÜRET,5,true,true,2026-08-02T00:00:00Z,4524,4204,Zemberek master-dictionary + FrequencyWords tr_50k
787322a4-1ddd-5d13-87d4-e1e9b392fe45,CİDDİ,5,true,true,2026-08-02T00:00:00Z,45995,459,Zemberek master-dictionary + FrequencyWords tr_50k
2fbb638f-aff9-5d30-a94b-277e3cf21813,CİHAZ,5,true,true,2026-08-02T00:00:00Z,1706,9917,Zemberek master-dictionary + FrequencyWords tr_50k
c45c27e4-b866-576f-9313-9da08f065523,CİMRİ,5,true,true,2026-08-02T00:00:00Z,877,17050,Zemberek master-dictionary + FrequencyWords tr_50k
bbb5c997-ab88-5f11-8723-227b7276148b,CİSİM,5,true,true,2026-08-02T00:00:00Z,674,21052,Zemberek master-dictionary + FrequencyWords tr_50k
7399973d-f116-578e-96e2-30dbb6cea8b1,CİĞER,5,true,true,2026-08-02T00:00:00Z,549,24621,Zemberek master-dictionary + FrequencyWords tr_50k
69564630-f7f4-5434-b45b-6a3b1555d685,DAHİL,5,true,true,2026-08-02T00:00:00Z,14995,1339,Zemberek master-dictionary + FrequencyWords tr_50k
ca5a5fe8-2339-56a5-9636-b348e404a0e2,DAKİK,5,true,true,2026-08-02T00:00:00Z,435,29452,Zemberek master-dictionary + FrequencyWords tr_50k
206e925c-c821-5cf1-8b44-e164e7314d01,DALGA,5,true,true,2026-08-02T00:00:00Z,26054,793,Zemberek master-dictionary + FrequencyWords tr_50k
1e477e3e-be55-5574-a35e-6a37766ed69f,DAMAR,5,true,true,2026-08-02T00:00:00Z,1667,10091,Zemberek master-dictionary + FrequencyWords tr_50k
642bad7f-a0bc-5872-9e58-2f435f752542,DAMAT,5,true,true,2026-08-02T00:00:00Z,1778,9534,Zemberek master-dictionary + FrequencyWords tr_50k
2f1cfb6c-cefc-59bf-a700-2c4d9c351c8c,DAMGA,5,true,true,2026-08-02T00:00:00Z,390,31962,Zemberek master-dictionary + FrequencyWords tr_50k
39ff9681-2593-5406-a191-2bbc57408865,DAMLA,5,true,true,2026-08-02T00:00:00Z,2504,7122,Zemberek master-dictionary + FrequencyWords tr_50k
6f85dae7-775a-57dc-8e72-889c49130fd1,DARBE,5,true,true,2026-08-02T00:00:00Z,4828,3970,Zemberek master-dictionary + FrequencyWords tr_50k
8184842c-5ead-5011-a39b-fadb99ed6f94,DAVET,5,true,true,2026-08-02T00:00:00Z,21497,947,Zemberek master-dictionary + FrequencyWords tr_50k
359d3236-63bf-5b62-852e-cc178bba9450,DAVUL,5,true,true,2026-08-02T00:00:00Z,1298,12431,Zemberek master-dictionary + FrequencyWords tr_50k
fc4dfaa4-e8b3-5e2e-80b6-10e818f629a1,DAYAK,5,true,true,2026-08-02T00:00:00Z,3724,4973,Zemberek master-dictionary + FrequencyWords tr_50k
c9e1014e-3f72-5a36-a91a-078d2baf1587,DAİMA,5,true,true,2026-08-02T00:00:00Z,13289,1498,Zemberek master-dictionary + FrequencyWords tr_50k
c50839b3-e361-535d-9e43-672990976365,DAİRE,5,true,true,2026-08-02T00:00:00Z,5442,3561,Zemberek master-dictionary + FrequencyWords tr_50k
2d899b93-28a5-52d6-a68d-34ff15f81386,DEKAN,5,true,true,2026-08-02T00:00:00Z,1184,13373,Zemberek master-dictionary + FrequencyWords tr_50k
9cced961-98e3-5d59-9331-853e2f9d8f08,DEKOR,5,true,true,2026-08-02T00:00:00Z,399,31430,Zemberek master-dictionary + FrequencyWords tr_50k
f30711da-8d8a-583b-8ade-6ae12d5ca28f,DELTA,5,true,true,2026-08-02T00:00:00Z,1998,8637,Zemberek master-dictionary + FrequencyWords tr_50k
6e8eddcb-a057-5dbd-8ddd-278023c8d4b3,DELİK,5,true,true,2026-08-02T00:00:00Z,6838,2865,Zemberek master-dictionary + FrequencyWords tr_50k
dadad33d-e44f-5683-8e7c-0030188a997a,DELİL,5,true,true,2026-08-02T00:00:00Z,4856,3943,Zemberek master-dictionary + FrequencyWords tr_50k
bfd92aba-b616-56bd-a89f-d8cc14ca5d2d,DEMET,5,true,true,2026-08-02T00:00:00Z,457,28321,Zemberek master-dictionary + FrequencyWords tr_50k
9fc54d27-4d63-5770-b324-90d3ffc18e30,DEMİN,5,true,true,2026-08-02T00:00:00Z,3854,4832,Zemberek master-dictionary + FrequencyWords tr_50k
3bc0ad4c-dfff-553e-99e5-5d159a84a58b,DEMİR,5,true,true,2026-08-02T00:00:00Z,6136,3196,Zemberek master-dictionary + FrequencyWords tr_50k
2734b9ae-79e6-54ae-a750-89bcc4d35773,DENEK,5,true,true,2026-08-02T00:00:00Z,723,19952,Zemberek master-dictionary + FrequencyWords tr_50k
32517cda-23bd-5023-a0d3-0ef6716fbc61,DENEY,5,true,true,2026-08-02T00:00:00Z,3185,5751,Zemberek master-dictionary + FrequencyWords tr_50k
c538918e-7a02-5d9a-bcb7-3ead12c03320,DENGE,5,true,true,2026-08-02T00:00:00Z,1473,11170,Zemberek master-dictionary + FrequencyWords tr_50k
de10fc92-e61a-5b81-971d-5a3678d2b1af,DENLİ,5,true,true,2026-08-02T00:00:00Z,1626,10300,Zemberek master-dictionary + FrequencyWords tr_50k
1bbde9e2-3ea6-5e19-8765-5b36bb50b057,DENİM,5,true,true,2026-08-02T00:00:00Z,375,32878,Zemberek master-dictionary + FrequencyWords tr_50k
48e1626d-997e-56f4-aad1-1cf1e027b907,DENİZ,5,true,true,2026-08-02T00:00:00Z,17986,1108,Zemberek master-dictionary + FrequencyWords tr_50k
a0f5dfcc-4a53-5f2a-a101-60a0f2742cae,DERGİ,5,true,true,2026-08-02T00:00:00Z,1984,8697,Zemberek master-dictionary + FrequencyWords tr_50k
c23667fd-9e0e-56f8-a413-93eef5c6ee99,DERİN,5,true,true,2026-08-02T00:00:00Z,15282,1311,Zemberek master-dictionary + FrequencyWords tr_50k
1f94a5b3-613c-5aa0-b3e6-8e7745a77b85,DESEN,5,true,true,2026-08-02T00:00:00Z,1038,14902,Zemberek master-dictionary + FrequencyWords tr_50k
da95c7d3-fa3e-5073-b03c-0e4720755f25,DESTE,5,true,true,2026-08-02T00:00:00Z,481,27256,Zemberek master-dictionary + FrequencyWords tr_50k
8902482b-fed4-5cc7-a60f-f4963fd2309c,DETAY,5,true,true,2026-08-02T00:00:00Z,1431,11441,Zemberek master-dictionary + FrequencyWords tr_50k
d910e7e3-4ace-52f1-8dd1-12405a178841,DEVRE,5,true,true,2026-08-02T00:00:00Z,4807,3984,Zemberek master-dictionary + FrequencyWords tr_50k
3539658f-58ef-56d0-9726-22219a82498a,DEVİR,5,true,true,2026-08-02T00:00:00Z,879,17024,Zemberek master-dictionary + FrequencyWords tr_50k
64bffc50-cb32-56e0-aa1f-a91ea53251fb,DEYİM,5,true,true,2026-08-02T00:00:00Z,1446,11362,Zemberek master-dictionary + FrequencyWords tr_50k
ce6ff1e7-4d11-53bb-a9ca-034661cdde82,DEYİŞ,5,true,true,2026-08-02T00:00:00Z,309,37903,Zemberek master-dictionary + FrequencyWords tr_50k
22b12e39-9e47-50ec-9560-d35c99d170c9,DEĞER,5,true,true,2026-08-02T00:00:00Z,17733,1128,Zemberek master-dictionary + FrequencyWords tr_50k
80b5d56d-f2eb-5ea0-ab10-24753d39941d,DEŞİK,5,true,true,2026-08-02T00:00:00Z,496,26640,Zemberek master-dictionary + FrequencyWords tr_50k
8967f81a-6070-585a-973a-9367940e8542,DIŞKI,5,true,true,2026-08-02T00:00:00Z,538,25029,Zemberek master-dictionary + FrequencyWords tr_50k
d2f68f66-9cca-564d-a2cb-214bd046d213,DOKUZ,5,true,true,2026-08-02T00:00:00Z,11390,1724,Zemberek master-dictionary + FrequencyWords tr_50k
654131a4-e356-5252-ae8f-2ef7e1c92e13,DOLAP,5,true,true,2026-08-02T00:00:00Z,1997,8638,Zemberek master-dictionary + FrequencyWords tr_50k
5691531a-8493-5453-bf63-db364a2dabc3,DOLAR,5,true,true,2026-08-02T00:00:00Z,53062,397,Zemberek master-dictionary + FrequencyWords tr_50k
e642f151-be8d-558e-8030-ec559c893b54,DOLGU,5,true,true,2026-08-02T00:00:00Z,335,35748,Zemberek master-dictionary + FrequencyWords tr_50k
4753927d-e172-5208-812c-13043d6990bb,DOLMA,5,true,true,2026-08-02T00:00:00Z,390,31981,Zemberek master-dictionary + FrequencyWords tr_50k
525739db-2d79-54e7-84ff-522fc81527ef,DOMUZ,5,true,true,2026-08-02T00:00:00Z,11711,1687,Zemberek master-dictionary + FrequencyWords tr_50k
69732ec3-1e89-515e-ad1a-3d9d1d63e2ee,DONUK,5,true,true,2026-08-02T00:00:00Z,519,25694,Zemberek master-dictionary + FrequencyWords tr_50k
bf79096f-ee44-53da-a466-cb341502ff55,DONÖR,5,true,true,2026-08-02T00:00:00Z,540,24954,Zemberek master-dictionary + FrequencyWords tr_50k
179a0ed3-0dbc-547d-ba53-8fbf3d2d9062,DORUK,5,true,true,2026-08-02T00:00:00Z,324,36622,Zemberek master-dictionary + FrequencyWords tr_50k
e672d579-1d66-5fb5-a136-4584b58c22c0,DOSYA,5,true,true,2026-08-02T00:00:00Z,4800,3990,Zemberek master-dictionary + FrequencyWords tr_50k
6de70546-ad93-5b2f-baff-34351e7fa1d6,DOĞAL,5,true,true,2026-08-02T00:00:00Z,14783,1356,Zemberek master-dictionary + FrequencyWords tr_50k
3299c5f5-52af-5b47-b755-2393e703428c,DOĞAN,5,true,true,2026-08-02T00:00:00Z,2232,7863,Zemberek master-dictionary + FrequencyWords tr_50k
27f6cab6-5395-57fc-8a54-4d17d06113a3,DOĞMA,5,true,true,2026-08-02T00:00:00Z,488,26975,Zemberek master-dictionary + FrequencyWords tr_50k
63f5a6f6-4e7c-532e-bb7c-559989483fd5,DOĞUM,5,true,true,2026-08-02T00:00:00Z,28931,714,Zemberek master-dictionary + FrequencyWords tr_50k
5a238f72-9cc2-599a-b08e-fb58e3ddcced,DRAMA,5,true,true,2026-08-02T00:00:00Z,1748,9694,Zemberek master-dictionary + FrequencyWords tr_50k
ff73f7c3-c495-5547-81c6-b317b8424f0d,DUBLE,5,true,true,2026-08-02T00:00:00Z,1340,12102,Zemberek master-dictionary + FrequencyWords tr_50k
2fa44e6e-9508-5b52-a90b-8249a32745b4,DUDAK,5,true,true,2026-08-02T00:00:00Z,1591,10490,Zemberek master-dictionary + FrequencyWords tr_50k
6f8b9103-77fc-576e-a777-92e2242f85ca,DUMAN,5,true,true,2026-08-02T00:00:00Z,4098,4585,Zemberek master-dictionary + FrequencyWords tr_50k
974f1378-65eb-507f-88a2-dbcd12a3a88d,DURAK,5,true,true,2026-08-02T00:00:00Z,1497,11023,Zemberek master-dictionary + FrequencyWords tr_50k
7c71b360-07c4-5912-9abf-e81138fd394e,DURUM,5,true,true,2026-08-02T00:00:00Z,47505,445,Zemberek master-dictionary + FrequencyWords tr_50k
51c3cd4a-f77f-581a-8080-fb4213169d2d,DUVAR,5,true,true,2026-08-02T00:00:00Z,5113,3765,Zemberek master-dictionary + FrequencyWords tr_50k
3c7ab635-92ae-5a47-b39d-e9c86fcab21a,DUYAR,5,true,true,2026-08-02T00:00:00Z,2885,6270,Zemberek master-dictionary + FrequencyWords tr_50k
a361579c-e5ac-53b8-95f8-e037f5110596,DUYGU,5,true,true,2026-08-02T00:00:00Z,5429,3570,Zemberek master-dictionary + FrequencyWords tr_50k
87e0c976-4f10-5c2b-bdad-1e8e24ab578e,DÖKME,5,true,true,2026-08-02T00:00:00Z,542,24884,Zemberek master-dictionary + FrequencyWords tr_50k
5ae2940e-cb8a-5698-9ce8-968566627374,DÖNEK,5,true,true,2026-08-02T00:00:00Z,419,30314,Zemberek master-dictionary + FrequencyWords tr_50k
cc99370a-da17-5317-9f10-ec0a782d6d83,DÖNEM,5,true,true,2026-08-02T00:00:00Z,4059,4633,Zemberek master-dictionary + FrequencyWords tr_50k
9d30d1c8-7c7e-54fc-bfc4-de1600ad7157,DÖNER,5,true,true,2026-08-02T00:00:00Z,6258,3141,Zemberek master-dictionary + FrequencyWords tr_50k
9b6aec23-1711-52fe-a887-ee00d4ce8885,DÖNGÜ,5,true,true,2026-08-02T00:00:00Z,724,19921,Zemberek master-dictionary + FrequencyWords tr_50k
c71553c6-d579-5adb-abc1-aa17956de9b0,DÖNME,5,true,true,2026-08-02T00:00:00Z,3570,5177,Zemberek master-dictionary + FrequencyWords tr_50k
7d7ae9db-84cf-515b-b46f-d7dad3d58dd6,DÖNÜK,5,true,true,2026-08-02T00:00:00Z,852,17463,Zemberek master-dictionary + FrequencyWords tr_50k
8f3b7f32-5ec8-55c3-8120-19d91129b891,DÖNÜM,5,true,true,2026-08-02T00:00:00Z,1600,10435,Zemberek master-dictionary + FrequencyWords tr_50k
26a604ab-0634-50c6-879c-cd912a468e10,DÖVME,5,true,true,2026-08-02T00:00:00Z,2824,6407,Zemberek master-dictionary + FrequencyWords tr_50k
be82c601-1a7e-56c4-9e7c-0678e7fa5512,DÖVÜŞ,5,true,true,2026-08-02T00:00:00Z,6808,2874,Zemberek master-dictionary + FrequencyWords tr_50k
23ce32db-f771-59c3-807c-e6750bafde0c,DÜDÜK,5,true,true,2026-08-02T00:00:00Z,748,19416,Zemberek master-dictionary + FrequencyWords tr_50k
6651b946-2cf0-5dc5-866c-20babe6e538e,DÜMEN,5,true,true,2026-08-02T00:00:00Z,1031,14990,Zemberek master-dictionary + FrequencyWords tr_50k
38d17d9b-90ee-5c81-ac13-7f5bdbf8e8c0,DÜNYA,5,true,true,2026-08-02T00:00:00Z,54663,388,Zemberek master-dictionary + FrequencyWords tr_50k
c603f6f6-4906-5846-8271-931a310cdf55,DÜRTÜ,5,true,true,2026-08-02T00:00:00Z,396,31598,Zemberek master-dictionary + FrequencyWords tr_50k
3065a543-723d-5b93-8cdd-134a6e913e89,DÜRÜM,5,true,true,2026-08-02T00:00:00Z,328,36291,Zemberek master-dictionary + FrequencyWords tr_50k
f02dc0df-f671-5d58-b501-111fcc0c0521,DÜZEN,5,true,true,2026-08-02T00:00:00Z,3895,4793,Zemberek master-dictionary + FrequencyWords tr_50k
0e075a42-7e63-578a-bade-55b26b224352,DÜZEY,5,true,true,2026-08-02T00:00:00Z,2175,8048,Zemberek master-dictionary + FrequencyWords tr_50k
f0ad5897-80c2-5f1c-865a-8cbe168b2fe6,DÜĞME,5,true,true,2026-08-02T00:00:00Z,1498,11018,Zemberek master-dictionary + FrequencyWords tr_50k
5e65a1de-dbf4-5773-9b5d-4cd5c3101424,DÜĞÜM,5,true,true,2026-08-02T00:00:00Z,894,16802,Zemberek master-dictionary + FrequencyWords tr_50k
665bb66d-36a1-5722-98f7-62d9220bc7c4,DÜĞÜN,5,true,true,2026-08-02T00:00:00Z,11682,1696,Zemberek master-dictionary + FrequencyWords tr_50k
3a6da118-d2ea-5f44-abbc-a7c2f1a08d09,DÜŞES,5,true,true,2026-08-02T00:00:00Z,614,22670,Zemberek master-dictionary + FrequencyWords tr_50k
c4ee85a5-0fdc-53c4-ba1f-40acd8855829,DÜŞÜK,5,true,true,2026-08-02T00:00:00Z,9145,2132,Zemberek master-dictionary + FrequencyWords tr_50k
76cd2c31-e484-558a-b4eb-00f25d04899e,DÜŞÜN,5,true,true,2026-08-02T00:00:00Z,24286,848,Zemberek master-dictionary + FrequencyWords tr_50k
06edd1a7-440d-59a0-ba05-4c6c636e945d,DİDİK,5,true,true,2026-08-02T00:00:00Z,868,17198,Zemberek master-dictionary + FrequencyWords tr_50k
067cef5b-7a5e-5964-9ae3-5b5ad52abf3c,DİKEN,5,true,true,2026-08-02T00:00:00Z,2089,8321,Zemberek master-dictionary + FrequencyWords tr_50k
32fff121-5671-5a44-aea7-5b154f21d235,DİKEY,5,true,true,2026-08-02T00:00:00Z,593,23249,Zemberek master-dictionary + FrequencyWords tr_50k
babaeb5d-be3b-55a4-8328-b0b5c7c503aa,DİKİZ,5,true,true,2026-08-02T00:00:00Z,357,34120,Zemberek master-dictionary + FrequencyWords tr_50k
d0fc1ff6-0f39-5a92-aeaa-05571ac81596,DİKİŞ,5,true,true,2026-08-02T00:00:00Z,2994,6079,Zemberek master-dictionary + FrequencyWords tr_50k
4db64703-88b9-5772-a994-e09787856dbd,DİLEK,5,true,true,2026-08-02T00:00:00Z,2649,6782,Zemberek master-dictionary + FrequencyWords tr_50k
cb2ad3c9-d77b-5a7e-90c8-3aee07a57bca,DİLİM,5,true,true,2026-08-02T00:00:00Z,2632,6830,Zemberek master-dictionary + FrequencyWords tr_50k
6b09ee74-b57c-5a29-98cb-0f782dab11d6,DİNAR,5,true,true,2026-08-02T00:00:00Z,437,29344,Zemberek master-dictionary + FrequencyWords tr_50k
96ce024b-16bf-5d49-ba07-05a275b32398,DİREK,5,true,true,2026-08-02T00:00:00Z,5114,3762,Zemberek master-dictionary + FrequencyWords tr_50k
ce810afb-da8e-5291-93d8-342d2a5e4826,DİSKO,5,true,true,2026-08-02T00:00:00Z,888,16880,Zemberek master-dictionary + FrequencyWords tr_50k
f68ee5ce-35e1-5874-8b4c-f63797c0a62c,DİVAN,5,true,true,2026-08-02T00:00:00Z,294,39378,Zemberek master-dictionary + FrequencyWords tr_50k
67646d72-d7a4-5df8-9eba-4fff81e8bdce,DİYET,5,true,true,2026-08-02T00:00:00Z,1633,10261,Zemberek master-dictionary + FrequencyWords tr_50k
95359e73-edf3-5f77-bf93-b93ae47cfb45,DİZİM,5,true,true,2026-08-02T00:00:00Z,451,28652,Zemberek master-dictionary + FrequencyWords tr_50k
14fc2e17-9eb9-56b4-8c69-e902ef930361,DİZİN,5,true,true,2026-08-02T00:00:00Z,432,29601,Zemberek master-dictionary + FrequencyWords tr_50k
117b8b66-5f11-5d2c-a0fb-35e56e96f63f,DİŞLİ,5,true,true,2026-08-02T00:00:00Z,862,17305,Zemberek master-dictionary + FrequencyWords tr_50k
895a7ec7-4436-5130-bee3-8de167d1560f,EGZOZ,5,true,true,2026-08-02T00:00:00Z,307,38023,Zemberek master-dictionary + FrequencyWords tr_50k
53adb3f6-5f48-5f69-915f-a90a1ec81291,EJDER,5,true,true,2026-08-02T00:00:00Z,2095,8300,Zemberek master-dictionary + FrequencyWords tr_50k
ebc646f0-eb1f-5ab9-a3b5-4fdeb07d1a75,EKLEM,5,true,true,2026-08-02T00:00:00Z,504,26336,Zemberek master-dictionary + FrequencyWords tr_50k
7545d275-a9b9-5c8e-9496-d126af7766ad,EKRAN,5,true,true,2026-08-02T00:00:00Z,1231,12999,Zemberek master-dictionary + FrequencyWords tr_50k
1e5998eb-0a54-5e99-b036-c7df11e58ecc,EKSİK,5,true,true,2026-08-02T00:00:00Z,8195,2398,Zemberek master-dictionary + FrequencyWords tr_50k
69c2bd61-d3f0-5c00-ae63-2d7119f3f1a3,ELBET,5,true,true,2026-08-02T00:00:00Z,1493,11050,Zemberek master-dictionary + FrequencyWords tr_50k
e053bd78-b5f0-51a9-99cd-6eb4e4d10d8e,ELDEN,5,true,true,2026-08-02T00:00:00Z,3581,5153,Zemberek master-dictionary + FrequencyWords tr_50k
823ab547-4df3-559c-b9f1-3aff493d3ba0,ELMAS,5,true,true,2026-08-02T00:00:00Z,3415,5381,Zemberek master-dictionary + FrequencyWords tr_50k
b404b559-fe6b-527c-80f3-9a26bdd3f63c,EMLAK,5,true,true,2026-08-02T00:00:00Z,1586,10516,Zemberek master-dictionary + FrequencyWords tr_50k
e69b6c7e-c1c5-57f1-8a5a-7a35d0bc99b2,ENAYİ,5,true,true,2026-08-02T00:00:00Z,1172,13470,Zemberek master-dictionary + FrequencyWords tr_50k
04cfdf9f-4010-525d-8fe4-33950ef4d21b,ENDER,5,true,true,2026-08-02T00:00:00Z,1365,11909,Zemberek master-dictionary + FrequencyWords tr_50k
6752345c-3e24-5963-a668-0702ffeb3cb6,ENFES,5,true,true,2026-08-02T00:00:00Z,1328,12184,Zemberek master-dictionary + FrequencyWords tr_50k
2b9594d8-c7df-5b68-9429-db0b43de596c,ENGEL,5,true,true,2026-08-02T00:00:00Z,11698,1691,Zemberek master-dictionary + FrequencyWords tr_50k
31f21663-510b-5f9b-9b01-b91fdd45f301,ENGİN,5,true,true,2026-08-02T00:00:00Z,760,19187,Zemberek master-dictionary + FrequencyWords tr_50k
b71549c9-4648-56d9-b05a-9dd8bf0c6723,ENKAZ,5,true,true,2026-08-02T00:00:00Z,1185,13367,Zemberek master-dictionary + FrequencyWords tr_50k
0e560ae7-39a8-5214-b2ce-2ef364287578,ERDEM,5,true,true,2026-08-02T00:00:00Z,430,29730,Zemberek master-dictionary + FrequencyWords tr_50k
cf8d36e3-3f8e-533a-bcd1-633e866af314,ERGEN,5,true,true,2026-08-02T00:00:00Z,1114,14073,Zemberek master-dictionary + FrequencyWords tr_50k
e39bb6a4-8b91-5041-a115-aa94bd46eae0,ERKEK,5,true,true,2026-08-02T00:00:00Z,67966,320,Zemberek master-dictionary + FrequencyWords tr_50k
2c264daa-a4dd-5f2c-9d92-416c78387e13,ERKEN,5,true,true,2026-08-02T00:00:00Z,27586,743,Zemberek master-dictionary + FrequencyWords tr_50k
0b1ea00f-84b2-5e24-b50a-254c8f4affe6,EROİN,5,true,true,2026-08-02T00:00:00Z,2794,6485,Zemberek master-dictionary + FrequencyWords tr_50k
9c22261a-ff3d-5f35-812b-fe813ec10349,ERZAK,5,true,true,2026-08-02T00:00:00Z,1105,14162,Zemberek master-dictionary + FrequencyWords tr_50k
04131c60-c471-514d-b485-0f70123c2c5a,ERİKA,5,true,true,2026-08-02T00:00:00Z,509,26116,Zemberek master-dictionary + FrequencyWords tr_50k
c6252f63-4898-508a-a268-2a285667522d,ESMER,5,true,true,2026-08-02T00:00:00Z,1516,10910,Zemberek master-dictionary + FrequencyWords tr_50k
cb597e0a-9e0c-5246-923e-17dfdf92d954,ESNEK,5,true,true,2026-08-02T00:00:00Z,1089,14349,Zemberek master-dictionary + FrequencyWords tr_50k
a43d91bf-b3c8-59dd-a0ff-db74b838ecd1,ESPRİ,5,true,true,2026-08-02T00:00:00Z,3732,4964,Zemberek master-dictionary + FrequencyWords tr_50k
f190d86d-dd02-536b-9283-b3f881ea12e9,ESRAR,5,true,true,2026-08-02T00:00:00Z,2627,6840,Zemberek master-dictionary + FrequencyWords tr_50k
156a22a1-9da2-5257-888d-ac410b5d1b70,ETKEN,5,true,true,2026-08-02T00:00:00Z,302,38580,Zemberek master-dictionary + FrequencyWords tr_50k
1ca686b4-ed05-5142-b52d-4fec4d8a360d,ETKİN,5,true,true,2026-08-02T00:00:00Z,1050,14754,Zemberek master-dictionary + FrequencyWords tr_50k
70170714-da89-5975-84df-d7caacb3ff24,ETMEN,5,true,true,2026-08-02T00:00:00Z,7163,2746,Zemberek master-dictionary + FrequencyWords tr_50k
472e88c1-c1f3-50f8-935e-bbe2f303a989,ETNİK,5,true,true,2026-08-02T00:00:00Z,615,22643,Zemberek master-dictionary + FrequencyWords tr_50k
02fa487a-2abc-5ab5-bf4e-0bf17fa46462,ETRAF,5,true,true,2026-08-02T00:00:00Z,1102,14206,Zemberek master-dictionary + FrequencyWords tr_50k
6fb633b0-38a2-59c0-9a37-306f60802f7a,EVCİL,5,true,true,2026-08-02T00:00:00Z,2365,7501,Zemberek master-dictionary + FrequencyWords tr_50k
e8f79c7a-055b-526c-9b7a-a4f455b74fb2,EVRAK,5,true,true,2026-08-02T00:00:00Z,2698,6677,Zemberek master-dictionary + FrequencyWords tr_50k
c9873dbb-237e-574b-8519-13ee18d9daa8,EVREN,5,true,true,2026-08-02T00:00:00Z,3028,6022,Zemberek master-dictionary + FrequencyWords tr_50k
d8b6961b-9eb4-5126-9978-559915d62935,EVRİM,5,true,true,2026-08-02T00:00:00Z,1417,11532,Zemberek master-dictionary + FrequencyWords tr_50k
c57bd4c8-ae6c-5fe4-9418-e23af0680ed8,EYLEM,5,true,true,2026-08-02T00:00:00Z,1294,12466,Zemberek master-dictionary + FrequencyWords tr_50k
d4fc4741-e4d0-585a-8ab3-f2233f77d234,EYLÜL,5,true,true,2026-08-02T00:00:00Z,4031,4660,Zemberek master-dictionary + FrequencyWords tr_50k
1f9ea681-f0d1-5622-aa55-4fb61600b96b,EŞARP,5,true,true,2026-08-02T00:00:00Z,329,36267,Zemberek master-dictionary + FrequencyWords tr_50k
2e04412b-5acc-5fb9-9046-59d4a9bb3790,FACİA,5,true,true,2026-08-02T00:00:00Z,412,30733,Zemberek master-dictionary + FrequencyWords tr_50k
060177f9-605b-5be9-9827-41dce033d0f1,FAKİR,5,true,true,2026-08-02T00:00:00Z,4124,4560,Zemberek master-dictionary + FrequencyWords tr_50k
63bb3cc6-2530-5583-bdf3-4819c1360eb7,FATİH,5,true,true,2026-08-02T00:00:00Z,314,37491,Zemberek master-dictionary + FrequencyWords tr_50k
56723101-8c30-5b39-b1ba-fa2606c5bdbc,FAYDA,5,true,true,2026-08-02T00:00:00Z,1580,10560,Zemberek master-dictionary + FrequencyWords tr_50k
8caa8a8e-e185-5603-8115-4f6a8cd49ac5,FENER,5,true,true,2026-08-02T00:00:00Z,1326,12213,Zemberek master-dictionary + FrequencyWords tr_50k
c4c54e1c-2a99-5994-ac60-9c19880b4c2c,FERAH,5,true,true,2026-08-02T00:00:00Z,418,30370,Zemberek master-dictionary + FrequencyWords tr_50k
f83a5595-578a-5da6-8645-6fa3445736af,FIKRA,5,true,true,2026-08-02T00:00:00Z,747,19455,Zemberek master-dictionary + FrequencyWords tr_50k
47791113-d65d-5b39-ba2d-2d99c7469fe5,FIRIN,5,true,true,2026-08-02T00:00:00Z,1243,12889,Zemberek master-dictionary + FrequencyWords tr_50k
e6b084a6-0ebc-5e63-9f6a-fb880ddbfd0b,FIRÇA,5,true,true,2026-08-02T00:00:00Z,923,16378,Zemberek master-dictionary + FrequencyWords tr_50k
b32ad6e5-3b2e-5a67-a4ba-8fb00e960d89,FLORA,5,true,true,2026-08-02T00:00:00Z,768,19041,Zemberek master-dictionary + FrequencyWords tr_50k
1cb92f98-b108-59cd-bdda-2ef7f0f5dd8f,FLÖRT,5,true,true,2026-08-02T00:00:00Z,3603,5121,Zemberek master-dictionary + FrequencyWords tr_50k
2d245867-311f-5662-8f54-4bff5d579725,FORMA,5,true,true,2026-08-02T00:00:00Z,725,19893,Zemberek master-dictionary + FrequencyWords tr_50k
595af19c-2133-5e86-96dc-de6691da4ad2,FOSİL,5,true,true,2026-08-02T00:00:00Z,630,22222,Zemberek master-dictionary + FrequencyWords tr_50k
bec250a9-fa65-55b6-b77e-114eafabdce9,FRANK,5,true,true,2026-08-02T00:00:00Z,27590,742,Zemberek master-dictionary + FrequencyWords tr_50k
fc185642-31cd-5607-b2a6-0441d67037bb,FUHUŞ,5,true,true,2026-08-02T00:00:00Z,465,27986,Zemberek master-dictionary + FrequencyWords tr_50k
39d10ef1-32bb-583d-8640-204a74390503,FİDYE,5,true,true,2026-08-02T00:00:00Z,1694,9968,Zemberek master-dictionary + FrequencyWords tr_50k
3ae3f904-ea39-53e3-a1c6-41011359db6c,FİGÜR,5,true,true,2026-08-02T00:00:00Z,341,35317,Zemberek master-dictionary + FrequencyWords tr_50k
c0f4cdd8-ea9c-553e-8f9b-c6a0a19f19cc,FİKİR,5,true,true,2026-08-02T00:00:00Z,35729,590,Zemberek master-dictionary + FrequencyWords tr_50k
35c662d1-5310-5e59-9df3-410ddcd8c79a,FİLAN,5,true,true,2026-08-02T00:00:00Z,10689,1838,Zemberek master-dictionary + FrequencyWords tr_50k
912186f2-b9d6-5ca4-9b57-166f1cbf51ed,FİNAL,5,true,true,2026-08-02T00:00:00Z,2094,8301,Zemberek master-dictionary + FrequencyWords tr_50k
6fddefd8-85ff-5452-94fc-c9b1152b147f,FİRAR,5,true,true,2026-08-02T00:00:00Z,963,15827,Zemberek master-dictionary + FrequencyWords tr_50k
c1917272-662c-5c55-8146-47da861329e8,FİRMA,5,true,true,2026-08-02T00:00:00Z,910,16542,Zemberek master-dictionary + FrequencyWords tr_50k
b690c778-f2bf-5057-a7f9-24883a5dd302,FİTİL,5,true,true,2026-08-02T00:00:00Z,297,39082,Zemberek master-dictionary + FrequencyWords tr_50k
eb562776-254a-542b-96bf-504de62cf202,FİYAT,5,true,true,2026-08-02T00:00:00Z,3314,5563,Zemberek master-dictionary + FrequencyWords tr_50k
78be1cc5-2c6a-5758-883e-7296df7d7d27,FİZİK,5,true,true,2026-08-02T00:00:00Z,2412,7369,Zemberek master-dictionary + FrequencyWords tr_50k
a35b1ed5-383c-5d60-8082-178c9a6c917f,FİŞEK,5,true,true,2026-08-02T00:00:00Z,1365,11911,Zemberek master-dictionary + FrequencyWords tr_50k
5d4a8f85-5dda-58af-b347-cfcff048a08f,GAFİL,5,true,true,2026-08-02T00:00:00Z,615,22625,Zemberek master-dictionary + FrequencyWords tr_50k
ea8ebc0d-9dfd-593d-950c-d1558bc10922,GALON,5,true,true,2026-08-02T00:00:00Z,440,29191,Zemberek master-dictionary + FrequencyWords tr_50k
ac01e630-fc35-5ae9-a2c6-842d222551e6,GALİP,5,true,true,2026-08-02T00:00:00Z,1415,11554,Zemberek master-dictionary + FrequencyWords tr_50k
5c866d96-cb24-50a5-a252-dbbeee452b4a,GARAJ,5,true,true,2026-08-02T00:00:00Z,1456,11304,Zemberek master-dictionary + FrequencyWords tr_50k
56d8e118-8634-5bc0-a386-915d7640e7c8,GAYET,5,true,true,2026-08-02T00:00:00Z,26429,776,Zemberek master-dictionary + FrequencyWords tr_50k
9294049a-fc70-5574-8c4d-f5fcf0232cc7,GAYRİ,5,true,true,2026-08-02T00:00:00Z,993,15431,Zemberek master-dictionary + FrequencyWords tr_50k
e1f8767c-221d-550e-aa9c-196021e0f4a3,GAZOZ,5,true,true,2026-08-02T00:00:00Z,1302,12396,Zemberek master-dictionary + FrequencyWords tr_50k
b10f202c-5f76-5ec6-beb2-1a8b08ea8e1e,GELİN,5,true,true,2026-08-02T00:00:00Z,34069,616,Zemberek master-dictionary + FrequencyWords tr_50k
57778378-6c3f-5212-9b7b-9b14aece8a42,GELİR,5,true,true,2026-08-02T00:00:00Z,38210,551,Zemberek master-dictionary + FrequencyWords tr_50k
0db9f6b3-deeb-5d05-84f5-b39282f4b413,GENEL,5,true,true,2026-08-02T00:00:00Z,9151,2127,Zemberek master-dictionary + FrequencyWords tr_50k
b7106e4c-734e-5e41-9ec5-f818204fc466,GENİŞ,5,true,true,2026-08-02T00:00:00Z,7951,2468,Zemberek master-dictionary + FrequencyWords tr_50k
78a4c90a-6b29-5d30-86b1-f3462c2dbd61,GERÇİ,5,true,true,2026-08-02T00:00:00Z,8720,2233,Zemberek master-dictionary + FrequencyWords tr_50k
8e2fa18d-a7c4-55e1-b00b-e342fa183b0d,GEYİK,5,true,true,2026-08-02T00:00:00Z,2794,6483,Zemberek master-dictionary + FrequencyWords tr_50k
a3186ada-0aca-5eef-aceb-b866b618f67c,GEYŞA,5,true,true,2026-08-02T00:00:00Z,313,37527,Zemberek master-dictionary + FrequencyWords tr_50k
2b3d2580-30c2-58da-bc3d-d060b69533e4,GEÇER,5,true,true,2026-08-02T00:00:00Z,6956,2817,Zemberek master-dictionary + FrequencyWords tr_50k
dfe18e44-ae32-5afa-8436-ab68204333e6,GEÇİM,5,true,true,2026-08-02T00:00:00Z,400,31385,Zemberek master-dictionary + FrequencyWords tr_50k
5d7dbeb9-bd4f-55f9-8c3d-1aa77324b79e,GEÇİT,5,true,true,2026-08-02T00:00:00Z,3626,5094,Zemberek master-dictionary + FrequencyWords tr_50k
2a21f492-275f-5bad-a4f9-8e908e82a828,GICIK,5,true,true,2026-08-02T00:00:00Z,1128,13923,Zemberek master-dictionary + FrequencyWords tr_50k
f854ec52-10dc-597e-aae9-ada55a4755c8,GICIR,5,true,true,2026-08-02T00:00:00Z,580,23613,Zemberek master-dictionary + FrequencyWords tr_50k
2fad8572-6e1a-516b-b0ff-5a983865e7cb,GIPTA,5,true,true,2026-08-02T00:00:00Z,497,26603,Zemberek master-dictionary + FrequencyWords tr_50k
be0fa275-5e18-5eca-af18-eb9bb306cd17,GORİL,5,true,true,2026-08-02T00:00:00Z,911,16538,Zemberek master-dictionary + FrequencyWords tr_50k
d65dc9dd-1a74-5618-9d04-b0a9db623417,GOTİK,5,true,true,2026-08-02T00:00:00Z,381,32487,Zemberek master-dictionary + FrequencyWords tr_50k
888b58a1-e639-580e-a689-33182ab210df,GUGUK,5,true,true,2026-08-02T00:00:00Z,350,34618,Zemberek master-dictionary + FrequencyWords tr_50k
b854f3f0-819f-5ae9-8b19-a293ad4e0933,GURUP,5,true,true,2026-08-02T00:00:00Z,418,30368,Zemberek master-dictionary + FrequencyWords tr_50k
606b9861-5b17-5715-bf0b-058ae2cabbda,GURUR,5,true,true,2026-08-02T00:00:00Z,19533,1027,Zemberek master-dictionary + FrequencyWords tr_50k
50ded3f8-a118-57ba-8229-6517b3c6f5d5,GÖBEK,5,true,true,2026-08-02T00:00:00Z,1945,8834,Zemberek master-dictionary + FrequencyWords tr_50k
fddd3914-5a5f-5e6d-933e-e20aea17174e,GÖLGE,5,true,true,2026-08-02T00:00:00Z,2972,6111,Zemberek master-dictionary + FrequencyWords tr_50k
ea798139-dbde-5fb5-9ea0-e30187cc079c,GÖMME,5,true,true,2026-08-02T00:00:00Z,310,37821,Zemberek master-dictionary + FrequencyWords tr_50k
0d8c407d-f725-5f9a-9542-96e21368a973,GÖNÜL,5,true,true,2026-08-02T00:00:00Z,1481,11113,Zemberek master-dictionary + FrequencyWords tr_50k
78e790e1-0cd7-508e-af48-94536fa1509d,GÖREV,5,true,true,2026-08-02T00:00:00Z,17108,1167,Zemberek master-dictionary + FrequencyWords tr_50k
299c1b8e-3b70-502f-837d-063288850be9,GÖRGÜ,5,true,true,2026-08-02T00:00:00Z,4056,4638,Zemberek master-dictionary + FrequencyWords tr_50k
000f3d92-b2a2-5f3e-9235-46d3cd20958d,GÖRÜŞ,5,true,true,2026-08-02T00:00:00Z,4623,4132,Zemberek master-dictionary + FrequencyWords tr_50k
344d4c8f-fdc9-53c0-81be-a7a154ecdcd4,GÖTÜN,5,true,true,2026-08-02T00:00:00Z,748,19418,Zemberek master-dictionary + FrequencyWords tr_50k
feaf1c3a-f60b-5f47-a3a0-8adfc19bc7be,GÖVDE,5,true,true,2026-08-02T00:00:00Z,833,17782,Zemberek master-dictionary + FrequencyWords tr_50k
3d60a13d-678e-523b-aa90-aa2939af30c5,GÖZCÜ,5,true,true,2026-08-02T00:00:00Z,798,18449,Zemberek master-dictionary + FrequencyWords tr_50k
bf00f2e1-0630-52a6-94fd-b66b95ad305d,GÖZDE,5,true,true,2026-08-02T00:00:00Z,1362,11939,Zemberek master-dictionary + FrequencyWords tr_50k
ab7e4db1-ea31-5703-a937-0288115806ca,GÖĞÜS,5,true,true,2026-08-02T00:00:00Z,6323,3106,Zemberek master-dictionary + FrequencyWords tr_50k
ec9b8a34-16b1-5f5d-8e25-7f47234298db,GÜBRE,5,true,true,2026-08-02T00:00:00Z,966,15787,Zemberek master-dictionary + FrequencyWords tr_50k
356f4888-b0e6-5f4c-bd7f-7eacf869d7df,GÜCÜN,5,true,true,2026-08-02T00:00:00Z,3874,4814,Zemberek master-dictionary + FrequencyWords tr_50k
effd64ee-e765-55fd-8d15-3bd8d02cc3ba,GÜMÜŞ,5,true,true,2026-08-02T00:00:00Z,5574,3488,Zemberek master-dictionary + FrequencyWords tr_50k
d4863b6a-66c4-5905-933f-409c26d71208,GÜNAH,5,true,true,2026-08-02T00:00:00Z,6589,2967,Zemberek master-dictionary + FrequencyWords tr_50k
737b5f5b-198f-586b-b00c-739e73c0efaa,GÜNDE,5,true,true,2026-08-02T00:00:00Z,13767,1450,Zemberek master-dictionary + FrequencyWords tr_50k
1ab08581-57ca-52e8-8cfc-d27512972c33,GÜNEY,5,true,true,2026-08-02T00:00:00Z,12773,1563,Zemberek master-dictionary + FrequencyWords tr_50k
6a1d5e8a-5023-5f65-ab47-f0226ed88c48,GÜNEŞ,5,true,true,2026-08-02T00:00:00Z,20547,990,Zemberek master-dictionary + FrequencyWords tr_50k
78f05c93-b030-5669-915d-e2be828aa7c1,GÜREŞ,5,true,true,2026-08-02T00:00:00Z,960,15883,Zemberek master-dictionary + FrequencyWords tr_50k
7f4d8fc3-1626-527e-96ae-dc055af4bf80,GÜVEN,5,true,true,2026-08-02T00:00:00Z,17172,1161,Zemberek master-dictionary + FrequencyWords tr_50k
735f4c9d-7ac3-5592-a714-d13685a6086c,GÜVEÇ,5,true,true,2026-08-02T00:00:00Z,559,24288,Zemberek master-dictionary + FrequencyWords tr_50k
3fb2e9b3-99b5-51eb-975e-97d3bcbe3f55,GÜZEL,5,true,true,2026-08-02T00:00:00Z,338638,54,Zemberek master-dictionary + FrequencyWords tr_50k
37294692-d078-5f4e-ac4e-df9050bc1d7f,GÜÇLÜ,5,true,true,2026-08-02T00:00:00Z,39746,527,Zemberek master-dictionary + FrequencyWords tr_50k
b823bd19-3684-5c2b-9dee-a1b5c6dc651d,GİDER,5,true,true,2026-08-02T00:00:00Z,19096,1052,Zemberek master-dictionary + FrequencyWords tr_50k
c193afd9-872a-5c80-8da7-928707e83009,GİRDİ,5,true,true,2026-08-02T00:00:00Z,13504,1484,Zemberek master-dictionary + FrequencyWords tr_50k
ed2211f9-ce59-55b3-9cea-3e4ce21540d9,GİRİŞ,5,true,true,2026-08-02T00:00:00Z,12371,1607,Zemberek master-dictionary + FrequencyWords tr_50k
18c74702-d47f-5dfc-82fe-4a22621fe3c5,GİTAR,5,true,true,2026-08-02T00:00:00Z,2470,7203,Zemberek master-dictionary + FrequencyWords tr_50k
9d56e256-e91e-5fbf-9f94-aab6a74c9f6a,GİYSİ,5,true,true,2026-08-02T00:00:00Z,1752,9672,Zemberek master-dictionary + FrequencyWords tr_50k
f8a43869-2136-5a3f-bf7d-b84860f40f9a,GİYİM,5,true,true,2026-08-02T00:00:00Z,802,18390,Zemberek master-dictionary + FrequencyWords tr_50k
08e3dd54-7f9e-595e-8c79-ce195a304560,GİZEM,5,true,true,2026-08-02T00:00:00Z,2277,7739,Zemberek master-dictionary + FrequencyWords tr_50k
9aafed05-ca78-57a6-9b45-f0187b21c803,GİZLİ,5,true,true,2026-08-02T00:00:00Z,37199,571,Zemberek master-dictionary + FrequencyWords tr_50k
842b5e05-a034-5b2e-b28c-364384183af6,HABER,5,true,true,2026-08-02T00:00:00Z,65290,333,Zemberek master-dictionary + FrequencyWords tr_50k
6e96271a-9a2d-5a5d-a4ea-6fb705aacff3,HACİZ,5,true,true,2026-08-02T00:00:00Z,349,34694,Zemberek master-dictionary + FrequencyWords tr_50k
5ce58e5e-b3dd-5c92-9914-de0b9e2f5d38,HADIM,5,true,true,2026-08-02T00:00:00Z,670,21143,Zemberek master-dictionary + FrequencyWords tr_50k
9db2cb5c-c15e-5a54-9dfa-6164c716099d,HAFTA,5,true,true,2026-08-02T00:00:00Z,75023,292,Zemberek master-dictionary + FrequencyWords tr_50k
ae7122fa-9ba9-5099-b3d6-0c7c440d8551,HAFİF,5,true,true,2026-08-02T00:00:00Z,7486,2612,Zemberek master-dictionary + FrequencyWords tr_50k
91e2c345-fa9d-59ff-8a21-bdf34bbebe5a,HAHAM,5,true,true,2026-08-02T00:00:00Z,969,15748,Zemberek master-dictionary + FrequencyWords tr_50k
79b92ca9-d86e-520b-9eb3-16fceefd862e,HAKAN,5,true,true,2026-08-02T00:00:00Z,653,21589,Zemberek master-dictionary + FrequencyWords tr_50k
b6036e50-4465-50a0-a3e7-2ae84bf47709,HAKEM,5,true,true,2026-08-02T00:00:00Z,1172,13469,Zemberek master-dictionary + FrequencyWords tr_50k
987d0fca-e901-56a2-87a4-115e8f56060b,HAKİM,5,true,true,2026-08-02T00:00:00Z,7627,2569,Zemberek master-dictionary + FrequencyWords tr_50k
817139a5-f023-5c24-a1e9-f8a28a2e8b6a,HALAT,5,true,true,2026-08-02T00:00:00Z,731,19774,Zemberek master-dictionary + FrequencyWords tr_50k
ac525802-08a3-5559-bdc5-62c8dbe11885,HALKA,5,true,true,2026-08-02T00:00:00Z,5352,3611,Zemberek master-dictionary + FrequencyWords tr_50k
bbc5f2b4-f956-554c-8867-a71c2d48efdc,HALİM,5,true,true,2026-08-02T00:00:00Z,1561,10657,Zemberek master-dictionary + FrequencyWords tr_50k
4a4d7de5-6c93-594d-be50-c776f2fe469f,HAMAM,5,true,true,2026-08-02T00:00:00Z,914,16483,Zemberek master-dictionary + FrequencyWords tr_50k
3613b86e-599c-55b7-b645-9181683329ab,HAMLE,5,true,true,2026-08-02T00:00:00Z,2692,6695,Zemberek master-dictionary + FrequencyWords tr_50k
e0b7354c-5794-54c8-96fa-373d1a992bab,HAMUR,5,true,true,2026-08-02T00:00:00Z,981,15599,Zemberek master-dictionary + FrequencyWords tr_50k
0e50bab4-5c25-557e-abfa-cd563e8ddff8,HANIM,5,true,true,2026-08-02T00:00:00Z,11767,1682,Zemberek master-dictionary + FrequencyWords tr_50k
6639c729-2af0-5d67-a2ce-275723d9d814,HAPİS,5,true,true,2026-08-02T00:00:00Z,4463,4262,Zemberek master-dictionary + FrequencyWords tr_50k
a6b0af47-485f-50bf-8583-c14f07b4d636,HARAP,5,true,true,2026-08-02T00:00:00Z,1868,9108,Zemberek master-dictionary + FrequencyWords tr_50k
ef097717-624f-5cde-b333-13923076e898,HARAÇ,5,true,true,2026-08-02T00:00:00Z,661,21382,Zemberek master-dictionary + FrequencyWords tr_50k
2887e2f6-8f62-54ab-a60d-ff86336d5ad7,HARBİ,5,true,true,2026-08-02T00:00:00Z,1599,10442,Zemberek master-dictionary + FrequencyWords tr_50k
d948e09d-5e85-59aa-bbb2-1d0cbca012b0,HARİÇ,5,true,true,2026-08-02T00:00:00Z,11234,1747,Zemberek master-dictionary + FrequencyWords tr_50k
25c4f8c6-6397-5c59-83aa-78efe8a680f3,HASAR,5,true,true,2026-08-02T00:00:00Z,6018,3251,Zemberek master-dictionary + FrequencyWords tr_50k
3b395fe4-6406-5bef-be1c-e7b109100fa7,HASAT,5,true,true,2026-08-02T00:00:00Z,1219,13083,Zemberek master-dictionary + FrequencyWords tr_50k
bd248a8f-739e-57dc-9350-30e9bf09685e,HASIR,5,true,true,2026-08-02T00:00:00Z,951,15983,Zemberek master-dictionary + FrequencyWords tr_50k
06f4b60f-9aee-5dcf-9620-43ae437e271d,HASTA,5,true,true,2026-08-02T00:00:00Z,32309,647,Zemberek master-dictionary + FrequencyWords tr_50k
55fff086-7b0d-59d2-9231-1ea40a70d738,HATUN,5,true,true,2026-08-02T00:00:00Z,3100,5896,Zemberek master-dictionary + FrequencyWords tr_50k
b38d26fe-a366-5874-9c18-1e1839bb2da7,HAVAN,5,true,true,2026-08-02T00:00:00Z,581,23577,Zemberek master-dictionary + FrequencyWords tr_50k
b71be355-c5d0-5351-bddb-5f56f21b42e6,HAVLU,5,true,true,2026-08-02T00:00:00Z,2841,6379,Zemberek master-dictionary + FrequencyWords tr_50k
7621fd33-abbf-5ffd-80ad-3f5cf9d7bd44,HAVUZ,5,true,true,2026-08-02T00:00:00Z,2601,6897,Zemberek master-dictionary + FrequencyWords tr_50k
8f802282-ceb7-5cd1-8bcf-80a34af6ece2,HAVUÇ,5,true,true,2026-08-02T00:00:00Z,1260,12734,Zemberek master-dictionary + FrequencyWords tr_50k
a01bbad9-f0a8-5beb-b21e-df4d35033556,HAYAL,5,true,true,2026-08-02T00:00:00Z,42239,501,Zemberek master-dictionary + FrequencyWords tr_50k
7823d176-081a-57da-991b-499276616d9d,HAYAT,5,true,true,2026-08-02T00:00:00Z,40432,520,Zemberek master-dictionary + FrequencyWords tr_50k
e8095608-4e2c-5361-8af5-3bc119eba13e,HAYLİ,5,true,true,2026-08-02T00:00:00Z,3126,5851,Zemberek master-dictionary + FrequencyWords tr_50k
2beb0d82-d04c-5094-bfbe-a70ed60cd510,HAZIR,5,true,true,2026-08-02T00:00:00Z,91822,249,Zemberek master-dictionary + FrequencyWords tr_50k
0deac143-85b4-59fa-82a9-01a1c70aec38,HAZİN,5,true,true,2026-08-02T00:00:00Z,293,39464,Zemberek master-dictionary + FrequencyWords tr_50k
54821b26-5d41-5961-b724-0cc536975c9d,HAŞAT,5,true,true,2026-08-02T00:00:00Z,322,36817,Zemberek master-dictionary + FrequencyWords tr_50k
ffc35688-fead-55b3-9a7f-a11018f53510,HAŞİN,5,true,true,2026-08-02T00:00:00Z,507,26178,Zemberek master-dictionary + FrequencyWords tr_50k
d29b2451-f5ad-59b8-b7a2-7e88196a6f91,HEDEF,5,true,true,2026-08-02T00:00:00Z,11951,1656,Zemberek master-dictionary + FrequencyWords tr_50k
afd402cd-8146-5d14-8133-d12064f38a97,HEKİM,5,true,true,2026-08-02T00:00:00Z,571,23931,Zemberek master-dictionary + FrequencyWords tr_50k
d143d6ca-02bd-5ded-8ca6-9dadcd54290a,HERİF,5,true,true,2026-08-02T00:00:00Z,34064,617,Zemberek master-dictionary + FrequencyWords tr_50k
2a1e7861-1aee-5fc2-8c9e-5a267069dcd1,HESAP,5,true,true,2026-08-02T00:00:00Z,6909,2838,Zemberek master-dictionary + FrequencyWords tr_50k
231e4d60-98ca-53b9-a537-01f6c1bb111e,HEVES,5,true,true,2026-08-02T00:00:00Z,462,28110,Zemberek master-dictionary + FrequencyWords tr_50k
9f125a2f-3a76-51cd-b9de-9c512a95fbf6,HEYET,5,true,true,2026-08-02T00:00:00Z,315,37364,Zemberek master-dictionary + FrequencyWords tr_50k
52b03667-1c20-5c05-8749-b3bc1e3e229a,HIYAR,5,true,true,2026-08-02T00:00:00Z,1630,10274,Zemberek master-dictionary + FrequencyWords tr_50k
4af270a1-9195-5d6c-8e10-fd90fbdaea2a,HIZLA,5,true,true,2026-08-02T00:00:00Z,6582,2969,Zemberek master-dictionary + FrequencyWords tr_50k
1722eaf1-761b-5f37-9651-52ae43b1f083,HIZLI,5,true,true,2026-08-02T00:00:00Z,45233,474,Zemberek master-dictionary + FrequencyWords tr_50k
11aaeed5-32ed-5ccc-bb8b-0aa7b9b4bdf7,HOKEY,5,true,true,2026-08-02T00:00:00Z,2033,8503,Zemberek master-dictionary + FrequencyWords tr_50k
fc2fda6e-db5d-5fb2-87bf-62e7d1f661ec,HOROZ,5,true,true,2026-08-02T00:00:00Z,1158,13619,Zemberek master-dictionary + FrequencyWords tr_50k
7a2fc473-6b0d-5b99-b056-d3b521c4a0d2,HUKUK,5,true,true,2026-08-02T00:00:00Z,5431,3568,Zemberek master-dictionary + FrequencyWords tr_50k
913517fd-f4cd-5f39-8fb4-1bfaf75d52dc,HURDA,5,true,true,2026-08-02T00:00:00Z,1221,13066,Zemberek master-dictionary + FrequencyWords tr_50k
8303f9ed-1c83-5440-98dc-e589be03569e,HUZUR,5,true,true,2026-08-02T00:00:00Z,8244,2377,Zemberek master-dictionary + FrequencyWords tr_50k
c08f9741-f169-5778-8a82-d287dd002064,HÖDÜK,5,true,true,2026-08-02T00:00:00Z,704,20374,Zemberek master-dictionary + FrequencyWords tr_50k
0a4ded59-ec4d-5276-a564-c6008d71904a,HÜCRE,5,true,true,2026-08-02T00:00:00Z,3445,5337,Zemberek master-dictionary + FrequencyWords tr_50k
a452448e-6568-526f-aabf-048eeabd9810,HÜKÜM,5,true,true,2026-08-02T00:00:00Z,3322,5550,Zemberek master-dictionary + FrequencyWords tr_50k
18626880-86a8-53bf-8fc5-aeabec5289c0,HÜZÜN,5,true,true,2026-08-02T00:00:00Z,675,21026,Zemberek master-dictionary + FrequencyWords tr_50k
35512827-4da6-52d2-b962-033285290874,HİNDİ,5,true,true,2026-08-02T00:00:00Z,2494,7143,Zemberek master-dictionary + FrequencyWords tr_50k
e2502933-a313-5e30-b52d-9b2a658f5f93,HİPPİ,5,true,true,2026-08-02T00:00:00Z,942,16101,Zemberek master-dictionary + FrequencyWords tr_50k
87ecbe54-9ffb-54f0-b3c0-b074fd20ec70,HİSSE,5,true,true,2026-08-02T00:00:00Z,2621,6855,Zemberek master-dictionary + FrequencyWords tr_50k
12ffedee-8210-594c-9856-e6faaea3f44d,HİTAP,5,true,true,2026-08-02T00:00:00Z,3525,5234,Zemberek master-dictionary + FrequencyWords tr_50k
66d90ebd-5b94-5ab8-87d0-1e0f9c54de84,ISLAH,5,true,true,2026-08-02T00:00:00Z,605,22891,Zemberek master-dictionary + FrequencyWords tr_50k
b6560541-25b1-5450-aef7-ec04f8c9d68f,ISLAK,5,true,true,2026-08-02T00:00:00Z,2942,6163,Zemberek master-dictionary + FrequencyWords tr_50k
6a1a1ccf-3d51-547d-b2f7-e7b5a2f9f204,ISLIK,5,true,true,2026-08-02T00:00:00Z,884,16949,Zemberek master-dictionary + FrequencyWords tr_50k
7d38cc53-8a54-56fd-b49f-f8e03c1c6009,ISRAR,5,true,true,2026-08-02T00:00:00Z,6031,3239,Zemberek master-dictionary + FrequencyWords tr_50k
4b179777-3be2-5845-a215-feb162590787,ISSIZ,5,true,true,2026-08-02T00:00:00Z,1660,10128,Zemberek master-dictionary + FrequencyWords tr_50k
5df23305-a192-557c-a355-11efb6b2d4bf,JETON,5,true,true,2026-08-02T00:00:00Z,324,36641,Zemberek master-dictionary + FrequencyWords tr_50k
282ae3b5-4cc9-557c-83b4-c32b23b54e1e,JOKER,5,true,true,2026-08-02T00:00:00Z,865,17237,Zemberek master-dictionary + FrequencyWords tr_50k
61a6e2d8-30ba-5512-a8c9-74c2b8eaeeca,JOKEY,5,true,true,2026-08-02T00:00:00Z,322,36813,Zemberek master-dictionary + FrequencyWords tr_50k
bd8b920a-1a83-5616-9514-e4977befccd2,JİLET,5,true,true,2026-08-02T00:00:00Z,615,22638,Zemberek master-dictionary + FrequencyWords tr_50k
994ebc04-f29b-5e86-a085-7f538cfbb641,KABAK,5,true,true,2026-08-02T00:00:00Z,935,16195,Zemberek master-dictionary + FrequencyWords tr_50k
906f5894-9dd9-594d-ac46-2fd6c1caa8df,KABLO,5,true,true,2026-08-02T00:00:00Z,2046,8454,Zemberek master-dictionary + FrequencyWords tr_50k
058e93ec-ca01-5d71-9e28-bcc08f2a3cd6,KABUK,5,true,true,2026-08-02T00:00:00Z,845,17581,Zemberek master-dictionary + FrequencyWords tr_50k
f93c9f66-ab57-589c-8a72-39abe24a5ac5,KABİL,5,true,true,2026-08-02T00:00:00Z,649,21688,Zemberek master-dictionary + FrequencyWords tr_50k
b6a2feb4-e01b-5ccb-90bb-bb0a73082c7c,KABİN,5,true,true,2026-08-02T00:00:00Z,716,20117,Zemberek master-dictionary + FrequencyWords tr_50k
4cc8a961-7aac-523d-8d43-e7bfcc7808b2,KABİR,5,true,true,2026-08-02T00:00:00Z,551,24577,Zemberek master-dictionary + FrequencyWords tr_50k
e98ade3d-c3d2-530e-bab1-7f8ad54d1a33,KADEH,5,true,true,2026-08-02T00:00:00Z,6384,3084,Zemberek master-dictionary + FrequencyWords tr_50k
fc77113b-e4ac-5c0a-80e8-e1b8822ee1dc,KADER,5,true,true,2026-08-02T00:00:00Z,4826,3972,Zemberek master-dictionary + FrequencyWords tr_50k
5e66e973-3a4f-5970-bd76-b3843c8c3a84,KADIN,5,true,true,2026-08-02T00:00:00Z,88872,256,Zemberek master-dictionary + FrequencyWords tr_50k
48ef152a-d51d-54a1-9196-42aa47af0b54,KADRO,5,true,true,2026-08-02T00:00:00Z,381,32527,Zemberek master-dictionary + FrequencyWords tr_50k
bd3e6c65-8be2-5727-933a-6629b151b5ec,KADİM,5,true,true,2026-08-02T00:00:00Z,1069,14548,Zemberek master-dictionary + FrequencyWords tr_50k
ad324921-49fa-525d-ae0f-85670414c6dc,KADİR,5,true,true,2026-08-02T00:00:00Z,630,22202,Zemberek master-dictionary + FrequencyWords tr_50k
e374237a-ac0c-5d4e-97dc-93cbbf4f5df0,KAFES,5,true,true,2026-08-02T00:00:00Z,806,18301,Zemberek master-dictionary + FrequencyWords tr_50k
8477ff9e-4e62-5308-aa05-d0d0c6ad0eb5,KAHVE,5,true,true,2026-08-02T00:00:00Z,28905,715,Zemberek master-dictionary + FrequencyWords tr_50k
8e11975e-fe0e-5af7-9dad-167c14d8ed44,KAKAO,5,true,true,2026-08-02T00:00:00Z,547,24727,Zemberek master-dictionary + FrequencyWords tr_50k
784b5154-cabc-5007-91c4-744528d53db7,KALEM,5,true,true,2026-08-02T00:00:00Z,4166,4529,Zemberek master-dictionary + FrequencyWords tr_50k
61a135c1-d4b7-58d8-8912-aa66ddde1857,KALIM,5,true,true,2026-08-02T00:00:00Z,809,18260,Zemberek master-dictionary + FrequencyWords tr_50k
a50894a4-f546-5913-91e0-57e52fcd7649,KALIN,5,true,true,2026-08-02T00:00:00Z,19156,1048,Zemberek master-dictionary + FrequencyWords tr_50k
a9d1a8df-4af9-5f51-a7bb-c435a0e90e56,KALIP,5,true,true,2026-08-02T00:00:00Z,8060,2438,Zemberek master-dictionary + FrequencyWords tr_50k
4eaa2a8b-8d71-59fb-9dd6-053f552e1641,KALÇA,5,true,true,2026-08-02T00:00:00Z,1243,12890,Zemberek master-dictionary + FrequencyWords tr_50k
02f56088-c0dc-529d-bdcd-8b6809ec3a9e,KAMIŞ,5,true,true,2026-08-02T00:00:00Z,310,37790,Zemberek master-dictionary + FrequencyWords tr_50k
9f091505-69f8-57f9-ba83-d8a9b08c0956,KANAL,5,true,true,2026-08-02T00:00:00Z,3607,5117,Zemberek master-dictionary + FrequencyWords tr_50k
5bcdd827-66ca-51a8-ad93-496f65fb447d,KANAT,5,true,true,2026-08-02T00:00:00Z,2089,8322,Zemberek master-dictionary + FrequencyWords tr_50k
05c156c8-92d2-5392-9b23-81de5f420b5a,KANCA,5,true,true,2026-08-02T00:00:00Z,848,17529,Zemberek master-dictionary + FrequencyWords tr_50k
81c14405-9cb7-5505-acc6-e2095bb19760,KANIT,5,true,true,2026-08-02T00:00:00Z,13808,1446,Zemberek master-dictionary + FrequencyWords tr_50k
9c3ddbb4-b978-5fbb-adc9-0468ac4d33d6,KANKA,5,true,true,2026-08-02T00:00:00Z,4491,4230,Zemberek master-dictionary + FrequencyWords tr_50k
81ecc3aa-4f13-5cbb-92fe-5dedd5132b4f,KANUN,5,true,true,2026-08-02T00:00:00Z,5551,3504,Zemberek master-dictionary + FrequencyWords tr_50k
2bcbf041-8527-5774-ae8b-8d7e66835879,KAPAK,5,true,true,2026-08-02T00:00:00Z,2049,8444,Zemberek master-dictionary + FrequencyWords tr_50k
b61c833f-045e-5657-b59b-758675639f21,KAPAN,5,true,true,2026-08-02T00:00:00Z,533,25217,Zemberek master-dictionary + FrequencyWords tr_50k
f615b412-5ac3-5144-826f-1df459aa3dee,KARAR,5,true,true,2026-08-02T00:00:00Z,60467,349,Zemberek master-dictionary + FrequencyWords tr_50k
7d6b74a9-2919-597f-8e0f-ef2b2b2e8784,KARGA,5,true,true,2026-08-02T00:00:00Z,852,17464,Zemberek master-dictionary + FrequencyWords tr_50k
d6bad0ea-8fe3-52a1-bb72-c3c527f2c3c6,KARGO,5,true,true,2026-08-02T00:00:00Z,2162,8086,Zemberek master-dictionary + FrequencyWords tr_50k
db2d2f63-7fc1-50cc-b120-73c0dc6ea23e,KARIN,5,true,true,2026-08-02T00:00:00Z,11248,1745,Zemberek master-dictionary + FrequencyWords tr_50k
a4b7bbd1-ca74-519b-9697-f3f24b01ea05,KARIŞ,5,true,true,2026-08-02T00:00:00Z,770,19014,Zemberek master-dictionary + FrequencyWords tr_50k
576402e8-d964-5b3a-a4f2-d069a0d5c65a,KARMA,5,true,true,2026-08-02T00:00:00Z,1788,9490,Zemberek master-dictionary + FrequencyWords tr_50k
4228a46d-6d34-5b6d-b8ef-ac471f193cb6,KASAP,5,true,true,2026-08-02T00:00:00Z,1602,10424,Zemberek master-dictionary + FrequencyWords tr_50k
0f958546-5472-5c00-9f59-276d59a5a234,KASET,5,true,true,2026-08-02T00:00:00Z,2664,6748,Zemberek master-dictionary + FrequencyWords tr_50k
72b6b6a0-ec6f-575c-9b6e-c59b90f0ea21,KASIK,5,true,true,2026-08-02T00:00:00Z,652,21601,Zemberek master-dictionary + FrequencyWords tr_50k
0de7cb1a-f63b-5552-90f0-1ec198fe0e03,KASIM,5,true,true,2026-08-02T00:00:00Z,2818,6427,Zemberek master-dictionary + FrequencyWords tr_50k
db2fa436-0fcc-5dca-8d72-b53c43f695ef,KATAR,5,true,true,2026-08-02T00:00:00Z,380,32568,Zemberek master-dictionary + FrequencyWords tr_50k
86330666-f791-5344-802d-6b7dba2893ce,KATIR,5,true,true,2026-08-02T00:00:00Z,629,22243,Zemberek master-dictionary + FrequencyWords tr_50k
c1048d1d-71f0-5c40-ac92-a4447c89ccbb,KATKI,5,true,true,2026-08-02T00:00:00Z,771,18988,Zemberek master-dictionary + FrequencyWords tr_50k
8b9988de-0f18-53af-bd6c-15eafe36bfe5,KATİL,5,true,true,2026-08-02T00:00:00Z,23408,879,Zemberek master-dictionary + FrequencyWords tr_50k
b794eab6-7cc1-5cf7-9f9a-8df41bb21a19,KAVAL,5,true,true,2026-08-02T00:00:00Z,332,36032,Zemberek master-dictionary + FrequencyWords tr_50k
bf619bc2-15fd-5da3-8ea9-8be02463ace7,KAVGA,5,true,true,2026-08-02T00:00:00Z,21116,962,Zemberek master-dictionary + FrequencyWords tr_50k
ff5fe157-0256-5c0c-a487-e7e564489138,KAVUN,5,true,true,2026-08-02T00:00:00Z,503,26381,Zemberek master-dictionary + FrequencyWords tr_50k
86303837-13af-5194-9e8f-05c040a902b9,KAYAK,5,true,true,2026-08-02T00:00:00Z,1866,9118,Zemberek master-dictionary + FrequencyWords tr_50k
417ff074-bd90-5cc4-8a70-902b675e8036,KAYAN,5,true,true,2026-08-02T00:00:00Z,484,27135,Zemberek master-dictionary + FrequencyWords tr_50k
e4c2c697-e872-5a2c-bed5-0991b8d44973,KAYAR,5,true,true,2026-08-02T00:00:00Z,356,34163,Zemberek master-dictionary + FrequencyWords tr_50k
5fa1f08a-725b-5453-ad19-6bbed2d463d2,KAYGI,5,true,true,2026-08-02T00:00:00Z,511,26049,Zemberek master-dictionary + FrequencyWords tr_50k
38037930-9d4c-5c46-bfaf-c22d9ac0b04d,KAYIK,5,true,true,2026-08-02T00:00:00Z,501,26408,Zemberek master-dictionary + FrequencyWords tr_50k
ce429efb-def5-5818-89d2-18c6723cb0f1,KAYIN,5,true,true,2026-08-02T00:00:00Z,629,22238,Zemberek master-dictionary + FrequencyWords tr_50k
ed5ef9af-5049-5df5-8d1c-0d82dc69b70a,KAYIP,5,true,true,2026-08-02T00:00:00Z,22666,906,Zemberek master-dictionary + FrequencyWords tr_50k
ea5c97c9-6ae5-5df0-9225-59fb71f6908c,KAYIT,5,true,true,2026-08-02T00:00:00Z,10651,1846,Zemberek master-dictionary + FrequencyWords tr_50k
c9e7bb5b-9387-5cf3-baf5-cd1cb57a44da,KAZAK,5,true,true,2026-08-02T00:00:00Z,1251,12820,Zemberek master-dictionary + FrequencyWords tr_50k
5c2c947a-764c-5811-b314-3c495cf5461d,KAZAN,5,true,true,2026-08-02T00:00:00Z,2334,7585,Zemberek master-dictionary + FrequencyWords tr_50k
504141fe-fb22-5950-a999-2816fe4230a6,KAZIK,5,true,true,2026-08-02T00:00:00Z,1822,9330,Zemberek master-dictionary + FrequencyWords tr_50k
550a76c8-7ee4-529f-b01b-2fcbd61acda4,KAÇAK,5,true,true,2026-08-02T00:00:00Z,5550,3506,Zemberek master-dictionary + FrequencyWords tr_50k
f1c90e9b-5c2a-58a2-8f7a-a4dde8417d6c,KAÇAR,5,true,true,2026-08-02T00:00:00Z,1872,9096,Zemberek master-dictionary + FrequencyWords tr_50k
2c8509d5-5c67-596a-b7de-3d8964db222f,KAÇIK,5,true,true,2026-08-02T00:00:00Z,3516,5247,Zemberek master-dictionary + FrequencyWords tr_50k
1532cdd7-5977-5204-9139-5db95656b725,KAÇTA,5,true,true,2026-08-02T00:00:00Z,3190,5743,Zemberek master-dictionary + FrequencyWords tr_50k
095c1c3a-cc74-51d9-bb7c-4f1c05c82e26,KAİDE,5,true,true,2026-08-02T00:00:00Z,657,21484,Zemberek master-dictionary + FrequencyWords tr_50k
3816e10c-b8f1-59fb-8d49-4961ad5d49c7,KAŞAR,5,true,true,2026-08-02T00:00:00Z,578,23689,Zemberek master-dictionary + FrequencyWords tr_50k
1da0e1e5-3bf4-5e61-b61f-3a6347e08fad,KAŞIK,5,true,true,2026-08-02T00:00:00Z,1563,10649,Zemberek master-dictionary + FrequencyWords tr_50k
05bdc4c7-6b15-5a43-95a4-4d5e0a9541f0,KEBAP,5,true,true,2026-08-02T00:00:00Z,362,33785,Zemberek master-dictionary + FrequencyWords tr_50k
e650a7c4-1bb1-5953-bbde-b4a66960e692,KEDER,5,true,true,2026-08-02T00:00:00Z,1112,14094,Zemberek master-dictionary + FrequencyWords tr_50k
17e95d58-41a3-5e0e-b2cb-8c4b92c66de6,KEFİL,5,true,true,2026-08-02T00:00:00Z,1046,14812,Zemberek master-dictionary + FrequencyWords tr_50k
d4db2caf-630a-515f-90e4-0e6ab5cebe7f,KELLE,5,true,true,2026-08-02T00:00:00Z,830,17838,Zemberek master-dictionary + FrequencyWords tr_50k
06608aea-42cb-5b37-9a63-091c91c9a220,KEMAL,5,true,true,2026-08-02T00:00:00Z,742,19558,Zemberek master-dictionary + FrequencyWords tr_50k
b53ad627-54b5-5a65-9d56-a8553adb75e3,KEMAN,5,true,true,2026-08-02T00:00:00Z,1193,13300,Zemberek master-dictionary + FrequencyWords tr_50k
57ffd189-7e9c-5b3a-bc76-709b2919cf8a,KEMER,5,true,true,2026-08-02T00:00:00Z,1356,12000,Zemberek master-dictionary + FrequencyWords tr_50k
eb4c8130-6888-5466-8bee-098cc9267428,KEMİK,5,true,true,2026-08-02T00:00:00Z,4854,3947,Zemberek master-dictionary + FrequencyWords tr_50k
91bd73ca-b972-5041-9ba3-0e5746133e7d,KENAR,5,true,true,2026-08-02T00:00:00Z,954,15958,Zemberek master-dictionary + FrequencyWords tr_50k
66ba2ece-86cd-55b4-b0b8-f996d18611ff,KEPÇE,5,true,true,2026-08-02T00:00:00Z,309,37856,Zemberek master-dictionary + FrequencyWords tr_50k
4e61f218-6d0e-5e9b-83b9-a35b5e383db1,KERİM,5,true,true,2026-08-02T00:00:00Z,341,35329,Zemberek master-dictionary + FrequencyWords tr_50k
b9f14771-00cb-57b6-80b3-a8cd69548f04,KESER,5,true,true,2026-08-02T00:00:00Z,4376,4340,Zemberek master-dictionary + FrequencyWords tr_50k
884505cf-2b3f-5b1c-b07d-9fe7048b5cd0,KESME,5,true,true,2026-08-02T00:00:00Z,1941,8849,Zemberek master-dictionary + FrequencyWords tr_50k
7168e654-0c8e-58f1-96fd-520eb7024a7d,KESİK,5,true,true,2026-08-02T00:00:00Z,2848,6356,Zemberek master-dictionary + FrequencyWords tr_50k
dc592c1d-a311-5ec1-ad26-b2af8ba96aec,KESİM,5,true,true,2026-08-02T00:00:00Z,809,18252,Zemberek master-dictionary + FrequencyWords tr_50k
624e8b01-1293-54c1-998e-630a42ed3d7f,KESİN,5,true,true,2026-08-02T00:00:00Z,39189,536,Zemberek master-dictionary + FrequencyWords tr_50k
6de937a3-36eb-5fb2-9d2a-0360b0c47b0d,KETEN,5,true,true,2026-08-02T00:00:00Z,360,33915,Zemberek master-dictionary + FrequencyWords tr_50k
667c3c7c-12ef-58fa-8c13-143e7fff3594,KEYİF,5,true,true,2026-08-02T00:00:00Z,3545,5207,Zemberek master-dictionary + FrequencyWords tr_50k
c9dc1ef9-736b-5de2-9535-370281c9d327,KEŞİF,5,true,true,2026-08-02T00:00:00Z,3018,6039,Zemberek master-dictionary + FrequencyWords tr_50k
98797be5-b5f3-562f-895b-c8a0b9aa0e4d,KEŞİŞ,5,true,true,2026-08-02T00:00:00Z,1253,12801,Zemberek master-dictionary + FrequencyWords tr_50k
67daff3c-cc05-5836-b7c7-db9c0adaf503,KILIF,5,true,true,2026-08-02T00:00:00Z,362,33759,Zemberek master-dictionary + FrequencyWords tr_50k
952e9c7e-757c-5805-a763-ffa3d530a380,KILIK,5,true,true,2026-08-02T00:00:00Z,1245,12880,Zemberek master-dictionary + FrequencyWords tr_50k
b0db4215-c307-5b11-90e9-7db7f9f89f7f,KILIÇ,5,true,true,2026-08-02T00:00:00Z,5631,3458,Zemberek master-dictionary + FrequencyWords tr_50k
5e112010-00ab-522c-b339-d0d77e38b3a7,KIPIR,5,true,true,2026-08-02T00:00:00Z,604,22940,Zemberek master-dictionary + FrequencyWords tr_50k
85be07af-65f6-5db1-a7de-9965418badb2,KIRAN,5,true,true,2026-08-02T00:00:00Z,816,18121,Zemberek master-dictionary + FrequencyWords tr_50k
629f36a2-fe13-557c-89c6-1cf2fbcba825,KIRIK,5,true,true,2026-08-02T00:00:00Z,6653,2934,Zemberek master-dictionary + FrequencyWords tr_50k
3098ae05-513d-5f67-92ca-e83f41cf08d7,KIRIN,5,true,true,2026-08-02T00:00:00Z,520,25684,Zemberek master-dictionary + FrequencyWords tr_50k
0d07e3ac-2718-51a8-a190-6d0feb16fc36,KIRMA,5,true,true,2026-08-02T00:00:00Z,935,16188,Zemberek master-dictionary + FrequencyWords tr_50k
4a9757c0-d9c7-5552-b502-b537f77a7fbe,KISIK,5,true,true,2026-08-02T00:00:00Z,406,31041,Zemberek master-dictionary + FrequencyWords tr_50k
6592f0c0-39e0-534b-82ae-9372310e94a0,KISIM,5,true,true,2026-08-02T00:00:00Z,3435,5351,Zemberek master-dictionary + FrequencyWords tr_50k
f82d26a3-dbf7-581c-a347-8eab5e9a876a,KISIR,5,true,true,2026-08-02T00:00:00Z,690,20677,Zemberek master-dictionary + FrequencyWords tr_50k
0a88650d-5f10-55fc-9763-83d3dcfef605,KITIR,5,true,true,2026-08-02T00:00:00Z,453,28548,Zemberek master-dictionary + FrequencyWords tr_50k
7eacebac-9a76-589f-b12e-7fdfe4d2a8f8,KIVIR,5,true,true,2026-08-02T00:00:00Z,357,34087,Zemberek master-dictionary + FrequencyWords tr_50k
ce9b8ba7-4e5d-5cc5-a4b5-3de81fb2897f,KIYAK,5,true,true,2026-08-02T00:00:00Z,1088,14364,Zemberek master-dictionary + FrequencyWords tr_50k
860c39b3-0c06-5974-9e4a-528c33cb93e0,KIYMA,5,true,true,2026-08-02T00:00:00Z,348,34792,Zemberek master-dictionary + FrequencyWords tr_50k
6be0ab55-2dd4-5246-a136-8dbd03411574,KIZAK,5,true,true,2026-08-02T00:00:00Z,486,27060,Zemberek master-dictionary + FrequencyWords tr_50k
11e9d318-4416-56ea-828c-81709c8f78a7,KIZIL,5,true,true,2026-08-02T00:00:00Z,7572,2586,Zemberek master-dictionary + FrequencyWords tr_50k
88010779-e507-5495-b781-d1a2d09e2931,KIŞIN,5,true,true,2026-08-02T00:00:00Z,1458,11283,Zemberek master-dictionary + FrequencyWords tr_50k
d0c14012-785b-5c1b-8c42-9c30e8993066,KLİMA,5,true,true,2026-08-02T00:00:00Z,717,20093,Zemberek master-dictionary + FrequencyWords tr_50k
b85a1667-fbcb-5b63-8051-0793a7f12f60,KLİŞE,5,true,true,2026-08-02T00:00:00Z,1020,15109,Zemberek master-dictionary + FrequencyWords tr_50k
8c73596a-48f0-588e-aa3d-83ec5fc8e050,KOBAY,5,true,true,2026-08-02T00:00:00Z,435,29427,Zemberek master-dictionary + FrequencyWords tr_50k
3897a453-7281-5ade-b0ea-120c55aa7d8e,KOBRA,5,true,true,2026-08-02T00:00:00Z,751,19360,Zemberek master-dictionary + FrequencyWords tr_50k
a915e01a-9e6c-541b-a23a-a7585ec5c053,KOLAY,5,true,true,2026-08-02T00:00:00Z,51730,403,Zemberek master-dictionary + FrequencyWords tr_50k
2ff4dcce-5342-5589-a98c-909677e862e3,KOLEJ,5,true,true,2026-08-02T00:00:00Z,982,15574,Zemberek master-dictionary + FrequencyWords tr_50k
59b9c76c-485f-5fff-a395-e722e37ab2f7,KOLYE,5,true,true,2026-08-02T00:00:00Z,1811,9372,Zemberek master-dictionary + FrequencyWords tr_50k
a473bf17-e5fb-5497-ae43-bdca3253a677,KOMUT,5,true,true,2026-08-02T00:00:00Z,404,31157,Zemberek master-dictionary + FrequencyWords tr_50k
62cb24ae-4c78-51a5-b8a6-64b2d07696d7,KOMİK,5,true,true,2026-08-02T00:00:00Z,39134,538,Zemberek master-dictionary + FrequencyWords tr_50k
b60397a4-3967-5c0c-b917-69d4d774865e,KOMŞU,5,true,true,2026-08-02T00:00:00Z,2886,6268,Zemberek master-dictionary + FrequencyWords tr_50k
d831a475-c5e4-5b3d-bf34-ac8f9765f0d2,KONDU,5,true,true,2026-08-02T00:00:00Z,692,20622,Zemberek master-dictionary + FrequencyWords tr_50k
541446da-7df7-5130-aa18-d6f212d1596a,KONUK,5,true,true,2026-08-02T00:00:00Z,2192,7992,Zemberek master-dictionary + FrequencyWords tr_50k
bb6f9d49-edf6-50df-bf4a-3eabbdc26910,KONUM,5,true,true,2026-08-02T00:00:00Z,1197,13270,Zemberek master-dictionary + FrequencyWords tr_50k
4117d3d3-2cf5-59da-a2a9-d0d9622e3cdc,KONUT,5,true,true,2026-08-02T00:00:00Z,490,26860,Zemberek master-dictionary + FrequencyWords tr_50k
7c07d42e-1c9e-5f55-9655-3184a24a7227,KOPUK,5,true,true,2026-08-02T00:00:00Z,343,35161,Zemberek master-dictionary + FrequencyWords tr_50k
5ea6b54c-d846-5606-93c3-8b7c06de57a4,KOPYA,5,true,true,2026-08-02T00:00:00Z,2897,6240,Zemberek master-dictionary + FrequencyWords tr_50k
0f6cf1ab-7d84-5cf1-b035-463a5dab5e5c,KORKU,5,true,true,2026-08-02T00:00:00Z,9030,2169,Zemberek master-dictionary + FrequencyWords tr_50k
2fae2989-ac83-56f1-a258-5bd0acbf8f07,KORNA,5,true,true,2026-08-02T00:00:00Z,692,20626,Zemberek master-dictionary + FrequencyWords tr_50k
782636b4-b040-56ba-958d-448a7d600295,KOVAN,5,true,true,2026-08-02T00:00:00Z,973,15699,Zemberek master-dictionary + FrequencyWords tr_50k
ec1baf50-03fc-5a45-835d-8a3fdbccd1c4,KOYAR,5,true,true,2026-08-02T00:00:00Z,2072,8375,Zemberek master-dictionary + FrequencyWords tr_50k
689b6c89-4913-50c6-8632-7706233e15dd,KOYUN,5,true,true,2026-08-02T00:00:00Z,6992,2806,Zemberek master-dictionary + FrequencyWords tr_50k
628d0ed5-841b-51fe-87eb-2ad60a9c3d4b,KOŞUL,5,true,true,2026-08-02T00:00:00Z,325,36591,Zemberek master-dictionary + FrequencyWords tr_50k
50317ec1-a4fb-5e4c-bed2-5e743b1b2013,KOŞUN,5,true,true,2026-08-02T00:00:00Z,3367,5482,Zemberek master-dictionary + FrequencyWords tr_50k
59f1752e-d212-533f-a831-d3d3e768baa9,KRAMP,5,true,true,2026-08-02T00:00:00Z,794,18524,Zemberek master-dictionary + FrequencyWords tr_50k
172133b5-f834-533f-96dc-97e062438b5e,KREDİ,5,true,true,2026-08-02T00:00:00Z,9753,2008,Zemberek master-dictionary + FrequencyWords tr_50k
9b0d0cf2-0531-5b74-ad4f-82acef23cdd9,KREMA,5,true,true,2026-08-02T00:00:00Z,1383,11785,Zemberek master-dictionary + FrequencyWords tr_50k
10096e33-c3ba-535b-bef1-2a12d3747ec7,KUBBE,5,true,true,2026-08-02T00:00:00Z,872,17125,Zemberek master-dictionary + FrequencyWords tr_50k
f7bea39d-a535-5ccb-bede-fd167e539be1,KUCAK,5,true,true,2026-08-02T00:00:00Z,1276,12603,Zemberek master-dictionary + FrequencyWords tr_50k
9ebb1f87-e9a2-505c-9aac-17e84307ba55,KUDUZ,5,true,true,2026-08-02T00:00:00Z,1005,15273,Zemberek master-dictionary + FrequencyWords tr_50k
6e2bb71e-2cf8-55df-8624-12616e98efbd,KUKLA,5,true,true,2026-08-02T00:00:00Z,1762,9618,Zemberek master-dictionary + FrequencyWords tr_50k
c622e078-e6b0-550e-9b48-d1349f083f1b,KULAK,5,true,true,2026-08-02T00:00:00Z,16703,1199,Zemberek master-dictionary + FrequencyWords tr_50k
862bb1b7-e6bd-5876-8e8e-0a23b2614aa1,KULÜP,5,true,true,2026-08-02T00:00:00Z,3584,5149,Zemberek master-dictionary + FrequencyWords tr_50k
176ed3aa-920a-574e-a690-c2ba3381107c,KUMAŞ,5,true,true,2026-08-02T00:00:00Z,1295,12456,Zemberek master-dictionary + FrequencyWords tr_50k
e7626e8d-f45e-5f1a-af29-f6acf11a6982,KUPON,5,true,true,2026-08-02T00:00:00Z,418,30405,Zemberek master-dictionary + FrequencyWords tr_50k
76037f56-634b-5e27-b741-2afb139b89ca,KURAK,5,true,true,2026-08-02T00:00:00Z,509,26102,Zemberek master-dictionary + FrequencyWords tr_50k
e97221c4-818a-55bf-8836-ce0f242dfeaa,KURAL,5,true,true,2026-08-02T00:00:00Z,6625,2950,Zemberek master-dictionary + FrequencyWords tr_50k
f22ceaca-ff73-5671-b3d4-c1de60364ca8,KURGU,5,true,true,2026-08-02T00:00:00Z,1295,12452,Zemberek master-dictionary + FrequencyWords tr_50k
2e55bf8f-e479-5c8b-8236-1cf1f64955fd,KURUL,5,true,true,2026-08-02T00:00:00Z,1427,11471,Zemberek master-dictionary + FrequencyWords tr_50k
8a49ccab-f550-582d-b6ae-3481a5b11ac7,KURUM,5,true,true,2026-08-02T00:00:00Z,808,18269,Zemberek master-dictionary + FrequencyWords tr_50k
61587861-cde6-599e-9be9-f523de954b71,KURUŞ,5,true,true,2026-08-02T00:00:00Z,2796,6479,Zemberek master-dictionary + FrequencyWords tr_50k
39e55c70-d1f5-5393-b675-cb2c0549b16c,KURYE,5,true,true,2026-08-02T00:00:00Z,957,15924,Zemberek master-dictionary + FrequencyWords tr_50k
b9e3b31a-8911-53e2-83a8-9be17d47f308,KUSUR,5,true,true,2026-08-02T00:00:00Z,928,16307,Zemberek master-dictionary + FrequencyWords tr_50k
510cc9df-6806-55e5-8f91-0ce7b16d5cc5,KUTLU,5,true,true,2026-08-02T00:00:00Z,4080,4606,Zemberek master-dictionary + FrequencyWords tr_50k
e77620b0-0353-5582-b732-9da3270f3aa5,KUTUP,5,true,true,2026-08-02T00:00:00Z,1729,9797,Zemberek master-dictionary + FrequencyWords tr_50k
0725aaa3-be8c-5e31-af01-aa042d44938c,KUZEN,5,true,true,2026-08-02T00:00:00Z,2997,6075,Zemberek master-dictionary + FrequencyWords tr_50k
0dfec1e8-f24d-5f83-b822-a92310ff3fdd,KUZEY,5,true,true,2026-08-02T00:00:00Z,13041,1527,Zemberek master-dictionary + FrequencyWords tr_50k
4b48e839-395b-59c7-b7ec-46cfdc0bc24b,KUŞAK,5,true,true,2026-08-02T00:00:00Z,805,18324,Zemberek master-dictionary + FrequencyWords tr_50k
7a5a345b-f5aa-5110-b96c-01ad69ee6774,KUŞKU,5,true,true,2026-08-02T00:00:00Z,1004,15295,Zemberek master-dictionary + FrequencyWords tr_50k
d0a828e8-6d7d-527e-9175-f4d0be22dd95,KÖFTE,5,true,true,2026-08-02T00:00:00Z,1321,12251,Zemberek master-dictionary + FrequencyWords tr_50k
03ab0c36-2426-5c6a-9baf-e67f4e0263db,KÖKEN,5,true,true,2026-08-02T00:00:00Z,306,38195,Zemberek master-dictionary + FrequencyWords tr_50k
fb849666-2809-5ed0-8171-84fb0ee2c79d,KÖMÜR,5,true,true,2026-08-02T00:00:00Z,1851,9178,Zemberek master-dictionary + FrequencyWords tr_50k
80a73eee-d4f7-50c1-a20e-3d7f01a1de4e,KÖPEK,5,true,true,2026-08-02T00:00:00Z,27038,754,Zemberek master-dictionary + FrequencyWords tr_50k
282081d2-a0b2-526f-be68-cc652d698340,KÖPRÜ,5,true,true,2026-08-02T00:00:00Z,4206,4502,Zemberek master-dictionary + FrequencyWords tr_50k
3182ae3f-9203-53ae-acbd-8e26b98b8c6b,KÖPÜK,5,true,true,2026-08-02T00:00:00Z,856,17410,Zemberek master-dictionary + FrequencyWords tr_50k
98b3d9a3-3c65-5c14-b8b8-53198e2ac05c,KÜFÜR,5,true,true,2026-08-02T00:00:00Z,2234,7858,Zemberek master-dictionary + FrequencyWords tr_50k
1f0ec0c7-5a1e-54e2-abcc-e9a20dace53b,KÜLOT,5,true,true,2026-08-02T00:00:00Z,748,19431,Zemberek master-dictionary + FrequencyWords tr_50k
3661eff2-71c6-5c8e-8673-18f6a14d74b7,KÜLÇE,5,true,true,2026-08-02T00:00:00Z,311,37714,Zemberek master-dictionary + FrequencyWords tr_50k
0a1d07f2-94f9-5eab-b7d5-0775ad73747f,KÜMES,5,true,true,2026-08-02T00:00:00Z,292,39577,Zemberek master-dictionary + FrequencyWords tr_50k
841bfc9d-f81b-527c-8fa7-726809d116db,KÜREK,5,true,true,2026-08-02T00:00:00Z,2430,7318,Zemberek master-dictionary + FrequencyWords tr_50k
d8d6f403-392a-539f-8d2a-1b349577d41b,KÜTLE,5,true,true,2026-08-02T00:00:00Z,882,16969,Zemberek master-dictionary + FrequencyWords tr_50k
11c66167-a692-5201-b3f9-dc19a8ab872a,KÜTÜK,5,true,true,2026-08-02T00:00:00Z,839,17681,Zemberek master-dictionary + FrequencyWords tr_50k
2852ce39-92b4-5985-83f1-0149e3f58f06,KÜVET,5,true,true,2026-08-02T00:00:00Z,534,25170,Zemberek master-dictionary + FrequencyWords tr_50k
c821a780-0176-5835-b575-63085de0714f,KÜÇÜK,5,true,true,2026-08-02T00:00:00Z,155767,129,Zemberek master-dictionary + FrequencyWords tr_50k
7da6a8f9-f321-54c3-b25c-e7336d3ab097,KİBAR,5,true,true,2026-08-02T00:00:00Z,6497,3019,Zemberek master-dictionary + FrequencyWords tr_50k
ae4c8d56-167c-58a2-a83e-39a9149e97bd,KİBİR,5,true,true,2026-08-02T00:00:00Z,570,23939,Zemberek master-dictionary + FrequencyWords tr_50k
97bc7a60-c4a5-5d85-a5d3-53e62ccaf0bc,KİLİT,5,true,true,2026-08-02T00:00:00Z,3888,4802,Zemberek master-dictionary + FrequencyWords tr_50k
6581f203-db24-576e-a57e-0d6066c2e114,KİMYA,5,true,true,2026-08-02T00:00:00Z,1779,9528,Zemberek master-dictionary + FrequencyWords tr_50k
d36cdfce-df9b-5dfc-8af7-6356c73064ab,KİRAZ,5,true,true,2026-08-02T00:00:00Z,1156,13642,Zemberek master-dictionary + FrequencyWords tr_50k
98648e63-da5e-52a7-88a5-188588b93d76,KİREÇ,5,true,true,2026-08-02T00:00:00Z,389,31994,Zemberek master-dictionary + FrequencyWords tr_50k
a029ccf5-f798-5c9e-89d1-3766add4e545,KİRPİ,5,true,true,2026-08-02T00:00:00Z,424,30064,Zemberek master-dictionary + FrequencyWords tr_50k
4459ada8-6352-5b37-b9dc-9b5e05274edc,KİTAP,5,true,true,2026-08-02T00:00:00Z,18706,1075,Zemberek master-dictionary + FrequencyWords tr_50k
a639565b-2083-5f4d-aac8-438728c01c2b,KİTLE,5,true,true,2026-08-02T00:00:00Z,1089,14350,Zemberek master-dictionary + FrequencyWords tr_50k
bd8bd924-c912-553c-8893-5f64a4f23e86,LADİN,5,true,true,2026-08-02T00:00:00Z,600,23053,Zemberek master-dictionary + FrequencyWords tr_50k
15cf493a-5ee7-5307-9b1d-9501189b69db,LAKAP,5,true,true,2026-08-02T00:00:00Z,602,22980,Zemberek master-dictionary + FrequencyWords tr_50k
3d893ea7-bb64-5312-929c-a09da178ca8d,LAKİN,5,true,true,2026-08-02T00:00:00Z,2847,6359,Zemberek master-dictionary + FrequencyWords tr_50k
030134a9-5a87-5052-a894-664c3ecb0f24,LAMBA,5,true,true,2026-08-02T00:00:00Z,1295,12453,Zemberek master-dictionary + FrequencyWords tr_50k
a1a63aee-aac5-56e2-b0e7-fcc3fce91699,LAYIK,5,true,true,2026-08-02T00:00:00Z,2737,6596,Zemberek master-dictionary + FrequencyWords tr_50k
bcfb688a-2864-5bab-9423-c6e3f0923552,LAZER,5,true,true,2026-08-02T00:00:00Z,1961,8783,Zemberek master-dictionary + FrequencyWords tr_50k
9daca834-2b68-50df-abcd-497fd2666391,LAĞIM,5,true,true,2026-08-02T00:00:00Z,752,19336,Zemberek master-dictionary + FrequencyWords tr_50k
24bd660b-cd13-5509-864a-b5fab9d11e2c,LEVHA,5,true,true,2026-08-02T00:00:00Z,422,30161,Zemberek master-dictionary + FrequencyWords tr_50k
fd3e5dc2-9efb-5925-8c69-4c497354cb75,LEZİZ,5,true,true,2026-08-02T00:00:00Z,1876,9075,Zemberek master-dictionary + FrequencyWords tr_50k
32397b30-add0-597b-995d-a816cbbc9793,LEĞEN,5,true,true,2026-08-02T00:00:00Z,376,32839,Zemberek master-dictionary + FrequencyWords tr_50k
e9a5b883-7bde-5f4d-a1cc-855a5ac50e4c,LOKMA,5,true,true,2026-08-02T00:00:00Z,1443,11375,Zemberek master-dictionary + FrequencyWords tr_50k
03a971b2-1bb5-5edb-814a-fa20749df1fd,LOTUS,5,true,true,2026-08-02T00:00:00Z,478,27396,Zemberek master-dictionary + FrequencyWords tr_50k
3d5b2fd9-fd06-5159-9de0-7d0dfbb2c4d5,LÜTUF,5,true,true,2026-08-02T00:00:00Z,732,19750,Zemberek master-dictionary + FrequencyWords tr_50k
7486d025-6913-5091-b653-6ab5c05c6a5c,LÜZUM,5,true,true,2026-08-02T00:00:00Z,639,21951,Zemberek master-dictionary + FrequencyWords tr_50k
d36cb828-f525-5ceb-8138-11d189e3f617,LİDER,5,true,true,2026-08-02T00:00:00Z,4327,4385,Zemberek master-dictionary + FrequencyWords tr_50k
765c831b-8c7e-5fec-8b79-d2cc3caa46c6,LİGHT,5,true,true,2026-08-02T00:00:00Z,1160,13599,Zemberek master-dictionary + FrequencyWords tr_50k
a59a903c-17d2-55e0-b071-6c1c3b54d325,LİKÖR,5,true,true,2026-08-02T00:00:00Z,769,19018,Zemberek master-dictionary + FrequencyWords tr_50k
fd741dfd-f30b-5ba8-9e57-da7332c50d5f,LİMAN,5,true,true,2026-08-02T00:00:00Z,1670,10076,Zemberek master-dictionary + FrequencyWords tr_50k
577e1927-4cd5-5e06-bf25-a6fe76affefe,LİMON,5,true,true,2026-08-02T00:00:00Z,1842,9227,Zemberek master-dictionary + FrequencyWords tr_50k
4a70049d-3ec7-582d-8f12-86fd5a1bfe19,LİMİT,5,true,true,2026-08-02T00:00:00Z,299,38850,Zemberek master-dictionary + FrequencyWords tr_50k
61ea05d1-4cef-5fa2-8328-df3a9ccabf28,LİRET,5,true,true,2026-08-02T00:00:00Z,440,29166,Zemberek master-dictionary + FrequencyWords tr_50k
9f513a63-e3dd-56ab-9b8c-04adcbb1f918,LİSTE,5,true,true,2026-08-02T00:00:00Z,3723,4974,Zemberek master-dictionary + FrequencyWords tr_50k
128e1a5a-f6bf-5127-8bec-2c89e69f097d,LİTRE,5,true,true,2026-08-02T00:00:00Z,1779,9529,Zemberek master-dictionary + FrequencyWords tr_50k
d368fe90-1f9b-5aea-a18e-65ffc95ecfb7,MADAM,5,true,true,2026-08-02T00:00:00Z,9713,2012,Zemberek master-dictionary + FrequencyWords tr_50k
a52700b5-7858-56fe-a610-20a50ff3de56,MADDE,5,true,true,2026-08-02T00:00:00Z,6367,3094,Zemberek master-dictionary + FrequencyWords tr_50k
515e8d62-8ba7-5af5-bc4d-fc399bb6d2e9,MADEM,5,true,true,2026-08-02T00:00:00Z,12716,1569,Zemberek master-dictionary + FrequencyWords tr_50k
7a8fe56c-2459-5351-8e40-88178e4fb69e,MADEN,5,true,true,2026-08-02T00:00:00Z,2344,7556,Zemberek master-dictionary + FrequencyWords tr_50k
9814d1b3-80df-55dc-8ced-80eb0eb2e736,MAFYA,5,true,true,2026-08-02T00:00:00Z,2257,7797,Zemberek master-dictionary + FrequencyWords tr_50k
ceaa531e-63f8-5684-9746-f1776d66bd80,MAHAL,5,true,true,2026-08-02T00:00:00Z,614,22650,Zemberek master-dictionary + FrequencyWords tr_50k
71ec92f7-f920-5cc2-87b9-662f9504164d,MAKAS,5,true,true,2026-08-02T00:00:00Z,1425,11481,Zemberek master-dictionary + FrequencyWords tr_50k
7638bd3d-5f4d-5f12-8b30-722545d76cb7,MAKET,5,true,true,2026-08-02T00:00:00Z,392,31843,Zemberek master-dictionary + FrequencyWords tr_50k
eaf32d33-90bf-5e9a-b71f-9e152764302f,MAKUL,5,true,true,2026-08-02T00:00:00Z,3582,5151,Zemberek master-dictionary + FrequencyWords tr_50k
66729795-0ff7-5881-b3bf-02778a933430,MALUM,5,true,true,2026-08-02T00:00:00Z,2032,8505,Zemberek master-dictionary + FrequencyWords tr_50k
7a6a63f4-1d86-5d98-910b-39b1976c45db,MALİK,5,true,true,2026-08-02T00:00:00Z,1289,12495,Zemberek master-dictionary + FrequencyWords tr_50k
86a94e92-9e07-55de-ab6f-3b11ff9f2a1a,MANAV,5,true,true,2026-08-02T00:00:00Z,332,36031,Zemberek master-dictionary + FrequencyWords tr_50k
b16cb592-e108-5347-a5f3-de023f622a70,MANGA,5,true,true,2026-08-02T00:00:00Z,734,19709,Zemberek master-dictionary + FrequencyWords tr_50k
ea5d0e40-af59-5301-b9f7-8a20d6392162,MANGO,5,true,true,2026-08-02T00:00:00Z,503,26357,Zemberek master-dictionary + FrequencyWords tr_50k
663c65a7-ca6b-565b-ad94-1200604ff932,MARKA,5,true,true,2026-08-02T00:00:00Z,2573,6957,Zemberek master-dictionary + FrequencyWords tr_50k
b66ddb9a-e4e4-552a-838d-53fc41896f82,MARTI,5,true,true,2026-08-02T00:00:00Z,417,30413,Zemberek master-dictionary + FrequencyWords tr_50k
fba6811e-de7a-538a-92ac-0713a8357d84,MARUL,5,true,true,2026-08-02T00:00:00Z,405,31108,Zemberek master-dictionary + FrequencyWords tr_50k
c596340b-4149-59b1-9579-b53d6cb7bf9a,MARUZ,5,true,true,2026-08-02T00:00:00Z,4400,4320,Zemberek master-dictionary + FrequencyWords tr_50k
a7886bd6-97b4-51f9-9180-37320cadc005,MASAJ,5,true,true,2026-08-02T00:00:00Z,3019,6038,Zemberek master-dictionary + FrequencyWords tr_50k
b3f65940-b044-5430-9c5a-5c7fb98f6e7f,MASAL,5,true,true,2026-08-02T00:00:00Z,1703,9936,Zemberek master-dictionary + FrequencyWords tr_50k
3cfa5cfe-c651-5038-91bf-3032fe789bcc,MASKE,5,true,true,2026-08-02T00:00:00Z,2432,7315,Zemberek master-dictionary + FrequencyWords tr_50k
d1c3d2c9-11e4-58f3-93fc-7d20d7f3900b,MASON,5,true,true,2026-08-02T00:00:00Z,3904,4783,Zemberek master-dictionary + FrequencyWords tr_50k
f9c0e26d-c088-5582-bc50-9466f21ca659,MASUM,5,true,true,2026-08-02T00:00:00Z,12983,1531,Zemberek master-dictionary + FrequencyWords tr_50k
ef80324f-48b1-53de-82be-21d78920423f,MASÖR,5,true,true,2026-08-02T00:00:00Z,306,38120,Zemberek master-dictionary + FrequencyWords tr_50k
aa8d3c8a-823b-54dd-b38a-172e10c836c1,MAYIN,5,true,true,2026-08-02T00:00:00Z,1058,14666,Zemberek master-dictionary + FrequencyWords tr_50k
10d23e97-e5df-5c7f-a87c-3839cb0256cd,MAYIS,5,true,true,2026-08-02T00:00:00Z,3031,6018,Zemberek master-dictionary + FrequencyWords tr_50k
591201e3-2e93-527e-a0eb-1837d8535509,MAZUR,5,true,true,2026-08-02T00:00:00Z,1251,12823,Zemberek master-dictionary + FrequencyWords tr_50k
79ecc9da-3a69-57e8-a4ef-21a17c4f4800,MEDYA,5,true,true,2026-08-02T00:00:00Z,2331,7593,Zemberek master-dictionary + FrequencyWords tr_50k
3e84db95-77e8-52e3-9434-70e2b6801ede,MEKİK,5,true,true,2026-08-02T00:00:00Z,1357,11996,Zemberek master-dictionary + FrequencyWords tr_50k
7f84cdc8-90a1-5881-a90b-273f07f5333d,MELEK,5,true,true,2026-08-02T00:00:00Z,5855,3315,Zemberek master-dictionary + FrequencyWords tr_50k
ffec1a72-e339-56d1-932e-440490a67c9c,MELEZ,5,true,true,2026-08-02T00:00:00Z,1046,14820,Zemberek master-dictionary + FrequencyWords tr_50k
08ea5124-4159-56de-924c-903576b81d43,MEMUR,5,true,true,2026-08-02T00:00:00Z,12871,1549,Zemberek master-dictionary + FrequencyWords tr_50k
a4c363e6-2f3d-553a-9db2-93e8f70a87aa,MERAK,5,true,true,2026-08-02T00:00:00Z,67649,322,Zemberek master-dictionary + FrequencyWords tr_50k
82234a25-7dda-5a55-bd2d-9c10d68c8c04,MERMİ,5,true,true,2026-08-02T00:00:00Z,5391,3587,Zemberek master-dictionary + FrequencyWords tr_50k
900f4b7f-3ac0-5273-bad8-1959e8016229,MESAJ,5,true,true,2026-08-02T00:00:00Z,25788,805,Zemberek master-dictionary + FrequencyWords tr_50k
fe94fe7e-3836-59ea-aa25-df7e86f3eac3,MESAİ,5,true,true,2026-08-02T00:00:00Z,2361,7514,Zemberek master-dictionary + FrequencyWords tr_50k
aa853d65-2b58-5433-9116-982b182301d2,MESUT,5,true,true,2026-08-02T00:00:00Z,621,22439,Zemberek master-dictionary + FrequencyWords tr_50k
e32dc408-aa93-59fe-866d-de79df1abf4c,METAL,5,true,true,2026-08-02T00:00:00Z,5457,3550,Zemberek master-dictionary + FrequencyWords tr_50k
19f1665a-b160-5be6-9698-d2aa36e0fc1d,METAN,5,true,true,2026-08-02T00:00:00Z,570,23949,Zemberek master-dictionary + FrequencyWords tr_50k
bef7827d-8e1d-5855-9219-311546026b70,METRE,5,true,true,2026-08-02T00:00:00Z,12643,1579,Zemberek master-dictionary + FrequencyWords tr_50k
57b72d52-eaca-5021-a3e1-d00a2fc69c81,METRO,5,true,true,2026-08-02T00:00:00Z,2452,7269,Zemberek master-dictionary + FrequencyWords tr_50k
6ebbfd6a-0c09-5782-8df0-2ffa22d29149,METİN,5,true,true,2026-08-02T00:00:00Z,1491,11058,Zemberek master-dictionary + FrequencyWords tr_50k
9b405725-1625-5b52-833a-5124226b073e,MEVKİ,5,true,true,2026-08-02T00:00:00Z,570,23934,Zemberek master-dictionary + FrequencyWords tr_50k
dd953a29-8866-5884-b600-282a9b6fc2db,MEVZU,5,true,true,2026-08-02T00:00:00Z,1470,11192,Zemberek master-dictionary + FrequencyWords tr_50k
2515f74e-ab2e-5bd0-832c-5039ff8d3a26,MEYAL,5,true,true,2026-08-02T00:00:00Z,347,34875,Zemberek master-dictionary + FrequencyWords tr_50k
30778ce6-506f-5100-9f1f-e4c0e68ad33c,MEYVE,5,true,true,2026-08-02T00:00:00Z,6281,3129,Zemberek master-dictionary + FrequencyWords tr_50k
09f5f532-fc01-57f7-806f-9eaef46eb60e,MEZAR,5,true,true,2026-08-02T00:00:00Z,3384,5444,Zemberek master-dictionary + FrequencyWords tr_50k
0125d1d8-5368-5ca4-b8e9-4e15eb904549,MEZUN,5,true,true,2026-08-02T00:00:00Z,5405,3581,Zemberek master-dictionary + FrequencyWords tr_50k
449650d4-dda3-57cb-b907-147cc1124bf6,MEĞER,5,true,true,2026-08-02T00:00:00Z,1530,10845,Zemberek master-dictionary + FrequencyWords tr_50k
1238964d-b9b1-56ec-9016-0ceb8853db91,MEŞRU,5,true,true,2026-08-02T00:00:00Z,1404,11629,Zemberek master-dictionary + FrequencyWords tr_50k
ede09178-decd-5499-a9c4-5e5eab7a6ac1,MISIR,5,true,true,2026-08-02T00:00:00Z,8065,2435,Zemberek master-dictionary + FrequencyWords tr_50k
a2663a23-3e0a-5106-a820-e3cef423cf48,MIŞIL,5,true,true,2026-08-02T00:00:00Z,419,30346,Zemberek master-dictionary + FrequencyWords tr_50k
cc6427d8-9177-5fc6-b13d-43107dd4fda1,MOBİL,5,true,true,2026-08-02T00:00:00Z,550,24617,Zemberek master-dictionary + FrequencyWords tr_50k
fcec2658-6451-5a1f-9b84-0506af635c01,MODEL,5,true,true,2026-08-02T00:00:00Z,5709,3400,Zemberek master-dictionary + FrequencyWords tr_50k
b86a92ce-1288-565b-a03b-dea9a753a80a,MONTE,5,true,true,2026-08-02T00:00:00Z,1413,11567,Zemberek master-dictionary + FrequencyWords tr_50k
edabc55b-cef7-5bb5-8bf8-8c3ea0d8df48,MORAL,5,true,true,2026-08-02T00:00:00Z,1749,9689,Zemberek master-dictionary + FrequencyWords tr_50k
c3427816-1a92-5989-976b-7e7978acee06,MORUK,5,true,true,2026-08-02T00:00:00Z,1733,9785,Zemberek master-dictionary + FrequencyWords tr_50k
90b45a42-18f1-52a8-88b9-6b17b2c0ce8e,MOTEL,5,true,true,2026-08-02T00:00:00Z,1369,11882,Zemberek master-dictionary + FrequencyWords tr_50k
f0ba491a-4872-5615-a649-6020726a1fb6,MOTOR,5,true,true,2026-08-02T00:00:00Z,6092,3215,Zemberek master-dictionary + FrequencyWords tr_50k
020f4266-83ad-5a8d-99b8-241bef2db68d,MOUSE,5,true,true,2026-08-02T00:00:00Z,446,28869,Zemberek master-dictionary + FrequencyWords tr_50k
8dfe756d-9443-541a-a06a-cc97b5d8e86a,MUMYA,5,true,true,2026-08-02T00:00:00Z,571,23899,Zemberek master-dictionary + FrequencyWords tr_50k
99a45dd1-7141-5c82-bd67-9fb280114d1f,MURAT,5,true,true,2026-08-02T00:00:00Z,681,20888,Zemberek master-dictionary + FrequencyWords tr_50k
ab20e9ea-6334-51ee-bb1b-d8f0dfdb963b,MUTLU,5,true,true,2026-08-02T00:00:00Z,72836,302,Zemberek master-dictionary + FrequencyWords tr_50k
5a1d4b57-0eac-504e-b2b4-b472b8fbeece,MÖSYÖ,5,true,true,2026-08-02T00:00:00Z,4477,4243,Zemberek master-dictionary + FrequencyWords tr_50k
d2fbca0d-7af0-5405-98b2-4460205e2f8c,MÜDÜR,5,true,true,2026-08-02T00:00:00Z,11994,1650,Zemberek master-dictionary + FrequencyWords tr_50k
d631f188-e6e1-5df7-af42-6bc1f03de3dd,MÜHÜR,5,true,true,2026-08-02T00:00:00Z,740,19584,Zemberek master-dictionary + FrequencyWords tr_50k
22c077cb-5054-5344-ace2-bac212812c82,MÜHİM,5,true,true,2026-08-02T00:00:00Z,2157,8107,Zemberek master-dictionary + FrequencyWords tr_50k
7477abed-b90c-5b88-a6cc-20a062d7e943,MÜZİK,5,true,true,2026-08-02T00:00:00Z,21506,944,Zemberek master-dictionary + FrequencyWords tr_50k
58119604-221a-51e9-90c6-b84ddf1b237e,MİDYE,5,true,true,2026-08-02T00:00:00Z,502,26385,Zemberek master-dictionary + FrequencyWords tr_50k
2282315f-c40d-5317-8e68-aa8ebbb6f9fe,MİKRO,5,true,true,2026-08-02T00:00:00Z,1053,14716,Zemberek master-dictionary + FrequencyWords tr_50k
bbfbeb9a-8c0f-5ad5-a56d-77dafcc042e8,MİLİS,5,true,true,2026-08-02T00:00:00Z,359,33992,Zemberek master-dictionary + FrequencyWords tr_50k
f793efbc-9222-500a-bcfc-3e0e1cba13bd,MİMAR,5,true,true,2026-08-02T00:00:00Z,1023,15079,Zemberek master-dictionary + FrequencyWords tr_50k
6121964d-a8d4-5554-913a-cb2bd400fdba,MİNİK,5,true,true,2026-08-02T00:00:00Z,6310,3113,Zemberek master-dictionary + FrequencyWords tr_50k
ee12edaa-dfae-5a86-90aa-c68f0260ef2a,MİRAS,5,true,true,2026-08-02T00:00:00Z,2751,6569,Zemberek master-dictionary + FrequencyWords tr_50k
aee9be11-78b4-5349-939c-d268cedefe4b,MİSAL,5,true,true,2026-08-02T00:00:00Z,357,34119,Zemberek master-dictionary + FrequencyWords tr_50k
d4304b02-14de-548d-a6a0-053b52d3b34a,MİYAV,5,true,true,2026-08-02T00:00:00Z,582,23573,Zemberek master-dictionary + FrequencyWords tr_50k
294a626d-77dc-5c86-9b3e-089dfd37e754,MİZAH,5,true,true,2026-08-02T00:00:00Z,1115,14064,Zemberek master-dictionary + FrequencyWords tr_50k
0820936c-d323-5fea-8b61-09cd340068a6,NABIZ,5,true,true,2026-08-02T00:00:00Z,2460,7236,Zemberek master-dictionary + FrequencyWords tr_50k
540b036c-b812-535c-9de5-5c184ea4b8eb,NADİR,5,true,true,2026-08-02T00:00:00Z,4503,4221,Zemberek master-dictionary + FrequencyWords tr_50k
7b91858e-e6d7-557b-aa36-6c25a6349e49,NAHOŞ,5,true,true,2026-08-02T00:00:00Z,826,17937,Zemberek master-dictionary + FrequencyWords tr_50k
0a4e2745-bace-5276-b9b4-f04abd17c90b,NAKİL,5,true,true,2026-08-02T00:00:00Z,2326,7611,Zemberek master-dictionary + FrequencyWords tr_50k
24f3a8b0-4f68-52d8-a440-de8b9a99f756,NAKİT,5,true,true,2026-08-02T00:00:00Z,7371,2650,Zemberek master-dictionary + FrequencyWords tr_50k
6f8e9a1c-cc2c-599c-b6cf-a00118f69af4,NARİN,5,true,true,2026-08-02T00:00:00Z,1386,11771,Zemberek master-dictionary + FrequencyWords tr_50k
44db4522-d110-5147-b7bb-a6b742fa4bfb,NASİP,5,true,true,2026-08-02T00:00:00Z,390,31917,Zemberek master-dictionary + FrequencyWords tr_50k
882e5916-bbeb-5ebd-8f4b-38ca5351e396,NAZİK,5,true,true,2026-08-02T00:00:00Z,9874,1985,Zemberek master-dictionary + FrequencyWords tr_50k
dcfaa8ad-11b3-55c9-8383-f0e75f3fa503,NAZİR,5,true,true,2026-08-02T00:00:00Z,443,29053,Zemberek master-dictionary + FrequencyWords tr_50k
bc83cf06-4f50-5176-bf47-eb7aecf214ed,NEBZE,5,true,true,2026-08-02T00:00:00Z,379,32648,Zemberek master-dictionary + FrequencyWords tr_50k
359b5fd0-382c-5639-a0da-3abe54dca9e2,NEFES,5,true,true,2026-08-02T00:00:00Z,26356,780,Zemberek master-dictionary + FrequencyWords tr_50k
279d7089-ee72-570c-aa09-d9f254b08604,NEFİS,5,true,true,2026-08-02T00:00:00Z,2273,7754,Zemberek master-dictionary + FrequencyWords tr_50k
01a7311d-3a17-59c5-a787-d68255c46e32,NEHİR,5,true,true,2026-08-02T00:00:00Z,3894,4794,Zemberek master-dictionary + FrequencyWords tr_50k
c493e250-907d-5108-a224-c3f20b96fd78,NESNE,5,true,true,2026-08-02T00:00:00Z,1272,12632,Zemberek master-dictionary + FrequencyWords tr_50k
5e7a2dd8-451c-565a-acbf-83063c067d1f,NESİL,5,true,true,2026-08-02T00:00:00Z,1600,10436,Zemberek master-dictionary + FrequencyWords tr_50k
cd84169c-1f93-5991-933b-062a1d8f18d4,NEZLE,5,true,true,2026-08-02T00:00:00Z,539,24982,Zemberek master-dictionary + FrequencyWords tr_50k
209a6fbb-0da9-5010-9b0e-e9c9307f4054,NOKTA,5,true,true,2026-08-02T00:00:00Z,8012,2452,Zemberek master-dictionary + FrequencyWords tr_50k
e025be2e-025e-554e-8069-ee195c4105f2,NONOŞ,5,true,true,2026-08-02T00:00:00Z,525,25483,Zemberek master-dictionary + FrequencyWords tr_50k
59695b3d-fd59-5738-b531-982693f4834f,NUTUK,5,true,true,2026-08-02T00:00:00Z,757,19247,Zemberek master-dictionary + FrequencyWords tr_50k
ea72fd43-ad87-586b-97fd-cb578a208b9e,NÖBET,5,true,true,2026-08-02T00:00:00Z,2972,6113,Zemberek master-dictionary + FrequencyWords tr_50k
aad76665-bd0c-55c1-b02c-b9a1d5ebea9e,NÜFUS,5,true,true,2026-08-02T00:00:00Z,1131,13898,Zemberek master-dictionary + FrequencyWords tr_50k
b79f92e1-ced6-5b0e-a54a-811aa7dd639a,NÜFUZ,5,true,true,2026-08-02T00:00:00Z,465,27978,Zemberek master-dictionary + FrequencyWords tr_50k
5158d48a-6351-52e8-8010-3a796854e3b0,NİMET,5,true,true,2026-08-02T00:00:00Z,308,37967,Zemberek master-dictionary + FrequencyWords tr_50k
498140b8-7bb7-5637-8479-040635533c99,NİSAN,5,true,true,2026-08-02T00:00:00Z,3103,5892,Zemberek master-dictionary + FrequencyWords tr_50k
e145ceac-f37c-5fc5-b9e5-59904289d27a,NİYET,5,true,true,2026-08-02T00:00:00Z,1167,13531,Zemberek master-dictionary + FrequencyWords tr_50k
10403a3c-e9e0-5fd4-bfcd-88e11808f630,NİÇİN,5,true,true,2026-08-02T00:00:00Z,18447,1085,Zemberek master-dictionary + FrequencyWords tr_50k
3c24113e-a61c-55eb-bebc-d3ed4acda402,NİŞAN,5,true,true,2026-08-02T00:00:00Z,4863,3939,Zemberek master-dictionary + FrequencyWords tr_50k
d3b409b0-c9ca-5ffc-8fed-5b509c2d4747,OLASI,5,true,true,2026-08-02T00:00:00Z,21086,964,Zemberek master-dictionary + FrequencyWords tr_50k
ff4b2f98-56c4-5be8-adc1-7cfceaad55ba,OLGUN,5,true,true,2026-08-02T00:00:00Z,2471,7201,Zemberek master-dictionary + FrequencyWords tr_50k
e1adff38-ff63-5f29-a7be-0ca2e77e5903,OMLET,5,true,true,2026-08-02T00:00:00Z,1036,14928,Zemberek master-dictionary + FrequencyWords tr_50k
e2d4e097-2575-5620-a3f2-9f9e0fc52e07,OPERA,5,true,true,2026-08-02T00:00:00Z,1576,10579,Zemberek master-dictionary + FrequencyWords tr_50k
c72666e9-9efa-516c-838e-727bb6e4f9e7,OPTİK,5,true,true,2026-08-02T00:00:00Z,657,21474,Zemberek master-dictionary + FrequencyWords tr_50k
f181fbf9-3445-5b50-88cf-27863a2378b5,ORGAN,5,true,true,2026-08-02T00:00:00Z,1872,9093,Zemberek master-dictionary + FrequencyWords tr_50k
0cc64755-697c-5864-8d4b-c47784ec6d9c,ORMAN,5,true,true,2026-08-02T00:00:00Z,4114,4573,Zemberek master-dictionary + FrequencyWords tr_50k
4a76d2aa-84b8-5187-ac57-badccb66dbb2,ORTAK,5,true,true,2026-08-02T00:00:00Z,17139,1166,Zemberek master-dictionary + FrequencyWords tr_50k
34fc4994-61bd-561f-bd0e-b1b0e56a2634,ORTAM,5,true,true,2026-08-02T00:00:00Z,2332,7589,Zemberek master-dictionary + FrequencyWords tr_50k
8ecebc75-0e76-568b-a86c-509d697ffd16,OĞLAN,5,true,true,2026-08-02T00:00:00Z,6441,3053,Zemberek master-dictionary + FrequencyWords tr_50k
2c150ef9-a86a-506d-9779-1e3a927f6f02,PAGAN,5,true,true,2026-08-02T00:00:00Z,357,34099,Zemberek master-dictionary + FrequencyWords tr_50k
de86c8e7-201d-551e-b8d1-4df298977c06,PAKET,5,true,true,2026-08-02T00:00:00Z,6183,3176,Zemberek master-dictionary + FrequencyWords tr_50k
b82a097f-71f8-5b16-8c0c-8d0f68e8f950,PALTO,5,true,true,2026-08-02T00:00:00Z,666,21237,Zemberek master-dictionary + FrequencyWords tr_50k
a1eae07b-0d5d-591e-a00a-12eaf21957e5,PAMUK,5,true,true,2026-08-02T00:00:00Z,2773,6526,Zemberek master-dictionary + FrequencyWords tr_50k
0a7a74a9-6dba-5a78-aa99-54e361a7426b,PANDA,5,true,true,2026-08-02T00:00:00Z,963,15835,Zemberek master-dictionary + FrequencyWords tr_50k
d93ed516-a121-5933-8fd4-379090fdfed6,PANEL,5,true,true,2026-08-02T00:00:00Z,313,37572,Zemberek master-dictionary + FrequencyWords tr_50k
bc8a94cc-cec4-53ab-a363-6c0396f46910,PANİK,5,true,true,2026-08-02T00:00:00Z,4730,4043,Zemberek master-dictionary + FrequencyWords tr_50k
e2c8999b-a8ce-5c73-b3c8-269415ffda5b,PAPAZ,5,true,true,2026-08-02T00:00:00Z,3480,5289,Zemberek master-dictionary + FrequencyWords tr_50k
96cff1a7-3e30-5da3-a4bd-f61aca926e36,PAPEL,5,true,true,2026-08-02T00:00:00Z,2595,6913,Zemberek master-dictionary + FrequencyWords tr_50k
8905e599-1917-5c80-9f6a-08327c4006ae,PARKA,5,true,true,2026-08-02T00:00:00Z,1762,9616,Zemberek master-dictionary + FrequencyWords tr_50k
157f8025-7c6b-5c29-b709-6dd83e97db37,PARTİ,5,true,true,2026-08-02T00:00:00Z,25118,825,Zemberek master-dictionary + FrequencyWords tr_50k
fb12d340-956d-5a5c-8ffa-7ed13a4b7b1a,PARÇA,5,true,true,2026-08-02T00:00:00Z,17052,1169,Zemberek master-dictionary + FrequencyWords tr_50k
e9f7eb5d-524b-5e66-b2ef-02cb0f191d27,PASTA,5,true,true,2026-08-02T00:00:00Z,5924,3286,Zemberek master-dictionary + FrequencyWords tr_50k
ed7d14ab-59e0-5c5d-b9d3-0c5362adc0e5,PASİF,5,true,true,2026-08-02T00:00:00Z,788,18644,Zemberek master-dictionary + FrequencyWords tr_50k
a9f969ff-d8b2-5567-bea4-391728decab5,PATEN,5,true,true,2026-08-02T00:00:00Z,982,15588,Zemberek master-dictionary + FrequencyWords tr_50k
2d07009c-a694-59f7-9fb4-2ecfe7e897d7,PAZAR,5,true,true,2026-08-02T00:00:00Z,10985,1790,Zemberek master-dictionary + FrequencyWords tr_50k
cfa24c93-fbcb-5ba3-96a5-23c04abd8225,PEDER,5,true,true,2026-08-02T00:00:00Z,15049,1331,Zemberek master-dictionary + FrequencyWords tr_50k
8b98594d-5af8-5e32-9dd8-7200dfcf17ca,PEMBE,5,true,true,2026-08-02T00:00:00Z,5427,3571,Zemberek master-dictionary + FrequencyWords tr_50k
57eede82-4289-5c40-8d27-aafadad3a80f,PENÇE,5,true,true,2026-08-02T00:00:00Z,706,20327,Zemberek master-dictionary + FrequencyWords tr_50k
80903118-4930-51d5-9ae0-cc90d8e2d362,PENİS,5,true,true,2026-08-02T00:00:00Z,2147,8137,Zemberek master-dictionary + FrequencyWords tr_50k
dbd4ea5a-0bbb-5439-b22a-ce8ccbb62b64,PERDE,5,true,true,2026-08-02T00:00:00Z,2049,8443,Zemberek master-dictionary + FrequencyWords tr_50k
71925e5b-1f6f-5b6e-8895-ba76e5115c5b,PERUK,5,true,true,2026-08-02T00:00:00Z,1242,12894,Zemberek master-dictionary + FrequencyWords tr_50k
766cea12-0df2-557c-a87c-32dede89aec5,PEŞİN,5,true,true,2026-08-02T00:00:00Z,1301,12410,Zemberek master-dictionary + FrequencyWords tr_50k
9a0ce020-de7c-54c0-9a38-c86b849f11de,PIHTI,5,true,true,2026-08-02T00:00:00Z,357,34094,Zemberek master-dictionary + FrequencyWords tr_50k
0ef3c485-e075-5ee5-851d-339c3a481410,PINAR,5,true,true,2026-08-02T00:00:00Z,515,25867,Zemberek master-dictionary + FrequencyWords tr_50k
3ef0616a-2d55-5384-8754-d04742330786,PIRIL,5,true,true,2026-08-02T00:00:00Z,1005,15275,Zemberek master-dictionary + FrequencyWords tr_50k
443aae1f-0895-56d8-a0e3-84b06efe80d4,PLAKA,5,true,true,2026-08-02T00:00:00Z,1136,13854,Zemberek master-dictionary + FrequencyWords tr_50k
f5d20c2e-5b8d-5f1c-a072-e1cf6124761e,PLATO,5,true,true,2026-08-02T00:00:00Z,349,34735,Zemberek master-dictionary + FrequencyWords tr_50k
5f561de8-9026-563a-8544-247c7dc5716b,PLAZA,5,true,true,2026-08-02T00:00:00Z,852,17479,Zemberek master-dictionary + FrequencyWords tr_50k
099823cc-633f-5287-bb05-b60c1c5b5f87,POKER,5,true,true,2026-08-02T00:00:00Z,2933,6173,Zemberek master-dictionary + FrequencyWords tr_50k
3d762367-5b79-5fef-bef2-9634509d9baf,POLEN,5,true,true,2026-08-02T00:00:00Z,351,34544,Zemberek master-dictionary + FrequencyWords tr_50k
274a9aaa-2dd6-56b6-8e20-6fef0597eebf,POLİS,5,true,true,2026-08-02T00:00:00Z,67207,326,Zemberek master-dictionary + FrequencyWords tr_50k
0cddb68c-db78-5b00-9b61-b490614e6a31,POMPA,5,true,true,2026-08-02T00:00:00Z,551,24553,Zemberek master-dictionary + FrequencyWords tr_50k
45a88a2e-5fb3-546f-8b1c-e499e07ff523,PORTO,5,true,true,2026-08-02T00:00:00Z,966,15791,Zemberek master-dictionary + FrequencyWords tr_50k
c11bfb35-2264-5e1b-a578-38947963342d,POSTA,5,true,true,2026-08-02T00:00:00Z,5827,3329,Zemberek master-dictionary + FrequencyWords tr_50k
93848ed9-5cba-5fa2-b717-d723ccb8f543,POUND,5,true,true,2026-08-02T00:00:00Z,2819,6423,Zemberek master-dictionary + FrequencyWords tr_50k
fbf82072-3f28-54ae-a791-7f5a7d299fab,POŞET,5,true,true,2026-08-02T00:00:00Z,786,18669,Zemberek master-dictionary + FrequencyWords tr_50k
67f755fd-5387-57dc-be0b-6d436fa1c8f8,PRENS,5,true,true,2026-08-02T00:00:00Z,7370,2651,Zemberek master-dictionary + FrequencyWords tr_50k
a8a6c823-bf5e-55b9-a5a7-586558c317ed,PROJE,5,true,true,2026-08-02T00:00:00Z,3033,6014,Zemberek master-dictionary + FrequencyWords tr_50k
fe692874-6a81-5a71-a34c-43ae6911100c,PROVA,5,true,true,2026-08-02T00:00:00Z,3382,5449,Zemberek master-dictionary + FrequencyWords tr_50k
872a7549-e3fa-5b08-9135-2d56959dba56,PUDRA,5,true,true,2026-08-02T00:00:00Z,505,26291,Zemberek master-dictionary + FrequencyWords tr_50k
42ba6ddf-0b95-5a74-9fe0-6a3df86bdef5,PÜRÜZ,5,true,true,2026-08-02T00:00:00Z,305,38209,Zemberek master-dictionary + FrequencyWords tr_50k
886d6572-9930-5015-80c4-eb54e91390ad,PİLOT,5,true,true,2026-08-02T00:00:00Z,5079,3781,Zemberek master-dictionary + FrequencyWords tr_50k
32adf2ac-bd3e-50c9-967c-5297df8c0ef8,PİLİÇ,5,true,true,2026-08-02T00:00:00Z,1422,11502,Zemberek master-dictionary + FrequencyWords tr_50k
39bd542e-55f5-5ab9-ad71-d9e601234b69,PİYON,5,true,true,2026-08-02T00:00:00Z,506,26212,Zemberek master-dictionary + FrequencyWords tr_50k
aef238c3-45fb-5c4f-8235-9035183abc23,PİZZA,5,true,true,2026-08-02T00:00:00Z,7077,2776,Zemberek master-dictionary + FrequencyWords tr_50k
0f7fa81b-fbb3-5788-abfd-15379fcff461,RADAR,5,true,true,2026-08-02T00:00:00Z,1135,13861,Zemberek master-dictionary + FrequencyWords tr_50k
25e63bcb-4bec-54ea-9645-49b2933d6a68,RADYO,5,true,true,2026-08-02T00:00:00Z,5580,3486,Zemberek master-dictionary + FrequencyWords tr_50k
789fb4a0-a9fc-529a-9d6c-6d35ac5b862e,RAHİM,5,true,true,2026-08-02T00:00:00Z,800,18409,Zemberek master-dictionary + FrequencyWords tr_50k
28628bd8-5a03-59dc-bb52-f7b66f063e5b,RAHİP,5,true,true,2026-08-02T00:00:00Z,6744,2898,Zemberek master-dictionary + FrequencyWords tr_50k
82e01504-cf19-5975-a05a-db93794a876f,RAKAM,5,true,true,2026-08-02T00:00:00Z,1599,10446,Zemberek master-dictionary + FrequencyWords tr_50k
8f3cfc64-15df-5334-8af0-19c4282af26d,RAKİP,5,true,true,2026-08-02T00:00:00Z,2134,8187,Zemberek master-dictionary + FrequencyWords tr_50k
cb2d6001-6b9b-5c55-8588-90181c898099,RAPOR,5,true,true,2026-08-02T00:00:00Z,11085,1769,Zemberek master-dictionary + FrequencyWords tr_50k
4557a192-6a01-59e4-81fd-80ddc2dae6c0,RAUNT,5,true,true,2026-08-02T00:00:00Z,687,20740,Zemberek master-dictionary + FrequencyWords tr_50k
81623bd0-990d-5198-9288-dd3d6bb6b6c4,RECEP,5,true,true,2026-08-02T00:00:00Z,370,33214,Zemberek master-dictionary + FrequencyWords tr_50k
1bca5459-0296-5686-b179-354de390f5c8,REFAH,5,true,true,2026-08-02T00:00:00Z,609,22806,Zemberek master-dictionary + FrequencyWords tr_50k
084ee02a-8dcd-5bbe-ae4b-4334a58d3e38,REHİN,5,true,true,2026-08-02T00:00:00Z,2623,6849,Zemberek master-dictionary + FrequencyWords tr_50k
adff7ef9-5162-5b39-ae1d-e0051e24825c,REJİM,5,true,true,2026-08-02T00:00:00Z,430,29671,Zemberek master-dictionary + FrequencyWords tr_50k
4b379c0d-6d95-5e31-a73a-8970b015692d,REKOR,5,true,true,2026-08-02T00:00:00Z,1265,12698,Zemberek master-dictionary + FrequencyWords tr_50k
23aaee39-fa67-5ff7-aa7a-1d8b9b4f82fd,RESİM,5,true,true,2026-08-02T00:00:00Z,12422,1601,Zemberek master-dictionary + FrequencyWords tr_50k
79ecc12d-19a3-50ac-83a5-4ef9c8fc12f5,REVİR,5,true,true,2026-08-02T00:00:00Z,636,22048,Zemberek master-dictionary + FrequencyWords tr_50k
dd999b10-f036-50d3-af1a-75671a024f50,REZİL,5,true,true,2026-08-02T00:00:00Z,5586,3482,Zemberek master-dictionary + FrequencyWords tr_50k
562fb6d7-dd04-5df5-a83d-ee7bd97bad49,REÇEL,5,true,true,2026-08-02T00:00:00Z,710,20244,Zemberek master-dictionary + FrequencyWords tr_50k
08af82d5-7104-5ba6-922f-3253e4d503c8,REŞİT,5,true,true,2026-08-02T00:00:00Z,1326,12203,Zemberek master-dictionary + FrequencyWords tr_50k
9aedf5e9-a4c2-514d-a081-c3b1562659b0,ROBOT,5,true,true,2026-08-02T00:00:00Z,4739,4034,Zemberek master-dictionary + FrequencyWords tr_50k
ef13fca9-104a-5909-aa76-f969c3aa1f3e,RODEO,5,true,true,2026-08-02T00:00:00Z,552,24517,Zemberek master-dictionary + FrequencyWords tr_50k
a8100c8f-df74-52e4-a57b-9501128cd734,ROKET,5,true,true,2026-08-02T00:00:00Z,2312,7648,Zemberek master-dictionary + FrequencyWords tr_50k
1f3e07fb-fcf8-50c5-a921-0690e5661d55,ROMAN,5,true,true,2026-08-02T00:00:00Z,4993,3841,Zemberek master-dictionary + FrequencyWords tr_50k
1f36fb41-c334-5964-8816-559a3a3fb4b6,ROSTO,5,true,true,2026-08-02T00:00:00Z,456,28413,Zemberek master-dictionary + FrequencyWords tr_50k
1c9930fc-b0d4-5a94-87fa-3b050db74392,ROZET,5,true,true,2026-08-02T00:00:00Z,958,15901,Zemberek master-dictionary + FrequencyWords tr_50k
62d96b5a-8d97-592f-a153-5534cc8ba0f6,RUBLE,5,true,true,2026-08-02T00:00:00Z,364,33657,Zemberek master-dictionary + FrequencyWords tr_50k
d159cbc3-7b9f-5827-810f-8886ad34fb65,RUHEN,5,true,true,2026-08-02T00:00:00Z,301,38629,Zemberek master-dictionary + FrequencyWords tr_50k
be862911-ea61-5871-ab7c-18ee5a046aa9,RUTİN,5,true,true,2026-08-02T00:00:00Z,1555,10704,Zemberek master-dictionary + FrequencyWords tr_50k
e8da8239-03f8-5dc4-88fc-b6e065813095,RÜTBE,5,true,true,2026-08-02T00:00:00Z,501,26437,Zemberek master-dictionary + FrequencyWords tr_50k
92741874-bda8-569f-9b12-02f9c66fe557,RİNGA,5,true,true,2026-08-02T00:00:00Z,323,36673,Zemberek master-dictionary + FrequencyWords tr_50k
ee9a98e2-ba4f-5ade-a04e-c4fbf4f06ce2,RİTİM,5,true,true,2026-08-02T00:00:00Z,916,16458,Zemberek master-dictionary + FrequencyWords tr_50k
de272eac-affa-5954-b5d3-ffba61aba727,SABAH,5,true,true,2026-08-02T00:00:00Z,61154,346,Zemberek master-dictionary + FrequencyWords tr_50k
72b7827d-5d6d-5a0d-a1ea-0cfa3c30bb07,SABIR,5,true,true,2026-08-02T00:00:00Z,1612,10378,Zemberek master-dictionary + FrequencyWords tr_50k
e77459c0-b790-53e8-b0d7-b950799ef988,SABUN,5,true,true,2026-08-02T00:00:00Z,1656,10146,Zemberek master-dictionary + FrequencyWords tr_50k
fc31ecc3-505f-5d3f-ae09-4e7ffc4e6ff0,SABİT,5,true,true,2026-08-02T00:00:00Z,5600,3473,Zemberek master-dictionary + FrequencyWords tr_50k
dfd9b672-8ad8-5cc9-a170-a4452d07cfdb,SADIK,5,true,true,2026-08-02T00:00:00Z,7474,2615,Zemberek master-dictionary + FrequencyWords tr_50k
925bd701-c39e-5acf-a488-f5624ec9402f,SAFRA,5,true,true,2026-08-02T00:00:00Z,557,24355,Zemberek master-dictionary + FrequencyWords tr_50k
943accda-0a1e-5a9f-bb9b-54cb84bc9722,SAHNE,5,true,true,2026-08-02T00:00:00Z,7631,2568,Zemberek master-dictionary + FrequencyWords tr_50k
96ddb4d5-c7c4-5ab2-a455-cd251a8a37c9,SAHRA,5,true,true,2026-08-02T00:00:00Z,502,26386,Zemberek master-dictionary + FrequencyWords tr_50k
b5dee13e-7ee4-58c3-86f0-7e0a175c46b7,SAHTE,5,true,true,2026-08-02T00:00:00Z,16545,1212,Zemberek master-dictionary + FrequencyWords tr_50k
2e9967bf-ce2c-55e3-adcb-8887701aaf88,SAHİL,5,true,true,2026-08-02T00:00:00Z,3003,6066,Zemberek master-dictionary + FrequencyWords tr_50k
54363da9-4924-5b5e-b5e5-14972a9769d0,SAKAL,5,true,true,2026-08-02T00:00:00Z,1258,12753,Zemberek master-dictionary + FrequencyWords tr_50k
aad03b81-ff14-5d80-8378-480c867e4ee1,SAKAR,5,true,true,2026-08-02T00:00:00Z,692,20616,Zemberek master-dictionary + FrequencyWords tr_50k
4c955268-9097-5096-9cd8-c9ed85ccf978,SAKAT,5,true,true,2026-08-02T00:00:00Z,2302,7668,Zemberek master-dictionary + FrequencyWords tr_50k
f971c18b-1e41-5615-8af0-1ca0f935d199,SAKIZ,5,true,true,2026-08-02T00:00:00Z,2018,8560,Zemberek master-dictionary + FrequencyWords tr_50k
77e3edcd-823b-52cf-b317-2142e459823d,SAKLI,5,true,true,2026-08-02T00:00:00Z,2839,6382,Zemberek master-dictionary + FrequencyWords tr_50k
37fcdb74-6682-583f-be81-b5b2900bbe93,SAKİN,5,true,true,2026-08-02T00:00:00Z,61885,342,Zemberek master-dictionary + FrequencyWords tr_50k
49f77c35-ca38-5dba-9f0c-0a254b1d0f04,SALAM,5,true,true,2026-08-02T00:00:00Z,504,26330,Zemberek master-dictionary + FrequencyWords tr_50k
152cabaf-13c2-5912-a2e9-f36f030c81b5,SALON,5,true,true,2026-08-02T00:00:00Z,1556,10696,Zemberek master-dictionary + FrequencyWords tr_50k
90edc051-0b94-5a38-b4c1-65bbab431a65,SALSA,5,true,true,2026-08-02T00:00:00Z,557,24362,Zemberek master-dictionary + FrequencyWords tr_50k
1de3c4bd-9717-5d05-8853-82bd54680546,SALYA,5,true,true,2026-08-02T00:00:00Z,455,28441,Zemberek master-dictionary + FrequencyWords tr_50k
c652fe24-5c16-5e41-a94b-a4dc8acef535,SALİM,5,true,true,2026-08-02T00:00:00Z,3053,5979,Zemberek master-dictionary + FrequencyWords tr_50k
55cbc3a4-6a0c-536a-8c06-0a5b1d3e6ffc,SAMAN,5,true,true,2026-08-02T00:00:00Z,999,15362,Zemberek master-dictionary + FrequencyWords tr_50k
e81818d7-34ee-51d9-a5d8-6626fc69d2df,SANAL,5,true,true,2026-08-02T00:00:00Z,2387,7437,Zemberek master-dictionary + FrequencyWords tr_50k
911a3493-5e6f-5fd9-be8a-b10247af74b8,SANAT,5,true,true,2026-08-02T00:00:00Z,10077,1945,Zemberek master-dictionary + FrequencyWords tr_50k
02c53438-9ea5-5667-be61-a169c9cbc2b9,SANIK,5,true,true,2026-08-02T00:00:00Z,1560,10660,Zemberek master-dictionary + FrequencyWords tr_50k
960dbb38-ba44-598e-b54f-5024567a4189,SANKİ,5,true,true,2026-08-02T00:00:00Z,61754,343,Zemberek master-dictionary + FrequencyWords tr_50k
314ba3c7-0cc4-59b6-9550-a0e157f04e0e,SAPAN,5,true,true,2026-08-02T00:00:00Z,3300,5578,Zemberek master-dictionary + FrequencyWords tr_50k
af252396-dd89-5b23-a17b-8a4ab1ac2741,SAPIK,5,true,true,2026-08-02T00:00:00Z,4815,3980,Zemberek master-dictionary + FrequencyWords tr_50k
ee38d898-f193-55bd-95e3-cb684a2277e2,SARAY,5,true,true,2026-08-02T00:00:00Z,5020,3821,Zemberek master-dictionary + FrequencyWords tr_50k
3c52a16b-b46a-5b30-8fd5-7b81ddc2897b,SARGI,5,true,true,2026-08-02T00:00:00Z,514,25927,Zemberek master-dictionary + FrequencyWords tr_50k
d342518d-8f5a-5317-b3b1-b9bcb54c401f,SARMA,5,true,true,2026-08-02T00:00:00Z,299,38827,Zemberek master-dictionary + FrequencyWords tr_50k
d3791557-72dd-59d7-be6b-4bb0dea65705,SARPA,5,true,true,2026-08-02T00:00:00Z,780,18787,Zemberek master-dictionary + FrequencyWords tr_50k
b78a9ea5-cf74-55f1-af2f-b41a0082239f,SATEN,5,true,true,2026-08-02T00:00:00Z,333,35909,Zemberek master-dictionary + FrequencyWords tr_50k
e34e17d6-0696-5a34-9e0c-9465e0995a01,SATIR,5,true,true,2026-08-02T00:00:00Z,967,15769,Zemberek master-dictionary + FrequencyWords tr_50k
476bd24b-80c5-5b81-8370-04f34355a3f2,SATIŞ,5,true,true,2026-08-02T00:00:00Z,5326,3624,Zemberek master-dictionary + FrequencyWords tr_50k
66326e8a-39f3-590b-8132-02a8bef691ef,SAVAŞ,5,true,true,2026-08-02T00:00:00Z,39227,534,Zemberek master-dictionary + FrequencyWords tr_50k
34238308-3fcf-5aaa-abcf-651b75631735,SAVCI,5,true,true,2026-08-02T00:00:00Z,3733,4961,Zemberek master-dictionary + FrequencyWords tr_50k
06916901-8ac9-5050-a8b4-76feb34a9234,SAYFA,5,true,true,2026-08-02T00:00:00Z,4410,4312,Zemberek master-dictionary + FrequencyWords tr_50k
1b25bf2a-3ea2-5670-9c3f-8f20e610bd81,SAYGI,5,true,true,2026-08-02T00:00:00Z,16594,1206,Zemberek master-dictionary + FrequencyWords tr_50k
89ed6c42-c453-506b-a78e-8ece6e0af0f8,SAYIM,5,true,true,2026-08-02T00:00:00Z,1569,10623,Zemberek master-dictionary + FrequencyWords tr_50k
73b0458b-7c2c-5987-a7d9-e169a9733ea1,SAYIN,5,true,true,2026-08-02T00:00:00Z,22339,920,Zemberek master-dictionary + FrequencyWords tr_50k
12de0f87-7f2e-5900-b121-8ee22b0d9c66,SAÇIK,5,true,true,2026-08-02T00:00:00Z,408,30919,Zemberek master-dictionary + FrequencyWords tr_50k
7278b7f3-4cad-5549-8177-76af7f5ef271,SAÇMA,5,true,true,2026-08-02T00:00:00Z,22310,925,Zemberek master-dictionary + FrequencyWords tr_50k
fe8a847c-0dd7-5d44-afb8-8488e2ad0417,SAĞIR,5,true,true,2026-08-02T00:00:00Z,3858,4830,Zemberek master-dictionary + FrequencyWords tr_50k
05719133-f2a2-563b-8c94-6befbd705ba2,SEANS,5,true,true,2026-08-02T00:00:00Z,893,16807,Zemberek master-dictionary + FrequencyWords tr_50k
968b1e64-34b6-5f25-b2ca-90bffe0dd79b,SEBEP,5,true,true,2026-08-02T00:00:00Z,24110,857,Zemberek master-dictionary + FrequencyWords tr_50k
382b7b23-d846-555a-a463-dc3606f08677,SEBZE,5,true,true,2026-08-02T00:00:00Z,2092,8311,Zemberek master-dictionary + FrequencyWords tr_50k
552e930e-5c3b-5f46-993e-c5294de66ac4,SEDYE,5,true,true,2026-08-02T00:00:00Z,553,24485,Zemberek master-dictionary + FrequencyWords tr_50k
1a45424e-d9bc-5515-aba2-3653a26ea496,SEFER,5,true,true,2026-08-02T00:00:00Z,30231,688,Zemberek master-dictionary + FrequencyWords tr_50k
9a04d2f2-972c-57bb-8c62-48fd7fd58893,SEFİL,5,true,true,2026-08-02T00:00:00Z,2766,6538,Zemberek master-dictionary + FrequencyWords tr_50k
a39a96a2-60ea-5cbe-a464-2abf5a5ace0d,SEKSİ,5,true,true,2026-08-02T00:00:00Z,16845,1183,Zemberek master-dictionary + FrequencyWords tr_50k
f963f0d8-c84b-508a-b372-090e38729449,SEKİZ,5,true,true,2026-08-02T00:00:00Z,18228,1097,Zemberek master-dictionary + FrequencyWords tr_50k
4206813d-f325-5d7c-93e6-c68eeaaa8423,SELEN,5,true,true,2026-08-02T00:00:00Z,441,29152,Zemberek master-dictionary + FrequencyWords tr_50k
915180dc-24c4-551f-b478-eab0b7b670b3,SELİM,5,true,true,2026-08-02T00:00:00Z,498,26522,Zemberek master-dictionary + FrequencyWords tr_50k
454531c2-f44f-5076-81ca-4aa03fb59390,SENET,5,true,true,2026-08-02T00:00:00Z,307,38063,Zemberek master-dictionary + FrequencyWords tr_50k
aca81d49-e78b-5d44-a509-70ad542edd02,SEPET,5,true,true,2026-08-02T00:00:00Z,692,20611,Zemberek master-dictionary + FrequencyWords tr_50k
6460f9b5-c388-5553-8560-7de44f1240ab,SERGİ,5,true,true,2026-08-02T00:00:00Z,931,16243,Zemberek master-dictionary + FrequencyWords tr_50k
7bfe8701-cfeb-502e-80e2-3a08714ac2d3,SERUM,5,true,true,2026-08-02T00:00:00Z,1390,11739,Zemberek master-dictionary + FrequencyWords tr_50k
9659e5e0-e8f4-53a5-ae28-81d16e873f90,SERÇE,5,true,true,2026-08-02T00:00:00Z,819,18043,Zemberek master-dictionary + FrequencyWords tr_50k
0d1091fe-96d2-517c-84a0-cf7410ae5b26,SERİN,5,true,true,2026-08-02T00:00:00Z,1464,11247,Zemberek master-dictionary + FrequencyWords tr_50k
28131d4e-08c4-503e-afb2-e2716fbfcc14,SESLİ,5,true,true,2026-08-02T00:00:00Z,4320,4395,Zemberek master-dictionary + FrequencyWords tr_50k
ac2f338c-a28e-5045-8362-088606fbca26,SEVER,5,true,true,2026-08-02T00:00:00Z,13706,1458,Zemberek master-dictionary + FrequencyWords tr_50k
da804122-8932-5f12-9525-a4232eafe4f2,SEVGİ,5,true,true,2026-08-02T00:00:00Z,8702,2241,Zemberek master-dictionary + FrequencyWords tr_50k
320ab704-475c-5f92-b47c-d9680f1505b1,SEYİR,5,true,true,2026-08-02T00:00:00Z,1738,9758,Zemberek master-dictionary + FrequencyWords tr_50k
867365e6-6165-551b-99b0-c04463dd59d4,SEZON,5,true,true,2026-08-02T00:00:00Z,8217,2389,Zemberek master-dictionary + FrequencyWords tr_50k
bb58d61f-2ee3-5062-a9c2-fadbc7fd458e,SEÇİM,5,true,true,2026-08-02T00:00:00Z,12183,1626,Zemberek master-dictionary + FrequencyWords tr_50k
2414bc64-51e4-5f92-b9d9-cbdce01894b8,SICAK,5,true,true,2026-08-02T00:00:00Z,27632,739,Zemberek master-dictionary + FrequencyWords tr_50k
f7c10f64-6b58-5318-ae0e-6fdcc52ad279,SIFIR,5,true,true,2026-08-02T00:00:00Z,5279,3661,Zemberek master-dictionary + FrequencyWords tr_50k
06623ed6-a558-53e8-8485-c85545ecd1da,SIKÇA,5,true,true,2026-08-02T00:00:00Z,872,17132,Zemberek master-dictionary + FrequencyWords tr_50k
3de17525-e6f2-5d79-9910-000bb59098a0,SINAV,5,true,true,2026-08-02T00:00:00Z,2864,6313,Zemberek master-dictionary + FrequencyWords tr_50k
ea09f6b4-8060-5f86-8b97-dc609f0dc0b5,SINIF,5,true,true,2026-08-02T00:00:00Z,12128,1635,Zemberek master-dictionary + FrequencyWords tr_50k
e4f37077-de68-51d4-9cca-8f2fb446a8a5,SINIR,5,true,true,2026-08-02T00:00:00Z,4886,3922,Zemberek master-dictionary + FrequencyWords tr_50k
f9a5f594-e206-53a7-a099-f76bfbbec3d6,SISKA,5,true,true,2026-08-02T00:00:00Z,1760,9626,Zemberek master-dictionary + FrequencyWords tr_50k
8ed6cb8b-11f8-5be9-88fa-a91e43e0992f,SITMA,5,true,true,2026-08-02T00:00:00Z,432,29600,Zemberek master-dictionary + FrequencyWords tr_50k
930d30bf-55b1-51ee-a0cb-27fa4550162d,SIÇAN,5,true,true,2026-08-02T00:00:00Z,2179,8036,Zemberek master-dictionary + FrequencyWords tr_50k
03f6e6e1-85d0-505a-9bdd-492ef87a0450,SIĞIR,5,true,true,2026-08-02T00:00:00Z,1847,9198,Zemberek master-dictionary + FrequencyWords tr_50k
5febf9a0-a0cf-56e3-a874-496909aa4dcb,SOFRA,5,true,true,2026-08-02T00:00:00Z,352,34427,Zemberek master-dictionary + FrequencyWords tr_50k
9c585678-e6f2-5ac1-8fda-9d6adb688674,SOKAK,5,true,true,2026-08-02T00:00:00Z,8524,2292,Zemberek master-dictionary + FrequencyWords tr_50k
f2c8b754-0c5e-5c4a-8c11-4dee53dc256b,SOLAK,5,true,true,2026-08-02T00:00:00Z,590,23321,Zemberek master-dictionary + FrequencyWords tr_50k
c4169ee7-b852-598c-81d6-7eec2160a1d7,SOLUK,5,true,true,2026-08-02T00:00:00Z,1982,8707,Zemberek master-dictionary + FrequencyWords tr_50k
378cfb8e-1980-5c07-aeb3-10ac148edf16,SOMON,5,true,true,2026-08-02T00:00:00Z,937,16167,Zemberek master-dictionary + FrequencyWords tr_50k
04e92ef8-0286-5bae-8195-7d3dd2fbe1aa,SOMUT,5,true,true,2026-08-02T00:00:00Z,1233,12977,Zemberek master-dictionary + FrequencyWords tr_50k
3958edc0-dbca-5cd5-80b4-681e0f8b3bb6,SONAR,5,true,true,2026-08-02T00:00:00Z,479,27340,Zemberek master-dictionary + FrequencyWords tr_50k
13012c7d-3dd5-5fa9-ad0e-771b2ec596a1,SONDA,5,true,true,2026-08-02T00:00:00Z,1050,14759,Zemberek master-dictionary + FrequencyWords tr_50k
39d10b92-1c88-573f-8e1a-eb218bb2505c,SONUÇ,5,true,true,2026-08-02T00:00:00Z,9963,1966,Zemberek master-dictionary + FrequencyWords tr_50k
518ca28d-ab45-597f-94ba-144a7cb84550,SORGU,5,true,true,2026-08-02T00:00:00Z,1750,9682,Zemberek master-dictionary + FrequencyWords tr_50k
da798b46-6b8f-5caa-b7e9-db02fc14da52,SORUM,5,true,true,2026-08-02T00:00:00Z,6440,3054,Zemberek master-dictionary + FrequencyWords tr_50k
df5fc146-d123-5693-aa9d-c0a8c07727ca,SORUN,5,true,true,2026-08-02T00:00:00Z,173900,118,Zemberek master-dictionary + FrequencyWords tr_50k
8434782c-da90-5f30-98e7-d589704e5227,SOSİS,5,true,true,2026-08-02T00:00:00Z,2187,8011,Zemberek master-dictionary + FrequencyWords tr_50k
89c1f117-1f6c-5a34-8edc-c030646e7dc5,SOYLU,5,true,true,2026-08-02T00:00:00Z,2055,8418,Zemberek master-dictionary + FrequencyWords tr_50k
4bbf1830-5387-5837-ab93-4d9267ea9eb8,SOYUT,5,true,true,2026-08-02T00:00:00Z,472,27692,Zemberek master-dictionary + FrequencyWords tr_50k
1bde2e0e-6ed3-5e46-91c4-3201a41e8f94,SOĞAN,5,true,true,2026-08-02T00:00:00Z,1574,10589,Zemberek master-dictionary + FrequencyWords tr_50k
c19387aa-96c7-566b-9d15-a139f7531c46,SOĞUK,5,true,true,2026-08-02T00:00:00Z,22301,926,Zemberek master-dictionary + FrequencyWords tr_50k
ac81434d-4ad5-51dc-8501-9d243b5fe48b,SPERM,5,true,true,2026-08-02T00:00:00Z,1845,9210,Zemberek master-dictionary + FrequencyWords tr_50k
54b8e78a-09ca-52d5-8676-55abd3417c1f,SPREY,5,true,true,2026-08-02T00:00:00Z,772,18958,Zemberek master-dictionary + FrequencyWords tr_50k
fd7b88d9-9a63-5dad-ac68-ad5cc177d744,STRES,5,true,true,2026-08-02T00:00:00Z,3511,5255,Zemberek master-dictionary + FrequencyWords tr_50k
a37ae00b-f12f-5aa5-8657-a7f43faa61dd,SUBAY,5,true,true,2026-08-02T00:00:00Z,2617,6861,Zemberek master-dictionary + FrequencyWords tr_50k
287872c9-e765-560e-8a6c-776629eb2f12,SUDAN,5,true,true,2026-08-02T00:00:00Z,3671,5037,Zemberek master-dictionary + FrequencyWords tr_50k
6dc573f6-ca4f-57af-ac54-0df591698ed4,SUNUM,5,true,true,2026-08-02T00:00:00Z,1031,14992,Zemberek master-dictionary + FrequencyWords tr_50k
c86ad2cd-9ea8-56ec-aab6-40357bbe05cb,SURAT,5,true,true,2026-08-02T00:00:00Z,3417,5377,Zemberek master-dictionary + FrequencyWords tr_50k
ec3b48a6-2887-5b60-8409-09a3e18ee78f,SUSAM,5,true,true,2026-08-02T00:00:00Z,435,29419,Zemberek master-dictionary + FrequencyWords tr_50k
5ad3f0d4-3a2c-55eb-8f0f-0a132d6d0d72,SUSUZ,5,true,true,2026-08-02T00:00:00Z,872,17127,Zemberek master-dictionary + FrequencyWords tr_50k
a3fd0f3a-73a5-58e9-88dc-56b503bb5c0e,SUÇLU,5,true,true,2026-08-02T00:00:00Z,18856,1064,Zemberek master-dictionary + FrequencyWords tr_50k
d9ae91b7-305f-550f-815d-3b06183fc268,SÖNÜK,5,true,true,2026-08-02T00:00:00Z,497,26620,Zemberek master-dictionary + FrequencyWords tr_50k
b37d047d-fe1d-52b1-a861-42fc7eca1314,SÖZDE,5,true,true,2026-08-02T00:00:00Z,2761,6551,Zemberek master-dictionary + FrequencyWords tr_50k
e97f9534-dd9f-549a-ae4e-ef222438ee07,SÖZLÜ,5,true,true,2026-08-02T00:00:00Z,1535,10821,Zemberek master-dictionary + FrequencyWords tr_50k
296530bc-e285-53ff-bb82-27c30ad7e502,SÜLÜK,5,true,true,2026-08-02T00:00:00Z,394,31717,Zemberek master-dictionary + FrequencyWords tr_50k
87c867e8-c27e-50e8-ade0-19f9fda7c9a9,SÜMÜK,5,true,true,2026-08-02T00:00:00Z,511,26050,Zemberek master-dictionary + FrequencyWords tr_50k
a808fc43-7ed6-5bf9-92ef-bdadad14d5a7,SÜPER,5,true,true,2026-08-02T00:00:00Z,21409,949,Zemberek master-dictionary + FrequencyWords tr_50k
95b6ccca-8650-5212-a49c-bbe6c4f54d28,SÜRAT,5,true,true,2026-08-02T00:00:00Z,722,19995,Zemberek master-dictionary + FrequencyWords tr_50k
fe0d13c0-4c49-5924-9bdd-7022e02ec8ee,SÜREÇ,5,true,true,2026-08-02T00:00:00Z,1618,10347,Zemberek master-dictionary + FrequencyWords tr_50k
7674f613-8817-5ca3-82fd-08fc302502cb,SÜRME,5,true,true,2026-08-02T00:00:00Z,920,16413,Zemberek master-dictionary + FrequencyWords tr_50k
1ed063d7-51e2-5db8-92c7-362209de8861,SÜSLÜ,5,true,true,2026-08-02T00:00:00Z,2301,7674,Zemberek master-dictionary + FrequencyWords tr_50k
20992611-785d-5bf2-9f3d-a8d4240a9593,SÜTLÜ,5,true,true,2026-08-02T00:00:00Z,933,16221,Zemberek master-dictionary + FrequencyWords tr_50k
5c6c67bd-5679-551d-9650-18266c2e6e4c,SÜTUN,5,true,true,2026-08-02T00:00:00Z,350,34600,Zemberek master-dictionary + FrequencyWords tr_50k
b207a77d-df63-5823-b802-1598be4d51b0,SİCİL,5,true,true,2026-08-02T00:00:00Z,404,31142,Zemberek master-dictionary + FrequencyWords tr_50k
318f06e7-c479-539f-a1d8-64cec02df81a,SİDİK,5,true,true,2026-08-02T00:00:00Z,867,17211,Zemberek master-dictionary + FrequencyWords tr_50k
8e5d1ad5-b5b4-5f6b-b0c1-2829a9d8c87d,SİHİR,5,true,true,2026-08-02T00:00:00Z,3233,5677,Zemberek master-dictionary + FrequencyWords tr_50k
89daa28b-3ef9-5e82-9937-2d1f6f84253d,SİLME,5,true,true,2026-08-02T00:00:00Z,329,36244,Zemberek master-dictionary + FrequencyWords tr_50k
f760b760-55a4-5754-9173-39a17ad6accd,SİMİT,5,true,true,2026-08-02T00:00:00Z,502,26393,Zemberek master-dictionary + FrequencyWords tr_50k
7c7ad516-a6dc-524e-b4bf-7136cd4057bd,SİNEK,5,true,true,2026-08-02T00:00:00Z,2067,8386,Zemberek master-dictionary + FrequencyWords tr_50k
185c8043-2870-5343-9cce-da70eb6611a2,SİNSİ,5,true,true,2026-08-02T00:00:00Z,1893,9011,Zemberek master-dictionary + FrequencyWords tr_50k
7434fd67-3f13-5cae-ad06-b720a292b793,SİNİR,5,true,true,2026-08-02T00:00:00Z,10368,1887,Zemberek master-dictionary + FrequencyWords tr_50k
9a46c52a-ae74-549c-a400-436bcd703f7e,SİPER,5,true,true,2026-08-02T00:00:00Z,1127,13936,Zemberek master-dictionary + FrequencyWords tr_50k
0e4ed48e-9f7d-59e3-9273-aa3d49a3ef8e,SİREN,5,true,true,2026-08-02T00:00:00Z,656,21505,Zemberek master-dictionary + FrequencyWords tr_50k
0394434c-e968-5b51-a3d3-00a38a3f70f6,SİRKE,5,true,true,2026-08-02T00:00:00Z,921,16405,Zemberek master-dictionary + FrequencyWords tr_50k
50ab0501-8f09-5e7d-9d32-58950b6ac258,SİVRİ,5,true,true,2026-08-02T00:00:00Z,1778,9537,Zemberek master-dictionary + FrequencyWords tr_50k
6773ccfb-37c5-56c0-9ce9-3146c9950a64,SİVİL,5,true,true,2026-08-02T00:00:00Z,4469,4255,Zemberek master-dictionary + FrequencyWords tr_50k
a5f5f523-7a16-5203-9f63-b8f31ddc1e14,SİYAH,5,true,true,2026-08-02T00:00:00Z,19254,1041,Zemberek master-dictionary + FrequencyWords tr_50k
6a85aba6-a587-5633-8d20-3ecc12e4a9e3,TABAK,5,true,true,2026-08-02T00:00:00Z,2289,7709,Zemberek master-dictionary + FrequencyWords tr_50k
0bc78abd-c2b0-57d2-99ad-3d4a4b23e737,TABAN,5,true,true,2026-08-02T00:00:00Z,370,33223,Zemberek master-dictionary + FrequencyWords tr_50k
63a0c528-8aaf-5997-9137-20cf95643882,TABLO,5,true,true,2026-08-02T00:00:00Z,1914,8939,Zemberek master-dictionary + FrequencyWords tr_50k
d223236d-95e8-586f-9ff6-34676dbc71ab,TABUR,5,true,true,2026-08-02T00:00:00Z,688,20732,Zemberek master-dictionary + FrequencyWords tr_50k
2ee3c9c3-fc8c-5e66-9a84-0d33f4698ed0,TABUT,5,true,true,2026-08-02T00:00:00Z,1240,12907,Zemberek master-dictionary + FrequencyWords tr_50k
83ce8ec6-4d18-5263-9340-be8825048485,TABİP,5,true,true,2026-08-02T00:00:00Z,824,17962,Zemberek master-dictionary + FrequencyWords tr_50k
e6eb8d31-6c52-59ad-ad62-ce1c2160aaf6,TABİR,5,true,true,2026-08-02T00:00:00Z,511,26037,Zemberek master-dictionary + FrequencyWords tr_50k
02dd896a-46cc-5921-9cac-1ba62c9571a0,TACİZ,5,true,true,2026-08-02T00:00:00Z,3956,4735,Zemberek master-dictionary + FrequencyWords tr_50k
14a9a72c-f742-570d-847f-7b98ae57e23e,TAHIL,5,true,true,2026-08-02T00:00:00Z,737,19639,Zemberek master-dictionary + FrequencyWords tr_50k
d69bb7a1-27a4-576b-bc28-177ffb7f3549,TAHTA,5,true,true,2026-08-02T00:00:00Z,3950,4737,Zemberek master-dictionary + FrequencyWords tr_50k
0df39a1e-526b-5560-ac12-6bfec4bc0fb4,TAKAS,5,true,true,2026-08-02T00:00:00Z,3191,5742,Zemberek master-dictionary + FrequencyWords tr_50k
1a32b8be-7f99-5fb3-b12e-a180f39a049f,TAKIM,5,true,true,2026-08-02T00:00:00Z,20661,984,Zemberek master-dictionary + FrequencyWords tr_50k
fa7b99ee-700a-52e3-8640-9863969e3d98,TAKLA,5,true,true,2026-08-02T00:00:00Z,669,21179,Zemberek master-dictionary + FrequencyWords tr_50k
efb7af7e-bfd9-5c16-a398-344800bc93e0,TAKSİ,5,true,true,2026-08-02T00:00:00Z,9063,2153,Zemberek master-dictionary + FrequencyWords tr_50k
16f6166b-c503-5344-95c9-873c7685077f,TAKİP,5,true,true,2026-08-02T00:00:00Z,47595,443,Zemberek master-dictionary + FrequencyWords tr_50k
c79857ec-3a0f-583e-b5d4-d4e1b985183c,TALAN,5,true,true,2026-08-02T00:00:00Z,545,24775,Zemberek master-dictionary + FrequencyWords tr_50k
7b4c017b-ae43-5e90-88da-ba813ccb9d75,TALEP,5,true,true,2026-08-02T00:00:00Z,6488,3026,Zemberek master-dictionary + FrequencyWords tr_50k
663ba217-4010-5448-b5ca-ae4e3f51967d,TALİH,5,true,true,2026-08-02T00:00:00Z,761,19173,Zemberek master-dictionary + FrequencyWords tr_50k
314193dd-eeef-5d6c-93bf-0dc0a3bc3ca9,TALİM,5,true,true,2026-08-02T00:00:00Z,616,22609,Zemberek master-dictionary + FrequencyWords tr_50k
63e0fac2-4fd1-5773-8903-9c70944ce602,TAMİR,5,true,true,2026-08-02T00:00:00Z,11382,1727,Zemberek master-dictionary + FrequencyWords tr_50k
8dbb3f11-f098-5263-b6fd-779393a01bfd,TANGO,5,true,true,2026-08-02T00:00:00Z,1144,13771,Zemberek master-dictionary + FrequencyWords tr_50k
a5e2ed34-1288-59e7-bdf8-8c912324c52d,TANIK,5,true,true,2026-08-02T00:00:00Z,9035,2165,Zemberek master-dictionary + FrequencyWords tr_50k
4936d423-fde2-5742-b025-76fee79848e0,TANIM,5,true,true,2026-08-02T00:00:00Z,406,31037,Zemberek master-dictionary + FrequencyWords tr_50k
4d5b40e9-ac1e-5cf7-a4b4-4ad8ca481524,TANIT,5,true,true,2026-08-02T00:00:00Z,401,31327,Zemberek master-dictionary + FrequencyWords tr_50k
ac740881-b86f-50f8-b5ce-04b488962f23,TANIŞ,5,true,true,2026-08-02T00:00:00Z,2575,6954,Zemberek master-dictionary + FrequencyWords tr_50k
ebfdba9d-ca85-5ecf-af25-22aa5cf5f209,TARAF,5,true,true,2026-08-02T00:00:00Z,6911,2837,Zemberek master-dictionary + FrequencyWords tr_50k
bc12bf50-9ba9-5759-b3d8-a18101862df0,TARAK,5,true,true,2026-08-02T00:00:00Z,439,29220,Zemberek master-dictionary + FrequencyWords tr_50k
f0e42464-f78e-5abe-b507-e4e9cae506e4,TARIM,5,true,true,2026-08-02T00:00:00Z,1098,14253,Zemberek master-dictionary + FrequencyWords tr_50k
023109f0-577c-5a66-bebd-f9ea417c9d7c,TARLA,5,true,true,2026-08-02T00:00:00Z,664,21313,Zemberek master-dictionary + FrequencyWords tr_50k
15811e28-2703-5b91-bbae-147ae676abed,TARİF,5,true,true,2026-08-02T00:00:00Z,5211,3697,Zemberek master-dictionary + FrequencyWords tr_50k
95431f8c-f59b-5c26-84df-d9b4f3312341,TARİH,5,true,true,2026-08-02T00:00:00Z,8942,2186,Zemberek master-dictionary + FrequencyWords tr_50k
8517a65d-f4cd-5ffe-b00a-4e053c578bc1,TASMA,5,true,true,2026-08-02T00:00:00Z,576,23757,Zemberek master-dictionary + FrequencyWords tr_50k
e3521f60-7b6d-52ba-a1c5-9fdb00266eb5,TATLI,5,true,true,2026-08-02T00:00:00Z,30831,673,Zemberek master-dictionary + FrequencyWords tr_50k
8da40d16-e9d5-5026-8dca-fc8899160aad,TATİL,5,true,true,2026-08-02T00:00:00Z,6570,2976,Zemberek master-dictionary + FrequencyWords tr_50k
13d55265-2d36-5c16-9a48-6bc426cd4728,TAVAN,5,true,true,2026-08-02T00:00:00Z,2817,6432,Zemberek master-dictionary + FrequencyWords tr_50k
9626587a-824a-5965-8948-37991f8c90e0,TAVIR,5,true,true,2026-08-02T00:00:00Z,1396,11693,Zemberek master-dictionary + FrequencyWords tr_50k
970f085c-256a-557d-bd7b-7d81d02e8135,TAVUK,5,true,true,2026-08-02T00:00:00Z,10070,1946,Zemberek master-dictionary + FrequencyWords tr_50k
ee1a8b35-c148-59f2-9f1b-5f0379089e4b,TAVUS,5,true,true,2026-08-02T00:00:00Z,349,34724,Zemberek master-dictionary + FrequencyWords tr_50k
590193a6-769c-50ee-928c-dd0f6ee43ad6,TAVİZ,5,true,true,2026-08-02T00:00:00Z,556,24417,Zemberek master-dictionary + FrequencyWords tr_50k
4e5dc747-4cd7-5397-a1af-2999d9cbe394,TAYFA,5,true,true,2026-08-02T00:00:00Z,670,21140,Zemberek master-dictionary + FrequencyWords tr_50k
05007518-93ce-544f-bbca-1eac0f949464,TAYİN,5,true,true,2026-08-02T00:00:00Z,1283,12547,Zemberek master-dictionary + FrequencyWords tr_50k
17845dd6-c675-51cf-83f0-bf3fc76ddd42,TAŞAK,5,true,true,2026-08-02T00:00:00Z,1567,10628,Zemberek master-dictionary + FrequencyWords tr_50k
ddc0fe22-f27b-5c03-8495-47cd5332dd93,TAŞRA,5,true,true,2026-08-02T00:00:00Z,523,25568,Zemberek master-dictionary + FrequencyWords tr_50k
b4f85823-c903-5279-902b-7cda984c253e,TEFEK,5,true,true,2026-08-02T00:00:00Z,1425,11485,Zemberek master-dictionary + FrequencyWords tr_50k
8ea91593-e964-56d9-9a9c-2b1c6c039def,TEKER,5,true,true,2026-08-02T00:00:00Z,3911,4775,Zemberek master-dictionary + FrequencyWords tr_50k
95929674-6abb-53b8-844d-0ae75d63c05f,TEKME,5,true,true,2026-08-02T00:00:00Z,2510,7109,Zemberek master-dictionary + FrequencyWords tr_50k
69bbfe81-64c6-57e9-81be-881bf4b42d7b,TEKNE,5,true,true,2026-08-02T00:00:00Z,4817,3979,Zemberek master-dictionary + FrequencyWords tr_50k
f22de259-837d-5bae-9645-77c7c01ac864,TEKİN,5,true,true,2026-08-02T00:00:00Z,533,25194,Zemberek master-dictionary + FrequencyWords tr_50k
9f6139f6-8312-5104-8724-c11d242c95cc,TELİF,5,true,true,2026-08-02T00:00:00Z,639,21945,Zemberek master-dictionary + FrequencyWords tr_50k
d586a3cb-a88a-5a47-bdc1-f3b5d94b3704,TEMAS,5,true,true,2026-08-02T00:00:00Z,5085,3779,Zemberek master-dictionary + FrequencyWords tr_50k
a69641fc-1f0c-57e2-8031-339fb559fa64,TEMEL,5,true,true,2026-08-02T00:00:00Z,7860,2498,Zemberek master-dictionary + FrequencyWords tr_50k
910b3da9-6f7e-5e6f-a41d-4b7d3ffcf91a,TEMPO,5,true,true,2026-08-02T00:00:00Z,419,30338,Zemberek master-dictionary + FrequencyWords tr_50k
40dd84e0-396d-5e10-9a6f-91b527a7835d,TEMİN,5,true,true,2026-08-02T00:00:00Z,6546,2987,Zemberek master-dictionary + FrequencyWords tr_50k
eeec5a01-1318-5e2c-b6e5-9a64cfb3f7de,TEMİZ,5,true,true,2026-08-02T00:00:00Z,23954,865,Zemberek master-dictionary + FrequencyWords tr_50k
7f374d07-e3d0-5ccb-937f-09ee5b78d4b3,TENHA,5,true,true,2026-08-02T00:00:00Z,357,34121,Zemberek master-dictionary + FrequencyWords tr_50k
e1b34736-30fc-5a3d-95ac-f67cca2d720b,TENİS,5,true,true,2026-08-02T00:00:00Z,2824,6409,Zemberek master-dictionary + FrequencyWords tr_50k
7bf4d163-8e9e-5fa5-8290-2c053c144740,TEORİ,5,true,true,2026-08-02T00:00:00Z,2514,7096,Zemberek master-dictionary + FrequencyWords tr_50k
0c67b745-450a-5478-a670-9ce57cbbd234,TEPKİ,5,true,true,2026-08-02T00:00:00Z,8772,2219,Zemberek master-dictionary + FrequencyWords tr_50k
440255e0-b2f4-550c-ae50-00085c3ee5fb,TEPSİ,5,true,true,2026-08-02T00:00:00Z,370,33208,Zemberek master-dictionary + FrequencyWords tr_50k
02680f01-41ee-5ac5-9719-962425b42638,TERFİ,5,true,true,2026-08-02T00:00:00Z,4134,4550,Zemberek master-dictionary + FrequencyWords tr_50k
afb9eb87-3ea6-5d82-a17f-e5a5b81e1010,TERZİ,5,true,true,2026-08-02T00:00:00Z,670,21142,Zemberek master-dictionary + FrequencyWords tr_50k
6287a473-434e-55d3-b712-241455cc7f1c,TERİM,5,true,true,2026-08-02T00:00:00Z,698,20514,Zemberek master-dictionary + FrequencyWords tr_50k
be1dd347-9bc4-5ef3-b673-6b88395a00c2,TESTİ,5,true,true,2026-08-02T00:00:00Z,7211,2724,Zemberek master-dictionary + FrequencyWords tr_50k
ad35f1fc-2599-54cb-9cd2-cea555fd6da7,TESİS,5,true,true,2026-08-02T00:00:00Z,1001,15329,Zemberek master-dictionary + FrequencyWords tr_50k
9ea7ddfb-46e3-56d7-b16b-48c1678c9e68,TETİK,5,true,true,2026-08-02T00:00:00Z,551,24564,Zemberek master-dictionary + FrequencyWords tr_50k
c7f3ca00-f4da-56db-a45d-83a46ddb1ad6,TEYİT,5,true,true,2026-08-02T00:00:00Z,2061,8401,Zemberek master-dictionary + FrequencyWords tr_50k
5a544004-bc03-54bc-aa2a-b8e90f35d5e1,TIKIR,5,true,true,2026-08-02T00:00:00Z,377,32763,Zemberek master-dictionary + FrequencyWords tr_50k
94eec9d6-a8ee-56eb-b503-5621b968d828,TIPKI,5,true,true,2026-08-02T00:00:00Z,26189,786,Zemberek master-dictionary + FrequencyWords tr_50k
89329a7f-ac78-59b7-a005-121547813bd9,TIRAŞ,5,true,true,2026-08-02T00:00:00Z,3017,6040,Zemberek master-dictionary + FrequencyWords tr_50k
f3a6a291-9f06-50b7-9c0a-e9a363961678,TOHUM,5,true,true,2026-08-02T00:00:00Z,986,15517,Zemberek master-dictionary + FrequencyWords tr_50k
2642b863-3cae-51bf-a849-07818d9eaf28,TOKAT,5,true,true,2026-08-02T00:00:00Z,2101,8278,Zemberek master-dictionary + FrequencyWords tr_50k
389cbd5c-c392-5b16-b87f-043f2b7d5139,TOKUŞ,5,true,true,2026-08-02T00:00:00Z,952,15976,Zemberek master-dictionary + FrequencyWords tr_50k
796fe0c9-004b-5a3c-ab41-e64bb67e5227,TOKYO,5,true,true,2026-08-02T00:00:00Z,3347,5511,Zemberek master-dictionary + FrequencyWords tr_50k
71738a6b-2d5e-513a-96c8-6c6c3d907a2b,TOMAR,5,true,true,2026-08-02T00:00:00Z,387,32162,Zemberek master-dictionary + FrequencyWords tr_50k
39520e64-620c-5fd9-9277-61f1dfe1e0f8,TONLA,5,true,true,2026-08-02T00:00:00Z,908,16558,Zemberek master-dictionary + FrequencyWords tr_50k
4a5b301d-7f4f-5fee-b96e-5dbb775f23b0,TONİK,5,true,true,2026-08-02T00:00:00Z,648,21721,Zemberek master-dictionary + FrequencyWords tr_50k
2c0cd8c6-ade3-5167-b581-a51a60857d6b,TOPAL,5,true,true,2026-08-02T00:00:00Z,547,24716,Zemberek master-dictionary + FrequencyWords tr_50k
9f580425-7958-59bc-a5ad-3fac0481504c,TOPLU,5,true,true,2026-08-02T00:00:00Z,2867,6305,Zemberek master-dictionary + FrequencyWords tr_50k
e9e479c8-89cc-5759-83d2-f5351a20806d,TOPUK,5,true,true,2026-08-02T00:00:00Z,352,34488,Zemberek master-dictionary + FrequencyWords tr_50k
ade8afd6-31ac-5f01-97f7-2e7900ffa1d8,TORBA,5,true,true,2026-08-02T00:00:00Z,1476,11148,Zemberek master-dictionary + FrequencyWords tr_50k
782782f3-10de-531f-a089-97f320b9950f,TORUN,5,true,true,2026-08-02T00:00:00Z,612,22727,Zemberek master-dictionary + FrequencyWords tr_50k
e3b5de1d-2c77-5abc-9876-701e0a555682,TRANS,5,true,true,2026-08-02T00:00:00Z,473,27621,Zemberek master-dictionary + FrequencyWords tr_50k
4ad901e7-4379-5fef-9e18-5075831bc562,TULUM,5,true,true,2026-08-02T00:00:00Z,321,36851,Zemberek master-dictionary + FrequencyWords tr_50k
6dd302ae-7670-501b-8130-7f2799093c00,TURBO,5,true,true,2026-08-02T00:00:00Z,646,21758,Zemberek master-dictionary + FrequencyWords tr_50k
8acf184f-be0f-5881-8a45-5c0ab7e8a171,TURNE,5,true,true,2026-08-02T00:00:00Z,325,36579,Zemberek master-dictionary + FrequencyWords tr_50k
40b0db20-2f8f-5951-940e-94fd9f62efc1,TURTA,5,true,true,2026-08-02T00:00:00Z,2501,7129,Zemberek master-dictionary + FrequencyWords tr_50k
171b0dd4-cc26-53ba-bedc-d58353066b88,TURŞU,5,true,true,2026-08-02T00:00:00Z,1075,14497,Zemberek master-dictionary + FrequencyWords tr_50k
f99d5003-8b2a-596e-9ad7-6559df1d0c1d,TUTAM,5,true,true,2026-08-02T00:00:00Z,706,20328,Zemberek master-dictionary + FrequencyWords tr_50k
1fbfe4cd-f9c6-5d87-8ac7-11c5a62cfce8,TUTAR,5,true,true,2026-08-02T00:00:00Z,4858,3942,Zemberek master-dictionary + FrequencyWords tr_50k
2ba1f57a-9dbb-5e7d-bba8-30f2f69a7e64,TUTKU,5,true,true,2026-08-02T00:00:00Z,2050,8441,Zemberek master-dictionary + FrequencyWords tr_50k
a5b6ee9c-d991-5b1d-b3a7-052ec3171ba7,TUTUM,5,true,true,2026-08-02T00:00:00Z,507,26189,Zemberek master-dictionary + FrequencyWords tr_50k
2079cfb7-1bd5-518e-b918-a7a6f4616c53,TUZAK,5,true,true,2026-08-02T00:00:00Z,7787,2521,Zemberek master-dictionary + FrequencyWords tr_50k
8c0ba4ac-fc12-5211-ba70-574697f8b3cd,TUĞLA,5,true,true,2026-08-02T00:00:00Z,1124,13965,Zemberek master-dictionary + FrequencyWords tr_50k
451f70b6-1bf2-5f20-86f9-e465095ac1c3,TÖREN,5,true,true,2026-08-02T00:00:00Z,2516,7089,Zemberek master-dictionary + FrequencyWords tr_50k
a1accc77-6e52-599e-9ecb-8974e50bea97,TÖVBE,5,true,true,2026-08-02T00:00:00Z,1179,13414,Zemberek master-dictionary + FrequencyWords tr_50k
04cb224d-1ac3-56be-b063-cf7983f11713,TÜFEK,5,true,true,2026-08-02T00:00:00Z,2838,6385,Zemberek master-dictionary + FrequencyWords tr_50k
400788bf-433e-503f-9b00-81ac64e59de0,TÜMEN,5,true,true,2026-08-02T00:00:00Z,294,39354,Zemberek master-dictionary + FrequencyWords tr_50k
96e66bde-64ed-56b7-baa5-a23e3f70261a,TÜMÖR,5,true,true,2026-08-02T00:00:00Z,1738,9763,Zemberek master-dictionary + FrequencyWords tr_50k
37e9ba7d-6e9d-5edb-b771-180f3cf71fd4,TÜNEL,5,true,true,2026-08-02T00:00:00Z,2014,8578,Zemberek master-dictionary + FrequencyWords tr_50k
f52279c3-4d3b-58ec-b335-b3ebe6c2b24d,TÜRLÜ,5,true,true,2026-08-02T00:00:00Z,15823,1265,Zemberek master-dictionary + FrequencyWords tr_50k
e12b1fff-94cc-5463-be43-a242209f2fb5,TÜTSÜ,5,true,true,2026-08-02T00:00:00Z,334,35873,Zemberek master-dictionary + FrequencyWords tr_50k
51392cdf-add8-5b87-a6b6-6a7070f9a22d,TÜTÜN,5,true,true,2026-08-02T00:00:00Z,1307,12355,Zemberek master-dictionary + FrequencyWords tr_50k
7e1dc807-6f0f-5499-aea0-e885684ac52c,TİLKİ,5,true,true,2026-08-02T00:00:00Z,1852,9176,Zemberek master-dictionary + FrequencyWords tr_50k
12d53b8e-ba65-550e-9bc7-4cf1e7514e34,TİPİK,5,true,true,2026-08-02T00:00:00Z,2565,6977,Zemberek master-dictionary + FrequencyWords tr_50k
27275b18-10af-513f-9058-f07c749f06b4,TİTAN,5,true,true,2026-08-02T00:00:00Z,694,20584,Zemberek master-dictionary + FrequencyWords tr_50k
413fe687-28e7-543b-80b1-815162be769e,TİTİZ,5,true,true,2026-08-02T00:00:00Z,1100,14226,Zemberek master-dictionary + FrequencyWords tr_50k
ca83bf73-69e4-5c1b-97a5-967392f49955,UCUBE,5,true,true,2026-08-02T00:00:00Z,2862,6318,Zemberek master-dictionary + FrequencyWords tr_50k
dbcff460-e845-5861-8b4b-b9639579dbdb,UNSUR,5,true,true,2026-08-02T00:00:00Z,325,36580,Zemberek master-dictionary + FrequencyWords tr_50k
0b91a84a-e1e4-588d-bb7c-dff0fd023e88,UNVAN,5,true,true,2026-08-02T00:00:00Z,362,33775,Zemberek master-dictionary + FrequencyWords tr_50k
99a69ff2-5e18-5a0c-accf-57173db6fa93,UTANÇ,5,true,true,2026-08-02T00:00:00Z,8945,2184,Zemberek master-dictionary + FrequencyWords tr_50k
f1d468d8-e6aa-5d87-9e28-7db28dcd9c0e,UYARI,5,true,true,2026-08-02T00:00:00Z,4749,4026,Zemberek master-dictionary + FrequencyWords tr_50k
815ffe9a-cb37-5597-96be-3941888ff473,UYGAR,5,true,true,2026-08-02T00:00:00Z,414,30627,Zemberek master-dictionary + FrequencyWords tr_50k
90060689-80ba-5154-8ef4-ba1114d86864,UYGUN,5,true,true,2026-08-02T00:00:00Z,36411,581,Zemberek master-dictionary + FrequencyWords tr_50k
9ab44cd1-0777-5af5-9fe1-02fc4b10431c,UYLUK,5,true,true,2026-08-02T00:00:00Z,375,32881,Zemberek master-dictionary + FrequencyWords tr_50k
45dac826-a793-5dbb-8587-243cdeb3ec3e,UYMAZ,5,true,true,2026-08-02T00:00:00Z,614,22653,Zemberek master-dictionary + FrequencyWords tr_50k
717b2dea-69f1-5e54-9425-2c279ab9aa72,UYSAL,5,true,true,2026-08-02T00:00:00Z,632,22157,Zemberek master-dictionary + FrequencyWords tr_50k
c9613531-9269-5146-8d30-7ab8e2498e6f,UZMAN,5,true,true,2026-08-02T00:00:00Z,5276,3663,Zemberek master-dictionary + FrequencyWords tr_50k
944a110e-ac6b-547b-b8eb-f17f61cbf170,UĞRAŞ,5,true,true,2026-08-02T00:00:00Z,898,16739,Zemberek master-dictionary + FrequencyWords tr_50k
13bbadef-8c13-5fea-b7a0-332ead7d1ce4,VAGON,5,true,true,2026-08-02T00:00:00Z,739,19604,Zemberek master-dictionary + FrequencyWords tr_50k
675a85fc-0ad0-54eb-b241-3c663dd58f8d,VAHİM,5,true,true,2026-08-02T00:00:00Z,577,23726,Zemberek master-dictionary + FrequencyWords tr_50k
31ec11dd-addf-524c-9fb7-0827de21375e,VAHİY,5,true,true,2026-08-02T00:00:00Z,363,33704,Zemberek master-dictionary + FrequencyWords tr_50k
2d02e285-26cd-5c4e-ac26-3f1c891b7720,VAKIF,5,true,true,2026-08-02T00:00:00Z,613,22681,Zemberek master-dictionary + FrequencyWords tr_50k
3e34e0a1-c698-50b7-9cf8-5cd34b3caef9,VAKUM,5,true,true,2026-08-02T00:00:00Z,461,28147,Zemberek master-dictionary + FrequencyWords tr_50k
2cc5cd96-45d3-5115-aa1b-bcfa1f0ee3a3,VAKİT,5,true,true,2026-08-02T00:00:00Z,25875,800,Zemberek master-dictionary + FrequencyWords tr_50k
0a7febc2-275c-5f84-9318-79a814a8640d,VALİZ,5,true,true,2026-08-02T00:00:00Z,472,27661,Zemberek master-dictionary + FrequencyWords tr_50k
3e3acb1f-aac7-5769-a77c-cc28828217aa,VARAN,5,true,true,2026-08-02T00:00:00Z,349,34714,Zemberek master-dictionary + FrequencyWords tr_50k
1f37ef47-c5a6-5279-8bd0-cc2e38de49c3,VARİL,5,true,true,2026-08-02T00:00:00Z,405,31100,Zemberek master-dictionary + FrequencyWords tr_50k
84d6949f-f491-573a-850d-cc0aa93004b2,VARİS,5,true,true,2026-08-02T00:00:00Z,577,23739,Zemberek master-dictionary + FrequencyWords tr_50k
a844b46d-c3e4-5bfe-a57d-d9d642060d68,VASAT,5,true,true,2026-08-02T00:00:00Z,516,25824,Zemberek master-dictionary + FrequencyWords tr_50k
8af4add3-716f-5c32-8038-9260f54d4b17,VATAN,5,true,true,2026-08-02T00:00:00Z,1462,11260,Zemberek master-dictionary + FrequencyWords tr_50k
d1633f62-66f6-5c32-a766-44d5b3741578,VEFAT,5,true,true,2026-08-02T00:00:00Z,2531,7055,Zemberek master-dictionary + FrequencyWords tr_50k
df1868e1-956e-5689-9945-1259ef3fb4cd,VEKİL,5,true,true,2026-08-02T00:00:00Z,1315,12295,Zemberek master-dictionary + FrequencyWords tr_50k
a0a0e46b-6ca0-567f-a6f7-617c3a2a6792,VERGİ,5,true,true,2026-08-02T00:00:00Z,5022,3817,Zemberek master-dictionary + FrequencyWords tr_50k
66b1d295-f7f0-5c74-9a47-05fd8d6d4af8,VEZİR,5,true,true,2026-08-02T00:00:00Z,348,34752,Zemberek master-dictionary + FrequencyWords tr_50k
daa90926-056a-58db-a672-ff2f4536827c,VICIK,5,true,true,2026-08-02T00:00:00Z,347,34862,Zemberek master-dictionary + FrequencyWords tr_50k
3b70e18a-9c74-55a9-889a-77964ee59a14,VOKAL,5,true,true,2026-08-02T00:00:00Z,293,39478,Zemberek master-dictionary + FrequencyWords tr_50k
3f2ff4a8-9c4c-52e0-bb0a-a7eb30ab69a8,VOLTA,5,true,true,2026-08-02T00:00:00Z,319,37067,Zemberek master-dictionary + FrequencyWords tr_50k
982a86fa-e135-5747-ab0f-197fdb8c1996,VOTKA,5,true,true,2026-08-02T00:00:00Z,2551,7015,Zemberek master-dictionary + FrequencyWords tr_50k
3a1cabc2-a24b-5ec7-936a-476fd27ab603,VÜCUT,5,true,true,2026-08-02T00:00:00Z,7002,2803,Zemberek master-dictionary + FrequencyWords tr_50k
c54e337d-ce46-5b80-80a6-bbeddacc5d4a,VİDEO,5,true,true,2026-08-02T00:00:00Z,7219,2721,Zemberek master-dictionary + FrequencyWords tr_50k
6e87a5bd-9abd-59c8-87c4-216928ccf6fe,VİRÜS,5,true,true,2026-08-02T00:00:00Z,4094,4589,Zemberek master-dictionary + FrequencyWords tr_50k
9535c402-1f49-58b6-bc4a-cb530991ecad,VİTES,5,true,true,2026-08-02T00:00:00Z,947,16042,Zemberek master-dictionary + FrequencyWords tr_50k
df4917d0-6fb8-589b-b96c-3e7f318e1708,YABAN,5,true,true,2026-08-02T00:00:00Z,2227,7880,Zemberek master-dictionary + FrequencyWords tr_50k
b54cfb7c-a8d0-5613-b2fa-2a8eae1d5a9e,YAHNİ,5,true,true,2026-08-02T00:00:00Z,367,33438,Zemberek master-dictionary + FrequencyWords tr_50k
400f0174-a3d0-5864-b1b7-3bf1949689b7,YAHUT,5,true,true,2026-08-02T00:00:00Z,676,21000,Zemberek master-dictionary + FrequencyWords tr_50k
a764659b-c407-59d0-9962-c5851f0e620d,YAKIN,5,true,true,2026-08-02T00:00:00Z,42821,493,Zemberek master-dictionary + FrequencyWords tr_50k
4bc19d7a-0ce7-595a-93d1-2e292aec5932,YAKIT,5,true,true,2026-08-02T00:00:00Z,3380,5453,Zemberek master-dictionary + FrequencyWords tr_50k
034fbd15-2bef-5141-9a6a-22b093842e3d,YAKUT,5,true,true,2026-08-02T00:00:00Z,477,27429,Zemberek master-dictionary + FrequencyWords tr_50k
7cca97de-4bda-53b4-9ff5-01673dc40a5b,YAKİN,5,true,true,2026-08-02T00:00:00Z,388,32064,Zemberek master-dictionary + FrequencyWords tr_50k
235adba6-f290-52d5-9472-88a75719326f,YALAN,5,true,true,2026-08-02T00:00:00Z,67748,321,Zemberek master-dictionary + FrequencyWords tr_50k
b5b51783-587e-5cfa-8bb5-3cae4a8608e7,YALIN,5,true,true,2026-08-02T00:00:00Z,469,27795,Zemberek master-dictionary + FrequencyWords tr_50k
981191f0-5949-52f9-b5d4-4cb42ba2cd36,YAMUK,5,true,true,2026-08-02T00:00:00Z,611,22743,Zemberek master-dictionary + FrequencyWords tr_50k
1d3663f7-f8b7-59bb-82b8-1eb3b88bca95,YANIK,5,true,true,2026-08-02T00:00:00Z,2000,8627,Zemberek master-dictionary + FrequencyWords tr_50k
7d6a0c43-9b44-55ce-af0a-76c453ec4b4a,YANIT,5,true,true,2026-08-02T00:00:00Z,4471,4253,Zemberek master-dictionary + FrequencyWords tr_50k
a044928c-cbaa-5b10-b819-89192752b1c9,YANKI,5,true,true,2026-08-02T00:00:00Z,517,25800,Zemberek master-dictionary + FrequencyWords tr_50k
5da34821-a494-5f8c-87dd-37be0cbe5fa0,YAPAY,5,true,true,2026-08-02T00:00:00Z,2517,7088,Zemberek master-dictionary + FrequencyWords tr_50k
3c849d5e-e0e1-50ac-88a6-e6a54b671421,YAPIM,5,true,true,2026-08-02T00:00:00Z,1435,11422,Zemberek master-dictionary + FrequencyWords tr_50k
96d71a59-bca0-5646-98f0-47614fde210c,YARAK,5,true,true,2026-08-02T00:00:00Z,661,21377,Zemberek master-dictionary + FrequencyWords tr_50k
871b4a6d-eddb-5dce-9e87-aade1518c4ec,YARAR,5,true,true,2026-08-02T00:00:00Z,10065,1949,Zemberek master-dictionary + FrequencyWords tr_50k
b3615319-7ca6-5f26-aa5e-c450e273bd1c,YARDA,5,true,true,2026-08-02T00:00:00Z,390,31945,Zemberek master-dictionary + FrequencyWords tr_50k
0beefd54-20df-5fad-93cf-68e01b175975,YARGI,5,true,true,2026-08-02T00:00:00Z,714,20156,Zemberek master-dictionary + FrequencyWords tr_50k
1024bc70-dc0b-52b5-8374-db98a098b6ca,YARIK,5,true,true,2026-08-02T00:00:00Z,734,19723,Zemberek master-dictionary + FrequencyWords tr_50k
e536db03-08e3-53f7-ac64-cd5c9491ca77,YARIM,5,true,true,2026-08-02T00:00:00Z,20069,1007,Zemberek master-dictionary + FrequencyWords tr_50k
d35a9671-9697-540a-854a-69fe17c5b56b,YARIŞ,5,true,true,2026-08-02T00:00:00Z,5372,3598,Zemberek master-dictionary + FrequencyWords tr_50k
c6fb49d2-12ea-5e8c-a53d-6e7e71862653,YASAK,5,true,true,2026-08-02T00:00:00Z,8075,2431,Zemberek master-dictionary + FrequencyWords tr_50k
6279b22a-bbc8-5ece-a220-a895ea9a4406,YASAL,5,true,true,2026-08-02T00:00:00Z,10362,1890,Zemberek master-dictionary + FrequencyWords tr_50k
da1c6de4-fe0e-57ba-9a0d-c6ee24231dff,YATAK,5,true,true,2026-08-02T00:00:00Z,14079,1415,Zemberek master-dictionary + FrequencyWords tr_50k
759ec706-239c-5f27-8f43-3dc19d6909fa,YATAY,5,true,true,2026-08-02T00:00:00Z,526,25475,Zemberek master-dictionary + FrequencyWords tr_50k
7a5f8e2a-c33c-54fc-bce2-351ec4e0f8b3,YATIR,5,true,true,2026-08-02T00:00:00Z,753,19305,Zemberek master-dictionary + FrequencyWords tr_50k
66ee660c-7e70-5df5-97b4-61907e96d6a1,YAVAN,5,true,true,2026-08-02T00:00:00Z,367,33440,Zemberek master-dictionary + FrequencyWords tr_50k
68a84533-3268-5b6f-b84c-ede1f2236511,YAVAŞ,5,true,true,2026-08-02T00:00:00Z,28182,727,Zemberek master-dictionary + FrequencyWords tr_50k
d2805c0a-fb12-5097-9e47-334433017e6c,YAVER,5,true,true,2026-08-02T00:00:00Z,2362,7511,Zemberek master-dictionary + FrequencyWords tr_50k
49828e65-bb52-5330-aa40-8aeb5df75a7f,YAVRU,5,true,true,2026-08-02T00:00:00Z,4128,4554,Zemberek master-dictionary + FrequencyWords tr_50k
4313351a-5f72-59e9-bd8e-96e726adb82e,YAYAN,5,true,true,2026-08-02T00:00:00Z,512,25981,Zemberek master-dictionary + FrequencyWords tr_50k
cef20700-9464-50dd-a5b8-3157670ff1fd,YAYIN,5,true,true,2026-08-02T00:00:00Z,3579,5155,Zemberek master-dictionary + FrequencyWords tr_50k
322b87f2-935f-5ccf-8579-0b03f9e5daad,YAZAR,5,true,true,2026-08-02T00:00:00Z,6670,2925,Zemberek master-dictionary + FrequencyWords tr_50k
3f56db16-a9d1-5178-99b7-cf572a2f20bb,YAZIM,5,true,true,2026-08-02T00:00:00Z,711,20221,Zemberek master-dictionary + FrequencyWords tr_50k
f8a400a8-49e6-51a2-b1c7-a48b01f1397d,YAZIN,5,true,true,2026-08-02T00:00:00Z,3615,5104,Zemberek master-dictionary + FrequencyWords tr_50k
cd9408cb-c370-538f-8c6a-d6ff0d317eea,YAZMA,5,true,true,2026-08-02T00:00:00Z,1647,10192,Zemberek master-dictionary + FrequencyWords tr_50k
6ddbed16-b8ca-5d0f-8158-dcdce5dbd14c,YAĞCI,5,true,true,2026-08-02T00:00:00Z,319,37065,Zemberek master-dictionary + FrequencyWords tr_50k
64db9b54-90d8-5dac-b5bc-f7091fe9ef12,YAĞMA,5,true,true,2026-08-02T00:00:00Z,379,32665,Zemberek master-dictionary + FrequencyWords tr_50k
dcf1b7a9-25d7-5629-8939-a10359f160e1,YAŞAM,5,true,true,2026-08-02T00:00:00Z,17778,1122,Zemberek master-dictionary + FrequencyWords tr_50k
9f25b18e-7a40-5111-a33b-5b31a2d312ec,YEDEK,5,true,true,2026-08-02T00:00:00Z,5284,3656,Zemberek master-dictionary + FrequencyWords tr_50k
4e0025ef-9a00-5428-8d06-c9e3050037b9,YELEK,5,true,true,2026-08-02T00:00:00Z,904,16650,Zemberek master-dictionary + FrequencyWords tr_50k
97439fe0-5dbe-55d7-8476-803a74ae3d5c,YEMİN,5,true,true,2026-08-02T00:00:00Z,30250,686,Zemberek master-dictionary + FrequencyWords tr_50k
872dc49d-2325-5979-b03e-ab597b1eb08f,YEMİŞ,5,true,true,2026-08-02T00:00:00Z,4361,4355,Zemberek master-dictionary + FrequencyWords tr_50k
4852ddac-f1fb-5006-893e-1b91040faf0e,YENİK,5,true,true,2026-08-02T00:00:00Z,782,18752,Zemberek master-dictionary + FrequencyWords tr_50k
27ba6fcf-70a2-5079-a142-eda1a315fd66,YEREL,5,true,true,2026-08-02T00:00:00Z,8889,2194,Zemberek master-dictionary + FrequencyWords tr_50k
620ca146-6825-54c0-ba77-889dc06d2e57,YERLİ,5,true,true,2026-08-02T00:00:00Z,3092,5914,Zemberek master-dictionary + FrequencyWords tr_50k
5998056c-3878-5304-9ee3-5d8cf368809b,YETER,5,true,true,2026-08-02T00:00:00Z,56595,371,Zemberek master-dictionary + FrequencyWords tr_50k
00621fd4-710c-5441-8f2f-8c438c5f796a,YETKİ,5,true,true,2026-08-02T00:00:00Z,3065,5957,Zemberek master-dictionary + FrequencyWords tr_50k
31b45a20-788d-5c98-9177-aaecb201d6b3,YETİM,5,true,true,2026-08-02T00:00:00Z,1269,12666,Zemberek master-dictionary + FrequencyWords tr_50k
36ad3f80-6950-50eb-b483-1b243a995388,YEŞİL,5,true,true,2026-08-02T00:00:00Z,12940,1539,Zemberek master-dictionary + FrequencyWords tr_50k
48cbbbda-eb76-5b3b-a270-4753c3519bef,YEŞİM,5,true,true,2026-08-02T00:00:00Z,492,26773,Zemberek master-dictionary + FrequencyWords tr_50k
524642bf-c505-56b2-b7c2-6b94a821bcfa,YIKIM,5,true,true,2026-08-02T00:00:00Z,1494,11037,Zemberek master-dictionary + FrequencyWords tr_50k
75b375d5-0855-53fc-985c-a64a3d84712e,YILAN,5,true,true,2026-08-02T00:00:00Z,5978,3271,Zemberek master-dictionary + FrequencyWords tr_50k
8637bc5d-305e-5cbe-b758-1ae0eb1e7a8b,YIĞIN,5,true,true,2026-08-02T00:00:00Z,1458,11288,Zemberek master-dictionary + FrequencyWords tr_50k
a0c86839-ee0a-531c-adcc-33a06a12f9f8,YOKUM,5,true,true,2026-08-02T00:00:00Z,2933,6175,Zemberek master-dictionary + FrequencyWords tr_50k
d0c99360-5a95-56e2-bc4c-1fea4c701a4f,YOKUŞ,5,true,true,2026-08-02T00:00:00Z,481,27274,Zemberek master-dictionary + FrequencyWords tr_50k
7825482b-74fa-5e26-8004-355ee75b0bfe,YOLCU,5,true,true,2026-08-02T00:00:00Z,3643,5073,Zemberek master-dictionary + FrequencyWords tr_50k
0109012e-57c0-5260-be00-71c5ea115c44,YONCA,5,true,true,2026-08-02T00:00:00Z,316,37312,Zemberek master-dictionary + FrequencyWords tr_50k
f0cf08a1-3d46-52fa-9ba2-749b29f25df8,YORUM,5,true,true,2026-08-02T00:00:00Z,3741,4958,Zemberek master-dictionary + FrequencyWords tr_50k
85ba6bd2-f5d4-52e0-a98c-2347b3d52a8e,YOSUN,5,true,true,2026-08-02T00:00:00Z,596,23162,Zemberek master-dictionary + FrequencyWords tr_50k
69265a69-ac21-555b-a948-51af6457c1fd,YOĞUN,5,true,true,2026-08-02T00:00:00Z,8950,2182,Zemberek master-dictionary + FrequencyWords tr_50k
b72575dd-b280-56cd-afdf-c1543221fd6c,YUDUM,5,true,true,2026-08-02T00:00:00Z,1802,9420,Zemberek master-dictionary + FrequencyWords tr_50k
4e8614cf-b9b5-5d0a-8335-e416af5902d5,YULAF,5,true,true,2026-08-02T00:00:00Z,1036,14922,Zemberek master-dictionary + FrequencyWords tr_50k
9ae59dff-9bba-5f5e-ac9d-292cd8de764b,YUMRU,5,true,true,2026-08-02T00:00:00Z,383,32360,Zemberek master-dictionary + FrequencyWords tr_50k
3c4d05c9-054a-5bd5-8ee6-5260c5cc2ded,YUNUS,5,true,true,2026-08-02T00:00:00Z,895,16781,Zemberek master-dictionary + FrequencyWords tr_50k
ac2303fd-eaa3-5a34-8dfe-8d6c29e90ed9,YURDU,5,true,true,2026-08-02T00:00:00Z,454,28487,Zemberek master-dictionary + FrequencyWords tr_50k
cddf1359-67ed-5b02-b970-37a1d2dd48b6,YÜREK,5,true,true,2026-08-02T00:00:00Z,1388,11756,Zemberek master-dictionary + FrequencyWords tr_50k
f5528a95-0d1c-5059-8b2f-b4235ee2af10,YÜZDE,5,true,true,2026-08-02T00:00:00Z,9653,2028,Zemberek master-dictionary + FrequencyWords tr_50k
9f245ab8-6f81-5ef4-a133-af2ef48e9cae,YÜZER,5,true,true,2026-08-02T00:00:00Z,433,29552,Zemberek master-dictionary + FrequencyWords tr_50k
08f18d05-a742-5619-a905-6023b64d6083,YÜZEY,5,true,true,2026-08-02T00:00:00Z,914,16489,Zemberek master-dictionary + FrequencyWords tr_50k
e11423cb-5156-5e3e-b13e-20fffc130f80,YÜZÜK,5,true,true,2026-08-02T00:00:00Z,5124,3754,Zemberek master-dictionary + FrequencyWords tr_50k
e689159e-6abe-5224-9907-a74fca492ecf,YİRMİ,5,true,true,2026-08-02T00:00:00Z,8807,2216,Zemberek master-dictionary + FrequencyWords tr_50k
c1a2f120-6da4-54f2-a4a3-06bdc415e668,YİĞİT,5,true,true,2026-08-02T00:00:00Z,648,21720,Zemberek master-dictionary + FrequencyWords tr_50k
54d55a80-54fb-5189-a078-4007940f25ad,ZAFER,5,true,true,2026-08-02T00:00:00Z,6047,3234,Zemberek master-dictionary + FrequencyWords tr_50k
4d9d0962-1e8f-5ca0-bf66-586ed80cbbc2,ZALİM,5,true,true,2026-08-02T00:00:00Z,2703,6669,Zemberek master-dictionary + FrequencyWords tr_50k
3277bd3f-fda8-5163-be62-801ced937a10,ZAMAN,5,true,true,2026-08-02T00:00:00Z,509301,38,Zemberek master-dictionary + FrequencyWords tr_50k
732d6bef-52f3-567b-ab29-bf4f94232974,ZANLI,5,true,true,2026-08-02T00:00:00Z,1205,13202,Zemberek master-dictionary + FrequencyWords tr_50k
2937b177-855f-5c2f-a4dd-5bbd46ba90c8,ZARAR,5,true,true,2026-08-02T00:00:00Z,36524,580,Zemberek master-dictionary + FrequencyWords tr_50k
57b8daa5-c0cd-5423-97ee-7be59bfa13ab,ZARİF,5,true,true,2026-08-02T00:00:00Z,2493,7147,Zemberek master-dictionary + FrequencyWords tr_50k
ec03087a-8455-5132-bd06-af32de87be74,ZAYIF,5,true,true,2026-08-02T00:00:00Z,13046,1525,Zemberek master-dictionary + FrequencyWords tr_50k
3d42783c-bee0-5b95-9757-b89ee546fc55,ZEBRA,5,true,true,2026-08-02T00:00:00Z,620,22473,Zemberek master-dictionary + FrequencyWords tr_50k
fa934a4b-8a68-59e1-9332-952a50f9625f,ZEHİR,5,true,true,2026-08-02T00:00:00Z,4735,4038,Zemberek master-dictionary + FrequencyWords tr_50k
978154b9-4535-5f4b-9979-e826d7709973,ZEMİN,5,true,true,2026-08-02T00:00:00Z,1960,8789,Zemberek master-dictionary + FrequencyWords tr_50k
c8d36668-f3c5-5e1e-ac2c-442dd6c55544,ZENCİ,5,true,true,2026-08-02T00:00:00Z,6908,2840,Zemberek master-dictionary + FrequencyWords tr_50k
c140f79e-04a5-5a09-9f5f-7b4bd005fd9b,ZERRE,5,true,true,2026-08-02T00:00:00Z,1360,11968,Zemberek master-dictionary + FrequencyWords tr_50k
67fa8e71-69c2-5a30-8cec-d513125d122b,ZIMBA,5,true,true,2026-08-02T00:00:00Z,366,33458,Zemberek master-dictionary + FrequencyWords tr_50k
ac1cdeb2-8e33-5ccb-a398-a6ca4305aa0b,ZIRVA,5,true,true,2026-08-02T00:00:00Z,533,25214,Zemberek master-dictionary + FrequencyWords tr_50k
dcae937e-1535-5011-9c7c-8d9478cfb44d,ZIVIR,5,true,true,2026-08-02T00:00:00Z,859,17349,Zemberek master-dictionary + FrequencyWords tr_50k
b21c033d-970d-52c3-8fa4-8f3e9b4277ef,ZOMBİ,5,true,true,2026-08-02T00:00:00Z,2283,7719,Zemberek master-dictionary + FrequencyWords tr_50k
1701c522-43b3-5558-9ec8-d26db79e9e42,ZORBA,5,true,true,2026-08-02T00:00:00Z,954,15961,Zemberek master-dictionary + FrequencyWords tr_50k
813e380c-7092-5780-ae7e-8d707a6b20f7,ZORLA,5,true,true,2026-08-02T00:00:00Z,8855,2205,Zemberek master-dictionary + FrequencyWords tr_50k
66778634-47d2-5406-a2ae-965ca29b970d,ZULÜM,5,true,true,2026-08-02T00:00:00Z,484,27156,Zemberek master-dictionary + FrequencyWords tr_50k
a0ed93d1-c21a-56c5-bdc2-0d3a03c3f446,ZURNA,5,true,true,2026-08-02T00:00:00Z,473,27612,Zemberek master-dictionary + FrequencyWords tr_50k
c336b1fc-dcdf-5e11-b1fd-be5317390f46,ZÜPPE,5,true,true,2026-08-02T00:00:00Z,1315,12294,Zemberek master-dictionary + FrequencyWords tr_50k
01f86042-3408-5ac0-b18d-6e8c928e839e,ZİHİN,5,true,true,2026-08-02T00:00:00Z,1655,10148,Zemberek master-dictionary + FrequencyWords tr_50k
ff63b7c1-a986-5967-8076-8c4d66c7c93f,ZİNDE,5,true,true,2026-08-02T00:00:00Z,411,30744,Zemberek master-dictionary + FrequencyWords tr_50k
514beaac-bd63-5dad-bff4-9e315b15f2b4,ZİRVE,5,true,true,2026-08-02T00:00:00Z,677,20977,Zemberek master-dictionary + FrequencyWords tr_50k
3794d77f-bf13-50d6-8d78-c08717a93bd7,ZİYAN,5,true,true,2026-08-02T00:00:00Z,1577,10569,Zemberek master-dictionary + FrequencyWords tr_50k
08849f81-9559-5de9-9387-86fd6e857d65,ÇADIR,5,true,true,2026-08-02T00:00:00Z,1031,14986,Zemberek master-dictionary + FrequencyWords tr_50k
0fdc3f0e-c985-5376-bf03-fb40a4613734,ÇAKAL,5,true,true,2026-08-02T00:00:00Z,1360,11963,Zemberek master-dictionary + FrequencyWords tr_50k
0cfe82d4-a3f3-5449-8911-fe0435d4bded,ÇAKIL,5,true,true,2026-08-02T00:00:00Z,577,23713,Zemberek master-dictionary + FrequencyWords tr_50k
b71bd8a3-8c7d-5584-84cb-99ec38dd98b4,ÇAKMA,5,true,true,2026-08-02T00:00:00Z,549,24627,Zemberek master-dictionary + FrequencyWords tr_50k
95309698-eefd-511c-a35c-94320697ab83,ÇALAR,5,true,true,2026-08-02T00:00:00Z,3962,4727,Zemberek master-dictionary + FrequencyWords tr_50k
f4293dfd-5378-5cdb-abda-cf9aadf9085b,ÇALMA,5,true,true,2026-08-02T00:00:00Z,1175,13454,Zemberek master-dictionary + FrequencyWords tr_50k
a75857de-e8a3-5091-b0be-ad6db3d5c5d5,ÇAMUR,5,true,true,2026-08-02T00:00:00Z,2604,6890,Zemberek master-dictionary + FrequencyWords tr_50k
8704aaf7-b8e0-5306-9236-b20912b356e5,ÇANAK,5,true,true,2026-08-02T00:00:00Z,513,25964,Zemberek master-dictionary + FrequencyWords tr_50k
6e6717f8-e056-55b5-9f56-1807cbca169d,ÇANTA,5,true,true,2026-08-02T00:00:00Z,4903,3912,Zemberek master-dictionary + FrequencyWords tr_50k
90eafe0b-2a70-5e09-9785-f5194cec6cbe,ÇARPI,5,true,true,2026-08-02T00:00:00Z,539,24996,Zemberek master-dictionary + FrequencyWords tr_50k
e43cc3a5-f2e0-59e5-9a62-7620f350a9e9,ÇATAL,5,true,true,2026-08-02T00:00:00Z,1229,13008,Zemberek master-dictionary + FrequencyWords tr_50k
ad0452c5-0718-55f3-a876-f39d0df1684e,ÇAVUŞ,5,true,true,2026-08-02T00:00:00Z,12734,1565,Zemberek master-dictionary + FrequencyWords tr_50k
2615c6bb-04b3-5ef9-9772-f6d3dee821b1,ÇAYIR,5,true,true,2026-08-02T00:00:00Z,325,36597,Zemberek master-dictionary + FrequencyWords tr_50k
460d61a9-bf77-521b-8370-037d6ca325da,ÇAĞRI,5,true,true,2026-08-02T00:00:00Z,4855,3945,Zemberek master-dictionary + FrequencyWords tr_50k
a18ec10e-77a5-537d-aaef-9fe6a77b1a51,ÇEKER,5,true,true,2026-08-02T00:00:00Z,5064,3790,Zemberek master-dictionary + FrequencyWords tr_50k
48e10742-368d-5d2c-90fe-6aab273c0722,ÇEKME,5,true,true,2026-08-02T00:00:00Z,2654,6771,Zemberek master-dictionary + FrequencyWords tr_50k
d02aa0f5-cb60-5926-9a8b-935174d735a6,ÇEKİM,5,true,true,2026-08-02T00:00:00Z,5670,3436,Zemberek master-dictionary + FrequencyWords tr_50k
6c03110c-3b0e-5d76-aa29-6b4b8511cf07,ÇEKİÇ,5,true,true,2026-08-02T00:00:00Z,1340,12103,Zemberek master-dictionary + FrequencyWords tr_50k
d9f2ea09-0f36-538d-88cc-86c9a1a39464,ÇELLO,5,true,true,2026-08-02T00:00:00Z,391,31876,Zemberek master-dictionary + FrequencyWords tr_50k
55614b86-612d-58ff-8f6c-8d8656aa7542,ÇELİK,5,true,true,2026-08-02T00:00:00Z,3588,5142,Zemberek master-dictionary + FrequencyWords tr_50k
543be62f-1b72-553b-873d-6b19038d71a2,ÇEREZ,5,true,true,2026-08-02T00:00:00Z,546,24737,Zemberek master-dictionary + FrequencyWords tr_50k
44038223-74ad-5892-893e-f1ef2677bf71,ÇETİN,5,true,true,2026-08-02T00:00:00Z,1582,10553,Zemberek master-dictionary + FrequencyWords tr_50k
5a69a320-fa27-5c32-a8c7-be6a39b0bf83,ÇEVRE,5,true,true,2026-08-02T00:00:00Z,2766,6537,Zemberek master-dictionary + FrequencyWords tr_50k
4ed09550-ad8d-583a-a768-2859259ca414,ÇEVİK,5,true,true,2026-08-02T00:00:00Z,550,24607,Zemberek master-dictionary + FrequencyWords tr_50k
8eeb2680-951b-5bc3-a2fe-4b1302257fa8,ÇEYİZ,5,true,true,2026-08-02T00:00:00Z,302,38562,Zemberek master-dictionary + FrequencyWords tr_50k
1c6d5409-073d-57f8-9ad0-73de6535b028,ÇEŞME,5,true,true,2026-08-02T00:00:00Z,371,33132,Zemberek master-dictionary + FrequencyWords tr_50k
648110a7-31cd-53dc-953e-571dbac4d7a3,ÇEŞİT,5,true,true,2026-08-02T00:00:00Z,17753,1125,Zemberek master-dictionary + FrequencyWords tr_50k
c21a9385-cf37-50fa-a8e8-a71aafb1c89d,ÇIKAR,5,true,true,2026-08-02T00:00:00Z,34210,615,Zemberek master-dictionary + FrequencyWords tr_50k
b260cf5d-021f-56dd-b074-6e148c5ebe7e,ÇIKIN,5,true,true,2026-08-02T00:00:00Z,10035,1959,Zemberek master-dictionary + FrequencyWords tr_50k
92817368-1ef7-5d62-b47e-8174e14adbf9,ÇIKIŞ,5,true,true,2026-08-02T00:00:00Z,9643,2030,Zemberek master-dictionary + FrequencyWords tr_50k
0abb5a4c-c276-565b-8f0c-8ac1b995558c,ÇIKMA,5,true,true,2026-08-02T00:00:00Z,8176,2403,Zemberek master-dictionary + FrequencyWords tr_50k
be74c94f-e014-50f1-8041-3b564652387b,ÇIRAK,5,true,true,2026-08-02T00:00:00Z,439,29241,Zemberek master-dictionary + FrequencyWords tr_50k
3d5a0601-0bf0-5015-8b17-5df03fd99e0a,ÇITIR,5,true,true,2026-08-02T00:00:00Z,999,15364,Zemberek master-dictionary + FrequencyWords tr_50k
567a3499-ce77-569e-9abd-2010a0c72918,ÇIĞIR,5,true,true,2026-08-02T00:00:00Z,466,27935,Zemberek master-dictionary + FrequencyWords tr_50k
4bfe07d4-1617-5273-9944-896f38df26db,ÇOBAN,5,true,true,2026-08-02T00:00:00Z,992,15447,Zemberek master-dictionary + FrequencyWords tr_50k
e0fe9555-2c30-5682-861e-b955a288c95d,ÇOCUK,5,true,true,2026-08-02T00:00:00Z,106017,219,Zemberek master-dictionary + FrequencyWords tr_50k
e05766dc-1fb3-5d7c-90c2-4fbea40de46c,ÇOKÇA,5,true,true,2026-08-02T00:00:00Z,687,20748,Zemberek master-dictionary + FrequencyWords tr_50k
531a2cb0-b4cd-5505-8c73-e69e1648bc84,ÇOLUK,5,true,true,2026-08-02T00:00:00Z,324,36667,Zemberek master-dictionary + FrequencyWords tr_50k
f7ac7396-14fc-50f1-82bc-43054fd77d84,ÇORAK,5,true,true,2026-08-02T00:00:00Z,664,21293,Zemberek master-dictionary + FrequencyWords tr_50k
dafbdb20-a352-517e-a650-799053db3c82,ÇORAP,5,true,true,2026-08-02T00:00:00Z,2350,7546,Zemberek master-dictionary + FrequencyWords tr_50k
3466fd37-1b1a-5d4f-b677-a2011d28b82b,ÇORBA,5,true,true,2026-08-02T00:00:00Z,3612,5108,Zemberek master-dictionary + FrequencyWords tr_50k
310a86d1-1e72-5d32-b9b5-be434319fae0,ÇUBUK,5,true,true,2026-08-02T00:00:00Z,1269,12665,Zemberek master-dictionary + FrequencyWords tr_50k
1ccb74cd-4ce2-505a-85c4-b16f3fd2b92c,ÇUKUR,5,true,true,2026-08-02T00:00:00Z,1453,11325,Zemberek master-dictionary + FrequencyWords tr_50k
e9699415-fce2-5d40-9c9c-6bbf6e4269de,ÇUVAL,5,true,true,2026-08-02T00:00:00Z,1054,14702,Zemberek master-dictionary + FrequencyWords tr_50k
fb1958f8-3a2c-591a-982c-b118f421915b,ÇÖMEZ,5,true,true,2026-08-02T00:00:00Z,371,33178,Zemberek master-dictionary + FrequencyWords tr_50k
5ee43b94-ac67-59ad-80a3-2be3081b6678,ÇÖPÇÜ,5,true,true,2026-08-02T00:00:00Z,353,34421,Zemberek master-dictionary + FrequencyWords tr_50k
94938589-7fd7-58b6-83a1-5c57c4e057d4,ÇÖREK,5,true,true,2026-08-02T00:00:00Z,2766,6539,Zemberek master-dictionary + FrequencyWords tr_50k
ccc9e98d-e2c7-5151-b2e5-4cd38d52b46c,ÇÖZÜM,5,true,true,2026-08-02T00:00:00Z,6386,3082,Zemberek master-dictionary + FrequencyWords tr_50k
ac0b53ad-0b67-5296-b386-089684b2c302,ÇÜRÜK,5,true,true,2026-08-02T00:00:00Z,1800,9434,Zemberek master-dictionary + FrequencyWords tr_50k
ffb9b073-95b6-51a8-937b-5c650aca75bc,ÇİFTE,5,true,true,2026-08-02T00:00:00Z,3417,5376,Zemberek master-dictionary + FrequencyWords tr_50k
c582e241-26e7-594b-b32c-4e3701a91995,ÇİLEK,5,true,true,2026-08-02T00:00:00Z,1198,13262,Zemberek master-dictionary + FrequencyWords tr_50k
1523908a-8398-50e8-b9b9-230a5308e88e,ÇİMEN,5,true,true,2026-08-02T00:00:00Z,407,31003,Zemberek master-dictionary + FrequencyWords tr_50k
022bfbdd-7684-51d1-a1d8-60f78d302aad,ÇİZER,5,true,true,2026-08-02T00:00:00Z,314,37458,Zemberek master-dictionary + FrequencyWords tr_50k
8756a4ff-ee50-5f6c-aa9b-1acb0f6f72d1,ÇİZGİ,5,true,true,2026-08-02T00:00:00Z,6457,3045,Zemberek master-dictionary + FrequencyWords tr_50k
29eac8ba-4820-5e79-84bc-809896969f7c,ÇİZME,5,true,true,2026-08-02T00:00:00Z,585,23462,Zemberek master-dictionary + FrequencyWords tr_50k
a3390088-e631-5fab-ab5d-4267c263f59c,ÇİZİK,5,true,true,2026-08-02T00:00:00Z,1364,11925,Zemberek master-dictionary + FrequencyWords tr_50k
06a57c14-c21b-5838-bffc-3bcbaa166b55,ÇİZİM,5,true,true,2026-08-02T00:00:00Z,1116,14059,Zemberek master-dictionary + FrequencyWords tr_50k
a73d14b0-63aa-5cde-8d92-afbc69846cef,ÇİÇEK,5,true,true,2026-08-02T00:00:00Z,9057,2159,Zemberek master-dictionary + FrequencyWords tr_50k
d0617c59-c177-5171-ad5e-6b1d5bd431bc,ÖDLEK,5,true,true,2026-08-02T00:00:00Z,1654,10153,Zemberek master-dictionary + FrequencyWords tr_50k
4ee59b76-0926-5155-aa82-04ab4b62c645,ÖDÜNÇ,5,true,true,2026-08-02T00:00:00Z,8349,2347,Zemberek master-dictionary + FrequencyWords tr_50k
1c26bd97-ef9b-5bff-bde3-5dbd5cfe44e8,ÖKSÜZ,5,true,true,2026-08-02T00:00:00Z,535,25127,Zemberek master-dictionary + FrequencyWords tr_50k
e7560593-6260-518e-976f-3622a1a5191b,ÖLMEZ,5,true,true,2026-08-02T00:00:00Z,862,17302,Zemberek master-dictionary + FrequencyWords tr_50k
d6c6a222-9b80-5ca4-96cc-9882db078f82,ÖLÇÜM,5,true,true,2026-08-02T00:00:00Z,409,30902,Zemberek master-dictionary + FrequencyWords tr_50k
89ff3d88-0a3f-59de-801a-da4d30c29575,ÖNDER,5,true,true,2026-08-02T00:00:00Z,334,35875,Zemberek master-dictionary + FrequencyWords tr_50k
0c1c4728-3f27-5da0-b66b-efb9fe1e2972,ÖNERİ,5,true,true,2026-08-02T00:00:00Z,1181,13402,Zemberek master-dictionary + FrequencyWords tr_50k
7aeb42ac-c86a-5a4d-97f9-a4d15e35b894,ÖNLEM,5,true,true,2026-08-02T00:00:00Z,1504,10974,Zemberek master-dictionary + FrequencyWords tr_50k
f4d79224-8f4e-5268-b19a-0f5c19744691,ÖNLÜK,5,true,true,2026-08-02T00:00:00Z,658,21443,Zemberek master-dictionary + FrequencyWords tr_50k
ab314689-6661-5ee7-a09d-5c3a91e726f7,ÖRDEK,5,true,true,2026-08-02T00:00:00Z,2722,6625,Zemberek master-dictionary + FrequencyWords tr_50k
cb54214a-37ef-5e9c-9cee-3e52c8e4dfa9,ÖRGÜT,5,true,true,2026-08-02T00:00:00Z,842,17639,Zemberek master-dictionary + FrequencyWords tr_50k
bf4ed99b-a191-5350-ad36-c427258e73e3,ÖRNEK,5,true,true,2026-08-02T00:00:00Z,9161,2123,Zemberek master-dictionary + FrequencyWords tr_50k
a1fc759f-d678-5fd1-ba0d-93cd22592a0d,ÖZGÜN,5,true,true,2026-08-02T00:00:00Z,993,15426,Zemberek master-dictionary + FrequencyWords tr_50k
2e15498f-cc41-595c-9a6e-72923c95ecb2,ÖZGÜR,5,true,true,2026-08-02T00:00:00Z,12784,1561,Zemberek master-dictionary + FrequencyWords tr_50k
4c7d5e19-3546-5184-800c-781c7f551c8e,ÖZLEM,5,true,true,2026-08-02T00:00:00Z,579,23641,Zemberek master-dictionary + FrequencyWords tr_50k
de54babb-c681-5b74-96b3-9c9dec09aaa9,ÖĞLEN,5,true,true,2026-08-02T00:00:00Z,5750,3369,Zemberek master-dictionary + FrequencyWords tr_50k
7d5695c8-1fdc-5215-bae1-8a36fec189d7,ÜCRET,5,true,true,2026-08-02T00:00:00Z,2645,6797,Zemberek master-dictionary + FrequencyWords tr_50k
297b1cb5-55ea-5675-b28e-05f7907a9aa9,ÜLSER,5,true,true,2026-08-02T00:00:00Z,303,38455,Zemberek master-dictionary + FrequencyWords tr_50k
99bdeb39-5302-526b-b263-b5539381a617,ÜNİTE,5,true,true,2026-08-02T00:00:00Z,1046,14819,Zemberek master-dictionary + FrequencyWords tr_50k
45e5a4f7-50f3-5c43-a0c4-28a9e228095d,ÜRKEK,5,true,true,2026-08-02T00:00:00Z,470,27754,Zemberek master-dictionary + FrequencyWords tr_50k
968d56d1-f1e1-58c2-b388-c3dee60d8650,ÜSTÜN,5,true,true,2026-08-02T00:00:00Z,4821,3974,Zemberek master-dictionary + FrequencyWords tr_50k
c632d763-389e-5592-bd05-6353197cd2a8,ÜZERİ,5,true,true,2026-08-02T00:00:00Z,1055,14695,Zemberek master-dictionary + FrequencyWords tr_50k
1a6dd8ad-bf47-533a-b816-d481ed302ebb,ÜZGÜN,5,true,true,2026-08-02T00:00:00Z,14478,1382,Zemberek master-dictionary + FrequencyWords tr_50k
d5001552-d4a6-520e-9213-fe0f8ffbadc8,ÜÇGEN,5,true,true,2026-08-02T00:00:00Z,703,20389,Zemberek master-dictionary + FrequencyWords tr_50k
bcef528b-1519-5c28-ba36-9b4b9c68efc4,İBLİS,5,true,true,2026-08-02T00:00:00Z,2488,7159,Zemberek master-dictionary + FrequencyWords tr_50k
518727ec-72d4-570c-853a-d947d8b2335d,İBRET,5,true,true,2026-08-02T00:00:00Z,296,39195,Zemberek master-dictionary + FrequencyWords tr_50k
f93854e8-5888-5019-a761-6c689d0b8bf3,İDARE,5,true,true,2026-08-02T00:00:00Z,10723,1835,Zemberek master-dictionary + FrequencyWords tr_50k
b3a6eff6-5a21-5db8-b8f1-df68d8825fcb,İDDİA,5,true,true,2026-08-02T00:00:00Z,8318,2357,Zemberek master-dictionary + FrequencyWords tr_50k
ab27a59d-0192-51d3-8d15-f5c2166d1a24,İDEAL,5,true,true,2026-08-02T00:00:00Z,1602,10426,Zemberek master-dictionary + FrequencyWords tr_50k
61c4978c-8d52-59a2-b978-5f9dbb389059,İDMAN,5,true,true,2026-08-02T00:00:00Z,504,26310,Zemberek master-dictionary + FrequencyWords tr_50k
6288f3c4-0ab9-522c-92f6-122e0d1b21aa,İDRAK,5,true,true,2026-08-02T00:00:00Z,705,20359,Zemberek master-dictionary + FrequencyWords tr_50k
fde1957e-a152-530a-81fc-081007f5a7dc,İDRAR,5,true,true,2026-08-02T00:00:00Z,1119,14026,Zemberek master-dictionary + FrequencyWords tr_50k
d2f81b8e-8627-5e4c-b752-2ea7d60cd40a,İFADE,5,true,true,2026-08-02T00:00:00Z,19001,1058,Zemberek master-dictionary + FrequencyWords tr_50k
f64264a3-4142-538c-916b-37deade8cd52,İHBAR,5,true,true,2026-08-02T00:00:00Z,3850,4835,Zemberek master-dictionary + FrequencyWords tr_50k
f1a2ac89-d106-5da6-848f-efa3d8bce32f,İHMAL,5,true,true,2026-08-02T00:00:00Z,1925,8902,Zemberek master-dictionary + FrequencyWords tr_50k
80c10e3f-3cde-5ca6-8602-b506c478cc6c,İHRAÇ,5,true,true,2026-08-02T00:00:00Z,425,29985,Zemberek master-dictionary + FrequencyWords tr_50k
57b6a246-c7a7-5443-aa03-6f9de88d718a,İKLİM,5,true,true,2026-08-02T00:00:00Z,577,23711,Zemberek master-dictionary + FrequencyWords tr_50k
dacaa09b-e444-5fde-9526-35015dc19a69,İKMAL,5,true,true,2026-08-02T00:00:00Z,332,35983,Zemberek master-dictionary + FrequencyWords tr_50k
bd9737e2-1228-5367-be14-82a5a1fef268,İKRAM,5,true,true,2026-08-02T00:00:00Z,2557,7006,Zemberek master-dictionary + FrequencyWords tr_50k
51659bdd-1201-59e3-9e45-fe17e67cbcf5,İKSİR,5,true,true,2026-08-02T00:00:00Z,748,19432,Zemberek master-dictionary + FrequencyWords tr_50k
68182d18-8d27-5042-a319-f6868db2bc3a,İLHAM,5,true,true,2026-08-02T00:00:00Z,4679,4075,Zemberek master-dictionary + FrequencyWords tr_50k
3249f87b-4ab8-5746-a740-82cca6bb1ba9,İLKEL,5,true,true,2026-08-02T00:00:00Z,1591,10493,Zemberek master-dictionary + FrequencyWords tr_50k
29a0c3a6-c30d-50fd-99df-d52ae289cb1b,İNANÇ,5,true,true,2026-08-02T00:00:00Z,2016,8570,Zemberek master-dictionary + FrequencyWords tr_50k
cdc941e0-04db-5fa6-81c7-e58f0c003e7c,İNCİR,5,true,true,2026-08-02T00:00:00Z,332,36018,Zemberek master-dictionary + FrequencyWords tr_50k
7d4521df-5d6e-5bc7-9b80-2a0755b9483d,İNFAZ,5,true,true,2026-08-02T00:00:00Z,1628,10289,Zemberek master-dictionary + FrequencyWords tr_50k
e232e16a-29c4-5bc9-8bcb-c2e4b3b8a7c8,İNSAN,5,true,true,2026-08-02T00:00:00Z,67321,324,Zemberek master-dictionary + FrequencyWords tr_50k
009f0e41-2a99-5646-a927-b45b52b2f859,İPLİK,5,true,true,2026-08-02T00:00:00Z,610,22764,Zemberek master-dictionary + FrequencyWords tr_50k
b20cd34c-5a88-5788-a4c8-c4755ccb6e69,İPTAL,5,true,true,2026-08-02T00:00:00Z,13654,1464,Zemberek master-dictionary + FrequencyWords tr_50k
716e741f-0d13-524b-872b-eb331b194ec3,İPUCU,5,true,true,2026-08-02T00:00:00Z,6845,2862,Zemberek master-dictionary + FrequencyWords tr_50k
b9d709d2-fc6d-50ef-bfa1-1d38d17fec34,İRADE,5,true,true,2026-08-02T00:00:00Z,581,23607,Zemberek master-dictionary + FrequencyWords tr_50k
4b079d0a-d9e8-5a9e-afcd-25e3572410f6,İRONİ,5,true,true,2026-08-02T00:00:00Z,355,34257,Zemberek master-dictionary + FrequencyWords tr_50k
fe8cc617-8456-5f3d-8302-05d9a37125d1,İSHAL,5,true,true,2026-08-02T00:00:00Z,545,24776,Zemberek master-dictionary + FrequencyWords tr_50k
9cf142ed-3cf7-596b-9694-091c9d7095f2,İSPAT,5,true,true,2026-08-02T00:00:00Z,1746,9704,Zemberek master-dictionary + FrequencyWords tr_50k
6604036a-b99a-520f-83d3-e300294e937e,İSRAF,5,true,true,2026-08-02T00:00:00Z,696,20534,Zemberek master-dictionary + FrequencyWords tr_50k
aab70371-f0c3-5130-95e4-a8c6dd84123c,İSTEK,5,true,true,2026-08-02T00:00:00Z,1630,10273,Zemberek master-dictionary + FrequencyWords tr_50k
925e8eac-a1b8-5d17-a273-fca239d9a886,İSYAN,5,true,true,2026-08-02T00:00:00Z,1949,8827,Zemberek master-dictionary + FrequencyWords tr_50k
b5666bf5-8739-5875-858e-31d615098970,İTAAT,5,true,true,2026-08-02T00:00:00Z,2594,6916,Zemberek master-dictionary + FrequencyWords tr_50k
3cdb0335-b918-5cd0-add3-cccc64e07888,İTHAF,5,true,true,2026-08-02T00:00:00Z,510,26061,Zemberek master-dictionary + FrequencyWords tr_50k
3d9559f8-ceca-59c6-a731-ba586e4f667e,İTHAL,5,true,true,2026-08-02T00:00:00Z,601,23022,Zemberek master-dictionary + FrequencyWords tr_50k
de29308e-a7a0-5ba1-a9c4-443b281c099c,İTHAM,5,true,true,2026-08-02T00:00:00Z,800,18416,Zemberek master-dictionary + FrequencyWords tr_50k
fd525da0-2967-5b8b-932d-60f0d1608f98,İZOLE,5,true,true,2026-08-02T00:00:00Z,1090,14333,Zemberek master-dictionary + FrequencyWords tr_50k
b0c6070d-e954-58d6-b239-2a1528a87759,İÇTEN,5,true,true,2026-08-02T00:00:00Z,3333,5537,Zemberek master-dictionary + FrequencyWords tr_50k
501e5ced-f57e-5def-bba5-874b7781faea,İŞLEM,5,true,true,2026-08-02T00:00:00Z,2053,8424,Zemberek master-dictionary + FrequencyWords tr_50k
b13b5000-7434-550a-8b0c-eb7457747de0,İŞTAH,5,true,true,2026-08-02T00:00:00Z,367,33416,Zemberek master-dictionary + FrequencyWords tr_50k
f2fd9147-7448-5677-8ae4-89a638abceae,ŞABAN,5,true,true,2026-08-02T00:00:00Z,370,33245,Zemberek master-dictionary + FrequencyWords tr_50k
6e3a6b36-ef40-5e49-874b-32b6e73e1dd6,ŞAFAK,5,true,true,2026-08-02T00:00:00Z,1738,9761,Zemberek master-dictionary + FrequencyWords tr_50k
86ab579e-6b83-5dab-b3d6-f3baf91380dd,ŞAHIS,5,true,true,2026-08-02T00:00:00Z,1034,14948,Zemberek master-dictionary + FrequencyWords tr_50k
2aaaadfb-25de-53f2-b9e7-da4d142a1526,ŞAHSİ,5,true,true,2026-08-02T00:00:00Z,2498,7133,Zemberek master-dictionary + FrequencyWords tr_50k
fd376cf8-0c57-5b12-9365-1b50ba4b0461,ŞAHİN,5,true,true,2026-08-02T00:00:00Z,1524,10872,Zemberek master-dictionary + FrequencyWords tr_50k
2b79d0ac-9937-5e3e-9adb-09780028231a,ŞAHİT,5,true,true,2026-08-02T00:00:00Z,3766,4925,Zemberek master-dictionary + FrequencyWords tr_50k
36277d04-5e5c-58be-ac2a-a999f8333888,ŞAMAN,5,true,true,2026-08-02T00:00:00Z,477,27449,Zemberek master-dictionary + FrequencyWords tr_50k
5a26cbab-fd2a-54ca-9bbf-a7b56f87dc05,ŞAPKA,5,true,true,2026-08-02T00:00:00Z,5145,3738,Zemberek master-dictionary + FrequencyWords tr_50k
6626fbb6-ef0a-5439-a5da-d951cfd0ed29,ŞARKI,5,true,true,2026-08-02T00:00:00Z,26765,767,Zemberek master-dictionary + FrequencyWords tr_50k
e7ba13e1-7a56-5d98-a24b-6eeec40a049b,ŞAYAN,5,true,true,2026-08-02T00:00:00Z,567,24031,Zemberek master-dictionary + FrequencyWords tr_50k
f89314ea-9ed4-52e2-921d-6979befdd91e,ŞAYET,5,true,true,2026-08-02T00:00:00Z,3165,5779,Zemberek master-dictionary + FrequencyWords tr_50k
ae1c4534-7025-5a49-88fe-01639e591d31,ŞEHİR,5,true,true,2026-08-02T00:00:00Z,20907,975,Zemberek master-dictionary + FrequencyWords tr_50k
fdbbb4fd-0a9f-58c1-8b67-20e48f93226d,ŞEHİT,5,true,true,2026-08-02T00:00:00Z,856,17404,Zemberek master-dictionary + FrequencyWords tr_50k
67f1b39e-7eda-5cb2-b13d-76ba042bd20d,ŞEKER,5,true,true,2026-08-02T00:00:00Z,14419,1386,Zemberek master-dictionary + FrequencyWords tr_50k
50c3e6f8-1641-595b-b78c-957022c0d899,ŞEKİL,5,true,true,2026-08-02T00:00:00Z,3040,6001,Zemberek master-dictionary + FrequencyWords tr_50k
d6031b98-9744-5121-bbb9-85f6bd751da9,ŞEREF,5,true,true,2026-08-02T00:00:00Z,3147,5812,Zemberek master-dictionary + FrequencyWords tr_50k
a87cc13b-971d-500f-b63a-dbdda314e15e,ŞERİF,5,true,true,2026-08-02T00:00:00Z,12896,1547,Zemberek master-dictionary + FrequencyWords tr_50k
b7915ca9-d910-5c78-abd8-28308ec24762,ŞERİT,5,true,true,2026-08-02T00:00:00Z,590,23333,Zemberek master-dictionary + FrequencyWords tr_50k
0335697c-ca2b-5c57-854e-9b16de889289,ŞINAV,5,true,true,2026-08-02T00:00:00Z,506,26218,Zemberek master-dictionary + FrequencyWords tr_50k
61a7f50e-93a3-582a-99d9-4e7a9a53025a,ŞOFÖR,5,true,true,2026-08-02T00:00:00Z,2516,7092,Zemberek master-dictionary + FrequencyWords tr_50k
a1d732fe-6933-5819-a752-22340d1c5d87,ŞUBAT,5,true,true,2026-08-02T00:00:00Z,2014,8580,Zemberek master-dictionary + FrequencyWords tr_50k
5e3bd502-ec14-5de0-a8d6-f76ba763b805,ŞÖLEN,5,true,true,2026-08-02T00:00:00Z,335,35795,Zemberek master-dictionary + FrequencyWords tr_50k
35ae5e17-ffaa-5b86-ade7-ecdaa430b22e,ŞÖYLE,5,true,true,2026-08-02T00:00:00Z,32952,637,Zemberek master-dictionary + FrequencyWords tr_50k
9e334edb-ae32-5876-99ce-dd9e0bab72cc,ŞÜKÜR,5,true,true,2026-08-02T00:00:00Z,11419,1722,Zemberek master-dictionary + FrequencyWords tr_50k
81131afd-3c98-5fe6-8392-d7b60c3f37af,ŞÜPHE,5,true,true,2026-08-02T00:00:00Z,7998,2456,Zemberek master-dictionary + FrequencyWords tr_50k
6cf75220-b55f-5f78-ad08-76f631c315fa,ŞİFRE,5,true,true,2026-08-02T00:00:00Z,3149,5807,Zemberek master-dictionary + FrequencyWords tr_50k
7dd32888-c700-5124-b11e-b98888217353,ŞİLİN,5,true,true,2026-08-02T00:00:00Z,722,19977,Zemberek master-dictionary + FrequencyWords tr_50k
5df95e3c-f169-5227-8426-80ee02902c9e,ŞİRİN,5,true,true,2026-08-02T00:00:00Z,7127,2757,Zemberek master-dictionary + FrequencyWords tr_50k
bd5cf72a-0c33-5425-9e47-557bf91184b1,ŞİŞKO,5,true,true,2026-08-02T00:00:00Z,5714,3395,Zemberek master-dictionary + FrequencyWords tr_50k
